episode,reward,energy_kwh,carbon_gco2eq,sla_violations,dropped_vms,epsilon,avg_loss
1,-912.8999999999986,9.50937499999994,1711.6875,0.0,0,0.9340043510206455,0.026395939216369808
2,-920.3999999999961,9.58749999999995,1725.75,0.0,0,0.8725933606562447,0.15275296057134444
3,-926.9999999999957,9.65624999999997,1738.125,0.0,0,0.8154485367798057,0.24337335396558046
4,-898.7999999999965,9.362499999999947,1685.25,0.0,0,0.7622735126270892,0.2436391515036424
5,-917.6999999999971,9.55937499999995,1720.6875,0.0,0,0.7127925097674795,0.2638264735746715
6,-947.9999999999956,9.87499999999996,1777.5,0.0,0,0.6667489078508901,0.2660580747553872
7,-904.7999999999972,9.424999999999928,1696.5,0.0,0,0.6239039137130715,0.2815384484258377
8,-890.3999999999985,9.274999999999933,1669.5,0.0,0,0.5840353229369813,0.26988362302589747
9,-919.4999999999993,9.578124999999925,1724.0625,0.0,0,0.5469363674473757,0.2543511983576334
10,-932.0999999999963,9.709374999999943,1747.6875,0.0,0,0.512414643161973,0.24012914221061188
11,-887.0999999999982,9.240624999999902,1663.3125,0.0,0,0.4802911121377298,0.27847417275317843
12,-916.4999999999981,9.54687499999993,1718.4375,0.0,0,0.4503991740371217,0.26693926374945376
13,-921.8999999999978,9.603124999999933,1728.5625,0.0,0,0.4225838020988297,0.2566195659442908
14,-908.3999999999978,9.462499999999931,1703.25,0.0,0,0.396700739131769,0.2599630018282268
15,-917.6999999999969,9.55937499999996,1720.6875,0.0,0,0.37261574936269215,0.2657861165650603
16,-879.2999999999994,9.159374999999923,1648.6875,0.0,0,0.35020392225726943,0.27987685402751794
17,-941.6999999999985,9.809374999999926,1765.6875,0.0,0,0.32934902470409444,0.289013521036961
18,-884.6999999999985,9.215624999999939,1658.8125,0.0,0,0.30994289820188764,0.2887824458742721
19,-866.9999999999983,9.031249999999924,1625.625,0.0,0,0.29188489792356354,0.29119505326574047
20,-895.7999999999971,9.331249999999956,1679.625,0.0,0,0.27508137074801564,0.2860436084162858
21,-889.1999999999989,9.262499999999925,1667.25,0.0,0,0.25944516955256514,0.27028966386699016
22,-883.1999999999965,9.199999999999951,1656.0,0.0,0,0.2448952012470783,0.3045808003180557
23,-925.499999999996,9.640624999999929,1735.3125,0.0,0,0.23135600620574903,0.2914669158040649
24,-899.3999999999968,9.368749999999922,1686.375,0.0,0,0.21875736691537823,0.3006241561431024
25,-907.799999999996,9.45624999999995,1702.125,0.0,0,0.20703394381050721,0.30496634541389844
26,-917.6999999999981,9.559374999999923,1720.6875,0.0,0,0.19612493640675782,0.3357793763590356
27,-870.9000000000002,9.071874999999936,1632.9375,0.0,0,0.1859737679749358,0.32735273623062916
28,-866.3999999999999,9.024999999999904,1624.5,0.0,0,0.17652779212054204,0.3286081586757468
29,-887.3999999999978,9.24374999999993,1663.875,0.0,0,0.16773801974694202,0.3072757591234727
30,-912.8999999999979,9.509374999999931,1711.6875,0.0,0,0.1595588649861594,0.30771587134545875
31,-929.0999999999999,9.67812499999991,1742.0625,0.0,0,0.15194790877962983,0.3163700799509469
32,-890.6999999999974,9.278124999999921,1670.0625,0.0,0,0.14486567888278806,0.3291331980325696
33,-943.1999999999971,9.824999999999944,1768.5,0.0,0,0.13827544515253895,0.3363811144320708
34,-919.199999999998,9.574999999999939,1723.5,0.0,0,0.132143029055925,0.3102851672227391
35,-937.1999999999996,9.762499999999937,1757.25,0.0,0,0.12643662641205583,0.3204622544865641
36,-951.5999999999987,9.912499999999937,1784.25,0.0,0,0.12112664244799676,0.30712029594514106
37,-898.7999999999972,9.36249999999996,1685.25,0.0,0,0.11618553831317775,0.3272558445421358
38,-903.5999999999976,9.41249999999994,1694.25,0.0,0,0.11158768825630816,0.34772246812677216
39,-881.399999999996,9.181249999999935,1652.625,0.0,0,0.10730924672408373,0.3773883135885828
40,-929.3999999999968,9.68124999999995,1742.625,0.0,0,0.10332802469242704,0.34607302395937345
41,-938.0999999999979,9.771874999999964,1758.9375,0.0,0,0.09962337458888623,0.31700429839806427
42,-898.4999999999987,9.359374999999929,1684.6875,0.0,0,0.09617608320937132,0.3406364911339349
43,-878.399999999998,9.149999999999924,1647.0,0.0,0,0.09296827207386907,0.32143764709018996
44,-927.8999999999975,9.665624999999954,1739.8125,0.0,0,0.089983304704357,0.32812798502337603
45,-919.7999999999971,9.58124999999994,1724.625,0.0,0,0.08720570034403771,0.34073496653905344
46,-926.6999999999985,9.65312499999996,1737.5625,0.0,0,0.08462105367042072,0.34485869547093495
47,-916.1999999999989,9.54374999999993,1717.875,0.0,0,0.08221596008586442,0.3201165794912312
48,-913.4999999999978,9.515624999999936,1712.8125,0.0,0,0.07997794619811746,0.32629397781048386
49,-912.2999999999988,9.503124999999931,1710.5625,0.0,0,0.07789540513031437,0.3087387565212945
50,-896.0999999999976,9.33437499999994,1680.1875,0.0,0,0.07595753632492794,0.3301973436648647
51,-941.0999999999984,9.803124999999934,1764.5625,0.0,0,0.0741542895294871,0.3366103082688318
52,-894.2999999999972,9.315624999999944,1676.8125,0.0,0,0.07247631267355686,0.33997107135752835
53,-906.8999999999982,9.446874999999945,1700.4375,0.0,0,0.07091490336665762,0.37580530409080287
54,-890.3999999999967,9.274999999999945,1669.5,0.0,0,0.06946196376558073,0.33000777675252824
55,-919.4999999999969,9.578124999999927,1724.0625,0.0,0,0.06810995857703106,0.32195206094119283
56,-886.4999999999978,9.234374999999936,1662.1875,0.0,0,0.06685187597778854,0.3383582935875489
57,-944.0999999999956,9.834374999999959,1770.1875,0.0,0,0.0656811912497109,0.32979154519012405
58,-898.1999999999974,9.356249999999939,1684.125,0.0,0,0.06459183294098032,0.34216359198196894
59,-933.5999999999995,9.724999999999932,1750.5,0.0,0,0.06357815137809789,0.3440216815720002
60,-894.8999999999985,9.321874999999917,1677.9375,0.0,0,0.06263488936532158,0.3260053172345377
61,-894.8999999999988,9.321874999999933,1677.9375,0.0,0,0.061757154919588164,0.3117339462610996
62,-897.299999999997,9.346874999999965,1682.4375,0.0,0,0.0609403958995155,0.32339507665019485
63,-910.7999999999982,9.487499999999924,1707.75,0.0,0,0.06018037639690541,0.3205524792144489
64,-923.6999999999969,9.62187499999994,1731.9375,0.0,0,0.05947315476830765,0.34174938633934493
65,-862.2000000000003,8.981249999999898,1616.625,0.0,0,0.05881506319271151,0.33203501765512755
66,-902.0999999999985,9.396874999999932,1691.4375,0.0,0,0.058202688649346225,0.325987620315411
67,-918.5999999999999,9.568749999999925,1722.375,0.0,0,0.057632855216936556,0.33180883217396007
68,-930.8999999999976,9.696874999999947,1745.4375,0.0,0,0.05710260760261321,0.3791307991060118
69,-914.6999999999972,9.528124999999898,1715.0625,0.0,0,0.05660919581505515,0.3180187515293558
70,-921.2999999999986,9.596874999999926,1727.4375,0.0,0,0.05615006090237494,0.3274169921668039
71,-919.199999999999,9.574999999999935,1723.5,0.0,0,0.055722821680780424,0.32485345488207207
72,-884.3999999999958,9.212499999999944,1658.25,0.0,0,0.0553252623851844,0.37139587169513105
73,-932.3999999999971,9.71249999999997,1748.25,0.0,0,0.05495532117771536,0.3132200131710205
74,-935.6999999999979,9.746874999999973,1754.4375,0.0,0,0.05461107945453171,0.35048621360005605
75,-926.4000000000017,9.649999999999924,1737.0,0.0,0,0.054290751895482034,0.33570662322454153
76,-886.1999999999967,9.23124999999993,1661.625,0.0,0,0.05399267720500653,0.33541037071392765
77,-920.3999999999992,9.587499999999931,1725.75,0.0,0,0.05371530949625971,0.36055562490493887
78,-934.1999999999996,9.731249999999948,1751.625,0.0,0,0.05345721027377043,0.33934187813558514
79,-910.4999999999965,9.484374999999925,1707.1875,0.0,0,0.0532170409730593,0.3376137686557033
80,-906.8999999999966,9.446874999999935,1700.4375,0.0,0,0.05299355601852222,0.38184474837034943
81,-944.9999999999981,9.84374999999995,1771.875,0.0,0,0.052785596363576506,0.3296110473133417
82,-916.7999999999975,9.549999999999937,1719.0,0.0,0,0.052592083479567286,0.36410383157328596
83,-912.5999999999976,9.506249999999952,1711.125,0.0,0,0.05241201376225917,0.32831407276810043
84,-918.8999999999985,9.57187499999993,1722.9375,0.0,0,0.052244453326903986,0.32097550411708653
85,-934.799999999997,9.73749999999992,1752.75,0.0,0,0.052088533164890406,0.3028419598730074
86,-925.1999999999985,9.637499999999964,1734.75,0.0,0,0.051943444636856885,0.2963833433239617
87,-904.799999999998,9.424999999999939,1696.5,0.0,0,0.05180843527889392,0.30873881685547533
88,-942.8999999999983,9.821874999999965,1767.9375,0.0,0,0.05168280490008575,0.36433478297355276
89,-938.3999999999986,9.774999999999965,1759.5,0.0,0,0.05156590195115228,0.39795098263873824
90,-926.099999999995,9.646874999999962,1736.4375,0.0,0,0.05145712014535824,0.3711699386075553
91,-902.6999999999981,9.403124999999942,1692.5625,0.0,0,0.05135589531416476,0.34473678737671837
92,-920.9999999999976,9.59374999999995,1726.875,0.0,0,0.05126170248131595,0.3356670824603902
93,-927.9000000000004,9.665624999999917,1739.8125,0.0,0,0.05117405314018615,0.3445945319874833
94,-942.8999999999975,9.821874999999936,1767.9375,0.0,0,0.051092492720267384,0.33435662631980245
95,-926.6999999999963,9.653124999999955,1737.5625,0.0,0,0.05101659822965763,0.34740613227865347
96,-908.6999999999986,9.465624999999942,1703.8125,0.0,0,0.050945976061323395,0.3471810928856333
97,-919.199999999998,9.574999999999946,1723.5,0.0,0,0.05088025995175922,0.3624706353371342
98,-901.7999999999993,9.39374999999994,1690.875,0.0,0,0.05081910908145723,0.36884541323201525
99,-925.4999999999985,9.640624999999956,1735.3125,0.0,0,0.050762206307335495,0.3178477472832633
100,-957.8999999999987,9.978124999999947,1796.0625,0.0,0,0.05070925651795785,0.31589682679623365
101,-918.899999999998,9.571874999999935,1722.9375,0.0,0,0.050659985103015254,0.3171277807637428
102,-914.3999999999969,9.52499999999996,1714.5,0.0,0,0.05061413652913083,0.3491740748131027
103,-906.2999999999975,9.440624999999926,1699.3125,0.0,0,0.0505714730146025,0.3281351524974323
104,-922.7999999999975,9.612499999999947,1730.25,0.0,0,0.050531773296209996,0.36476555052730775
105,-882.5999999999959,9.193749999999934,1654.875,0.0,0,0.05049483148169077,0.33190996777266263
106,-908.6999999999972,9.465624999999942,1703.8125,0.0,0,0.05046045598193329,0.34011023587340283
107,-933.5999999999988,9.724999999999932,1750.5,0.0,0,0.050428468517350014,0.3438622784645607
108,-932.699999999998,9.71562499999993,1748.8125,0.0,0,0.05039870319327661,0.3337139716734075
109,-923.9999999999964,9.624999999999961,1732.5,0.0,0,0.05037100563960247,0.3793767665254159
110,-889.7999999999973,9.26874999999992,1668.375,0.0,0,0.0503452322101703,0.3206319043878466
111,-881.3999999999986,9.18124999999993,1652.625,0.0,0,0.05032124923779265,0.3302033758308325
112,-916.4999999999997,9.546874999999936,1718.4375,0.0,0,0.05029893234102186,0.3215174162760377
113,-933.0000000000003,9.718749999999918,1749.375,0.0,0,0.05027816577907802,0.3724320451625519
114,-906.2999999999967,9.440624999999951,1699.3125,0.0,0,0.050258841851589485,0.3428341963690602
115,-930.5999999999954,9.693749999999945,1744.875,0.0,0,0.050240860340033,0.3080229134298861
116,-899.9999999999987,9.374999999999934,1687.5,0.0,0,0.0502241279879763,0.30505772694531413
117,-895.4999999999997,9.328124999999927,1679.0625,0.0,0,0.05020855801742795,0.33313665851019325
118,-899.6999999999982,9.37187499999993,1686.9375,0.0,0,0.050194069678785834,0.3426983291748911
119,-902.099999999996,9.396874999999937,1691.4375,0.0,0,0.05018058783205038,0.366082042383237
120,-908.6999999999975,9.465624999999934,1703.8125,0.0,0,0.05016804255713044,0.33241460484245583
121,-880.1999999999965,9.168749999999918,1650.375,0.0,0,0.050156368791221,0.3697185523549302
122,-893.6999999999974,9.30937499999995,1675.6875,0.0,0,0.05014550599137179,0.3465892975166854
123,-900.5999999999968,9.381249999999978,1688.625,0.0,0,0.050135397820497085,0.3622460283132063
124,-879.2999999999956,9.159374999999939,1648.6875,0.0,0,0.05012599185519804,0.33837349528653754
125,-903.8999999999969,9.41562499999994,1694.8125,0.0,0,0.05011723931388235,0.33757192405044206
126,-910.7999999999971,9.487499999999958,1707.75,0.0,0,0.05010909480377123,0.3463586207841419
127,-928.1999999999971,9.668749999999944,1740.375,0.0,0,0.05010151608548159,0.32849305721206795
128,-893.6999999999986,9.309374999999928,1675.6875,0.0,0,0.050094463853962434,0.3471877511073318
129,-916.7999999999982,9.549999999999931,1719.0,0.0,0,0.05008790153464944,0.34004605411448413
130,-912.8999999999986,9.50937499999994,1711.6875,0.0,0,0.05008179509378052,0.31608442339218323
131,-906.8999999999977,9.446874999999947,1700.4375,0.0,0,0.05007611286188855,0.33816730733960865
132,-920.3999999999982,9.587499999999952,1725.75,0.0,0,0.05007082536955591,0.3271225065096385
133,-899.6999999999987,9.371874999999939,1686.9375,0.0,0,0.05006590519457902,0.3390009599427382
134,-919.4999999999968,9.578124999999943,1724.0625,0.0,0,0.05006132681975023,0.3368390574430426
135,-927.5999999999985,9.662499999999943,1739.25,0.0,0,0.050057066500519436,0.3413497992532535
136,-902.399999999997,9.399999999999935,1692.0,0.0,0,0.05005310214184916,0.3240124904136691
137,-918.5999999999971,9.568749999999952,1722.375,0.0,0,0.050049413183624394,0.34113928083226913
138,-903.2999999999993,9.409374999999912,1693.6875,0.0,0,0.05004598049402289,0.3274419755002277
139,-933.8999999999984,9.728124999999944,1751.0625,0.0,0,0.05004278627029296,0.3217754133614815
140,-942.2999999999984,9.81562499999997,1766.8125,0.0,0,0.05003981394642413,0.3479637941293832
141,-916.7999999999963,9.54999999999994,1719.0,0.0,0,0.05003704810723183,0.31902390725445
142,-910.1999999999983,9.481249999999937,1706.625,0.0,0,0.05003447440841054,0.34895688509568573
143,-926.0999999999967,9.646874999999948,1736.4375,0.0,0,0.05003207950214082,0.33029142825139896
144,-918.599999999997,9.56874999999997,1722.375,0.0,0,0.050029850967864276,0.33003216333066426
145,-947.099999999998,9.865624999999943,1775.8125,0.0,0,0.050027777247867576,0.3151720270773189
146,-895.4999999999983,9.328124999999917,1679.0625,0.0,0,0.05002584758734139,0.34855677443039085
147,-910.4999999999986,9.484374999999938,1707.1875,0.0,0,0.05002405197860334,0.34626224230871433
148,-911.9999999999986,9.499999999999925,1710.0,0.0,0,0.050022381109195796,0.34921960624762705
149,-897.2999999999955,9.346874999999939,1682.4375,0.0,0,0.050020826313589214,0.34550529672867725
150,-860.9999999999984,8.968749999999918,1614.375,0.0,0,0.050019379528240614,0.3598647337251653
151,-938.0999999999984,9.771874999999968,1758.9375,0.0,0,0.05001803324977414,0.3414384709153738
152,-921.2999999999968,9.596874999999944,1727.4375,0.0,0,0.05001678049606672,0.336497421329841
153,-889.799999999996,9.268749999999939,1668.375,0.0,0,0.05001561477003712,0.3395297148420165
154,-914.3999999999979,9.524999999999912,1714.5,0.0,0,0.05001453002595053,0.32870980864908134
155,-887.6999999999988,9.246874999999916,1664.4375,0.0,0,0.050013520638063906,0.3285428502260604
156,-924.5999999999972,9.631249999999957,1733.625,0.0,0,0.050012581371449545,0.37092219182134917
157,-887.9999999999982,9.249999999999936,1665.0,0.0,0,0.050011707354845475,0.3770157219117714
158,-903.5999999999976,9.412499999999932,1694.25,0.0,0,0.05001089405539194,0.32098581183494795
159,-935.0999999999963,9.740624999999959,1753.3125,0.0,0,0.050010137255122884,0.33756315847341384
160,-908.3999999999987,9.462499999999938,1703.25,0.0,0,0.05000943302909056,0.35012597621728975
161,-905.9999999999965,9.437499999999932,1698.75,0.0,0,0.050008777725009855,0.35689117460925546
162,-945.8999999999974,9.853124999999968,1773.5625,0.0,0,0.0500081679443166,0.3463592833580656
163,-917.999999999999,9.56249999999994,1721.25,0.0,0,0.05000760052454187,0.34541515388732985
164,-957.5999999999992,9.974999999999941,1795.5,0.0,0,0.050007072522910576,0.35236769546237257
165,-895.7999999999979,9.331249999999935,1679.625,0.0,0,0.050006581201079627,0.3453227518333329
166,-906.5999999999972,9.44374999999995,1699.875,0.0,0,0.05000612401093614,0.33069219273101125
167,-923.3999999999983,9.618749999999949,1731.375,0.0,0,0.05000569858138236,0.3264429468351106
168,-877.8000000000001,9.14374999999991,1645.875,0.0,0,0.05000530270603858,0.36306646550850324
169,-898.1999999999974,9.356249999999962,1684.125,0.0,0,0.0500049343318003,0.346227736160573
170,-898.5000000000002,9.359374999999925,1684.6875,0.0,0,0.05000459154819037,0.3317611449967242
171,-918.5999999999976,9.568749999999946,1722.375,0.0,0,0.05000427257745074,0.33173982506721383
172,-909.5999999999975,9.474999999999932,1705.5,0.0,0,0.050003975765322665,0.3129515128520628
173,-907.1999999999977,9.449999999999937,1701.0,0.0,0,0.05000369957246723,0.3287592864026212
174,-897.2999999999976,9.346874999999935,1682.4375,0.0,0,0.05000344256648205,0.3310879941460573
175,-881.9999999999981,9.187499999999924,1653.75,0.0,0,0.05000320341447243,0.32543944204743536
176,-902.9999999999977,9.406249999999938,1693.125,0.0,0,0.05000298087613869,0.3573664701905929
177,-929.0999999999964,9.678124999999968,1742.0625,0.0,0,0.050002773797343636,0.34516322103122044
178,-863.6999999999989,8.99687499999992,1619.4375,0.0,0,0.050002581104126975,0.3519299803612133
179,-924.2999999999957,9.628124999999935,1733.0625,0.0,0,0.05000240179713546,0.32279406803556615
180,-903.8999999999976,9.415624999999933,1694.8125,0.0,0,0.05000223494644001,0.3234287664035542
181,-897.8999999999958,9.353124999999945,1683.5625,0.0,0,0.050002079686712914,0.33625442897900937
182,-915.599999999997,9.537499999999941,1716.75,0.0,0,0.050001935212739976,0.3135689472572671
183,-904.7999999999976,9.424999999999942,1696.5,0.0,0,0.05000180077524451,0.32706460043684477
184,-923.3999999999976,9.618749999999922,1731.375,0.0,0,0.050001675677001436,0.3461649850321313
185,-933.5999999999972,9.724999999999952,1750.5,0.0,0,0.05000155926922124,0.30825211686703063
186,-924.5999999999973,9.631249999999957,1733.625,0.0,0,0.05000145094818525,0.3324779747726603
187,-905.6999999999986,9.43437499999993,1698.1875,0.0,0,0.05000135015211459,0.3366451732684962
188,-889.1999999999979,9.26249999999993,1667.25,0.0,0,0.050001256358256675,0.35314238236751405
189,-900.8999999999962,9.384374999999936,1689.1875,0.0,0,0.05000116908017404,0.30678238216528875
190,-920.0999999999979,9.584374999999941,1725.1875,0.0,0,0.05000108786522163,0.32007270771233987
191,-901.4999999999962,9.390624999999936,1690.3125,0.0,0,0.0500010122921992,0.3418311215316256
192,-909.5999999999985,9.474999999999918,1705.5,0.0,0,0.05000094196916695,0.33932667438768677
193,-905.3999999999959,9.431249999999956,1697.625,0.0,0,0.05000087653141275,0.3227717066183686
194,-915.8999999999968,9.540624999999942,1717.3125,0.0,0,0.05000081563956071,0.34001631600937493
195,-926.3999999999986,9.649999999999958,1737.0,0.0,0,0.05000075897781109,0.3098698518756363
196,-928.4999999999977,9.671874999999957,1740.9375,0.0,0,0.05000070625230245,0.34813247106244993
197,-944.9999999999975,9.843749999999934,1771.875,0.0,0,0.05000065718958767,0.3166124458140176
198,-928.1999999999967,9.66874999999996,1740.375,0.0,0,0.05000061153521573,0.3321393269786818
199,-924.2999999999973,9.628124999999944,1733.0625,0.0,0,0.05000056905241212,0.34999445183202627
200,-910.1999999999995,9.481249999999921,1706.625,0.0,0,0.05000052952085081,0.3826150509321855
201,-899.9999999999966,9.374999999999948,1687.5,0.0,0,0.05000049273551165,0.3486362386184434
202,-922.4999999999977,9.609374999999938,1729.6875,0.0,0,0.05000045850561706,0.3428032350053804
203,-925.1999999999987,9.637499999999939,1734.75,0.0,0,0.05000042665364258,0.37651140549116663
204,-873.2999999999985,9.09687499999992,1637.4375,0.0,0,0.05000039701439623,0.36440803930163385
205,-907.4999999999978,9.45312499999994,1701.5625,0.0,0,0.05000036943416177,0.3426201168240772
206,-924.2999999999975,9.628124999999962,1733.0625,0.0,0,0.0500003437699015,0.3367527340900981
207,-899.0999999999981,9.365624999999936,1685.8125,0.0,0,0.050000319888514395,0.3602423734704239
208,-920.0999999999987,9.584374999999943,1725.1875,0.0,0,0.05000029766614586,0.3591694290853209
209,-932.3999999999985,9.712499999999942,1748.25,0.0,0,0.050000276987545354,0.33361121540785665
210,-920.0999999999971,9.58437499999996,1725.1875,0.0,0,0.050000257745468714,0.3467351978722339
211,-895.4999999999982,9.328124999999932,1679.0625,0.0,0,0.05000023984012189,0.33585132374945614
212,-933.8999999999978,9.728124999999922,1751.0625,0.0,0,0.05000022317864347,0.351718326828753
213,-892.4999999999967,9.296874999999917,1673.4375,0.0,0,0.050000207674623036,0.3335940155873282
214,-898.7999999999986,9.362499999999926,1685.25,0.0,0,0.050000193247653014,0.35469904080964626
215,-920.9999999999972,9.593749999999934,1726.875,0.0,0,0.050000179822911675,0.354707128347622
216,-901.4999999999972,9.390624999999943,1690.3125,0.0,0,0.050000167330775086,0.37871577352699304
217,-891.5999999999991,9.287499999999937,1671.75,0.0,0,0.05000015570645604,0.35187143931268816
218,-947.399999999998,9.868749999999942,1776.375,0.0,0,0.05000014488966802,0.3580691915729807
219,-901.1999999999969,9.387499999999942,1689.75,0.0,0,0.05000013482431258,0.3190666435286403
220,-964.1999999999957,10.043749999999967,1807.875,0.0,0,0.05000012545818836,0.33445421198589936
221,-923.3999999999994,9.61874999999992,1731.375,0.0,0,0.0500001167427204,0.3130503066246294
222,-903.8999999999979,9.41562499999992,1694.8125,0.0,0,0.05000010863270819,0.3280016915070721
223,-915.2999999999977,9.534374999999937,1716.1875,0.0,0,0.05000010108609127,0.3485907600519972
224,-931.4999999999992,9.703124999999941,1746.5625,0.0,0,0.050000094063731064,0.33425135317568977
225,-909.5999999999976,9.474999999999948,1705.5,0.0,0,0.05000008752920793,0.3169999234455948
226,-899.999999999999,9.374999999999936,1687.5,0.0,0,0.050000081448632265,0.356745514822089
227,-889.1999999999969,9.262499999999948,1667.25,0.0,0,0.050000075790468744,0.35805503103571634
228,-916.7999999999985,9.549999999999942,1719.0,0.0,0,0.050000070525372774,0.35080833975743086
229,-920.0999999999979,9.584374999999957,1725.1875,0.0,0,0.05000006562603831,0.32960775469740233
230,-891.5999999999991,9.287499999999918,1671.75,0.0,0,0.05000006106705621,0.32972558113849826
231,-931.7999999999976,9.706249999999942,1747.125,0.0,0,0.05000005682478252,0.34720739965171865
232,-880.7999999999956,9.174999999999933,1651.5,0.0,0,0.05000005287721579,0.36261959350667894
233,-896.3999999999975,9.337499999999933,1680.75,0.0,0,0.05000004920388297,0.3433224084968161
234,-890.0999999999989,9.271874999999929,1668.9375,0.0,0,0.0500000457857333,0.322127250302583
235,-908.6999999999977,9.465624999999934,1703.8125,0.0,0,0.05000004260503942,0.3217454264406115
236,-904.1999999999979,9.418749999999905,1695.375,0.0,0,0.0500000396453055,0.3242267067130241
237,-911.9999999999981,9.499999999999948,1710.0,0.0,0,0.05000003689118164,0.31525947712103114
238,-933.5999999999972,9.724999999999973,1750.5,0.0,0,0.050000034328384305,0.3446989157185372
239,-905.9999999999997,9.437499999999929,1698.75,0.0,0,0.050000031943622195,0.3367812969411413
240,-876.5999999999954,9.131249999999932,1643.625,0.0,0,0.05000002972452738,0.3257662176232164
241,-899.0999999999995,9.365624999999929,1685.8125,0.0,0,0.05000002765959109,0.31295959770472515
242,-874.1999999999998,9.106249999999939,1639.125,0.0,0,0.050000025738104074,0.3433506031468925
243,-893.4000000000007,9.30624999999992,1675.125,0.0,0,0.050000023950101044,0.32984181390557854
244,-949.7999999999985,9.893749999999942,1780.875,0.0,0,0.050000022286308975,0.3216899802028719
245,-892.7999999999963,9.299999999999933,1674.0,0.0,0,0.05000002073809905,0.3380975146545097
246,-893.6999999999971,9.309374999999935,1675.6875,0.0,0,0.05000001929744189,0.3846319149248302
247,-923.0999999999979,9.615624999999914,1730.8125,0.0,0,0.05000001795686589,0.3648541104100231
248,-923.699999999997,9.621874999999946,1731.9375,0.0,0,0.050000016709418504,0.3402557391052445
249,-893.9999999999976,9.312499999999924,1676.25,0.0,0,0.05000001554863017,0.32249562466620574
250,-909.8999999999985,9.478124999999931,1706.0625,0.0,0,0.050000014468480763,0.34602636809253856
251,-919.7999999999969,9.581249999999939,1724.625,0.0,0,0.05000001346336836,0.337068908325293
252,-917.9999999999987,9.562499999999936,1721.25,0.0,0,0.05000001252808022,0.3589486985415634
253,-924.2999999999975,9.628124999999935,1733.0625,0.0,0,0.050000011657765714,0.36110468299335075
254,-943.1999999999973,9.824999999999962,1768.5,0.0,0,0.05000001084791117,0.3226361318439659
255,-919.7999999999979,9.58124999999995,1724.625,0.0,0,0.050000010094316504,0.33931636906539403
256,-902.9999999999982,9.40624999999994,1693.125,0.0,0,0.05000000939307338,0.33923853693478223
257,-919.1999999999963,9.574999999999951,1723.5,0.0,0,0.050000008740544985,0.3068049473817357
258,-912.2999999999985,9.503124999999926,1710.5625,0.0,0,0.05000000813334715,0.3554378824463735
259,-931.1999999999967,9.699999999999978,1746.0,0.0,0,0.05000000756833081,0.3439325025641463
260,-902.999999999996,9.406249999999957,1693.125,0.0,0,0.05000000704256565,0.3159765106988036
261,-922.199999999997,9.606249999999955,1729.125,0.0,0,0.05000000655332493,0.37885626262674726
262,-910.7999999999976,9.487499999999933,1707.75,0.0,0,0.050000006098071315,0.3591633474919945
263,-895.4999999999984,9.328124999999927,1679.0625,0.0,0,0.050000005674443765,0.3496080181639021
264,-919.1999999999987,9.57499999999994,1723.5,0.0,0,0.05000000528024524,0.34159653624002306
265,-970.7999999999977,10.112499999999956,1820.25,0.0,0,0.05000000491343133,0.3242910301985426
266,-919.4999999999974,9.57812499999994,1724.0625,0.0,0,0.05000000457209966,0.35370635794889593
267,-912.5999999999958,9.506249999999941,1711.125,0.0,0,0.05000000425447999,0.3258272496103827
268,-903.5999999999975,9.412499999999937,1694.25,0.0,0,0.05000000395892508,0.3335935389597176
269,-920.6999999999982,9.590624999999948,1726.3125,0.0,0,0.050000003683902096,0.3305563159286976
270,-902.3999999999975,9.39999999999995,1692.0,0.0,0,0.05000000342798472,0.37829017374768026
271,-908.3999999999977,9.462499999999931,1703.25,0.0,0,0.050000003189845696,0.3386942728370842
272,-863.9999999999992,8.999999999999908,1620.0,0.0,0,0.05000000296824997,0.3541700970588459
273,-927.5999999999975,9.662499999999943,1739.25,0.0,0,0.0500000027620483,0.3730287915406128
274,-880.499999999998,9.171874999999925,1650.9375,0.0,0,0.05000000257017128,0.33555985078888223
275,-908.0999999999987,9.459374999999932,1702.6875,0.0,0,0.050000002391623784,0.340213076547823
276,-902.3999999999986,9.399999999999935,1692.0,0.0,0,0.050000002225479824,0.32893808735534547
277,-888.599999999998,9.256249999999905,1666.125,0.0,0,0.050000002070877736,0.34920217735278936
278,-922.499999999996,9.609374999999948,1729.6875,0.0,0,0.050000001927015716,0.3518133223315494
279,-943.4999999999978,9.828124999999954,1769.0625,0.0,0,0.05000000179314766,0.33817425419369507
280,-900.5999999999976,9.381249999999946,1688.625,0.0,0,0.0500000016685793,0.3596466188267287
281,-913.4999999999997,9.515624999999932,1712.8125,0.0,0,0.05000000155266459,0.32579962799532547
282,-917.0999999999952,9.553124999999959,1719.5625,0.0,0,0.05000000144480237,0.3585081955883652
283,-872.6999999999986,9.090624999999926,1636.3125,0.0,0,0.05000000134443324,0.36417707482145895
284,-884.999999999997,9.218749999999922,1659.375,0.0,0,0.05000000125103667,0.3404741301977386
285,-896.0999999999982,9.33437499999992,1680.1875,0.0,0,0.050000001164128276,0.36460969553639494
286,-916.7999999999973,9.549999999999939,1719.0,0.0,0,0.05000000108325733,0.3713313449018945
287,-904.4999999999978,9.421874999999945,1695.9375,0.0,0,0.05000000100800441,0.3364098568705635
288,-909.8999999999976,9.478124999999933,1706.0625,0.0,0,0.050000000937979246,0.35451311416303116
289,-902.9999999999977,9.406249999999941,1693.125,0.0,0,0.05000000087281867,0.3466037687069426
290,-918.2999999999977,9.56562499999994,1721.8125,0.0,0,0.05000000081218474,0.3359052259630213
291,-911.6999999999975,9.496874999999934,1709.4375,0.0,0,0.05000000075576299,0.3331525903919505
292,-911.6999999999967,9.496874999999932,1709.4375,0.0,0,0.050000000703260813,0.34053964101605944
293,-887.9999999999972,9.249999999999952,1665.0,0.0,0,0.050000000654405914,0.3449656478543248
294,-905.999999999998,9.437499999999947,1698.75,0.0,0,0.050000000608944925,0.3557165781889732
295,-875.6999999999986,9.12187499999992,1641.9375,0.0,0,0.05000000056664206,0.340934321237728
296,-913.199999999998,9.512499999999935,1712.25,0.0,0,0.050000000527277946,0.36107450316970546
297,-910.499999999997,9.484374999999952,1707.1875,0.0,0,0.05000000049064842,0.3674960801584853
298,-925.4999999999961,9.640624999999956,1735.3125,0.0,0,0.05000000045656352,0.3471318506118324
299,-941.6999999999971,9.80937499999996,1765.6875,0.0,0,0.05000000042484646,0.3758771531490816
300,-895.199999999999,9.324999999999937,1678.5,0.0,0,0.050000000395332755,0.336446569663369
301,-912.5999999999955,9.506249999999955,1711.125,0.0,0,0.05000000036786934,0.31656992248156
302,-916.4999999999968,9.546874999999947,1718.4375,0.0,0,0.05000000034231379,0.32799892637671696
303,-936.8999999999972,9.75937499999993,1756.6875,0.0,0,0.050000000318533556,0.35284360472837256
304,-931.1999999999977,9.699999999999967,1746.0,0.0,0,0.05000000029640532,0.3437581485654745
305,-929.3999999999986,9.681249999999936,1742.625,0.0,0,0.050000000275814305,0.35597740408654016
306,-928.1999999999983,9.668749999999921,1740.375,0.0,0,0.050000000256653736,0.33012114061146147
307,-932.3999999999988,9.71249999999993,1748.25,0.0,0,0.05000000023882423,0.3440582156388296
308,-942.2999999999979,9.815624999999969,1766.8125,0.0,0,0.050000000222233325,0.355033889780235
309,-897.5999999999982,9.349999999999929,1683.0,0.0,0,0.05000000020679497,0.34032368761901227
310,-919.4999999999993,9.578124999999925,1724.0625,0.0,0,0.05000000019242911,0.3364619291594459
311,-917.3999999999982,9.556249999999938,1720.125,0.0,0,0.050000000179061234,0.3370684960236152
312,-922.4999999999972,9.609374999999947,1729.6875,0.0,0,0.05000000016662201,0.3717898980093499
313,-933.2999999999984,9.721874999999953,1749.9375,0.0,0,0.05000000015504693,0.3173621765130924
314,-908.999999999998,9.468749999999936,1704.375,0.0,0,0.050000000144275955,0.3179528754049291
315,-930.3000000000005,9.690624999999923,1744.3125,0.0,0,0.050000000134253236,0.37324459571391344
316,-909.5999999999941,9.474999999999943,1705.5,0.0,0,0.05000000012492679,0.3313055048282776
317,-920.3999999999982,9.587499999999947,1725.75,0.0,0,0.050000000116248236,0.3145875424457093
318,-894.2999999999987,9.31562499999992,1676.8125,0.0,0,0.05000000010817257,0.3421001771775385
319,-970.7999999999975,10.112499999999956,1820.25,0.0,0,0.05000000010065792,0.3208723573272841
320,-900.2999999999967,9.378124999999939,1688.0625,0.0,0,0.05000000009366531,0.313662100252178
321,-901.7999999999979,9.393749999999935,1690.875,0.0,0,0.050000000087158464,0.31813983279280367
322,-903.5999999999981,9.41249999999993,1694.25,0.0,0,0.05000000008110364,0.30861460213135516
323,-892.4999999999987,9.296874999999934,1673.4375,0.0,0,0.050000000075469446,0.34591109776972895
324,-902.6999999999963,9.403124999999935,1692.5625,0.0,0,0.05000000007022665,0.35696320326274467
325,-922.499999999998,9.609374999999952,1729.6875,0.0,0,0.05000000006534807,0.3436544190678332
326,-882.5999999999975,9.193749999999925,1654.875,0.0,0,0.050000000060808396,0.3298609668518313
327,-908.699999999997,9.465624999999928,1703.8125,0.0,0,0.050000000056584094,0.3430091460080196
328,-913.1999999999969,9.512499999999934,1712.25,0.0,0,0.050000000052653246,0.31361550457465154
329,-897.5999999999976,9.349999999999943,1683.0,0.0,0,0.05000000004899547,0.33934663611257243
330,-970.4999999999976,10.109374999999957,1819.6875,0.0,0,0.0500000000455918,0.33552317560339967
331,-908.6999999999977,9.465624999999939,1703.8125,0.0,0,0.05000000004242458,0.2810753433318395
332,-899.0999999999979,9.36562499999995,1685.8125,0.0,0,0.05000000003947738,0.31953197582624854
333,-892.4999999999967,9.296874999999948,1673.4375,0.0,0,0.05000000003673492,0.34810327779915595
334,-926.0999999999972,9.64687499999995,1736.4375,0.0,0,0.05000000003418298,0.31306069717845986
335,-919.1999999999978,9.574999999999925,1723.5,0.0,0,0.05000000003180832,0.3166912745477425
336,-899.6999999999964,9.371874999999932,1686.9375,0.0,0,0.050000000029598625,0.350825424430271
337,-922.1999999999977,9.606249999999955,1729.125,0.0,0,0.050000000027542436,0.3495141577286025
338,-905.0999999999977,9.428124999999953,1697.0625,0.0,0,0.050000000025629085,0.35760328948704734
339,-945.8999999999982,9.853124999999968,1773.5625,0.0,0,0.050000000023848655,0.357552669218017
340,-925.1999999999973,9.637499999999942,1734.75,0.0,0,0.05000000002219191,0.32890986051513915
341,-905.0999999999968,9.428124999999946,1697.0625,0.0,0,0.05000000002065026,0.3262680460129761
342,-917.3999999999966,9.556249999999945,1720.125,0.0,0,0.05000000001921571,0.3331211629996283
343,-905.0999999999979,9.428124999999923,1697.0625,0.0,0,0.05000000001788081,0.3414746053102944
344,-941.3999999999965,9.806249999999967,1765.125,0.0,0,0.050000000016638645,0.33782526061145796
345,-906.8999999999972,9.446874999999938,1700.4375,0.0,0,0.05000000001548277,0.33213478866447177
346,-898.7999999999972,9.362499999999939,1685.25,0.0,0,0.0500000000144072,0.34738174298674696
347,-922.4999999999975,9.609374999999966,1729.6875,0.0,0,0.05000000001340634,0.3267079859144158
348,-920.0999999999979,9.584374999999943,1725.1875,0.0,0,0.05000000001247502,0.35439145075571205
349,-921.299999999998,9.596874999999944,1727.4375,0.0,0,0.05000000001160839,0.32195784570131863
350,-901.1999999999981,9.387499999999934,1689.75,0.0,0,0.050000000010801966,0.33637033785279424
351,-906.5999999999974,9.443749999999921,1699.875,0.0,0,0.05000000001005156,0.2956350955387784
352,-923.3999999999953,9.618749999999975,1731.375,0.0,0,0.05000000000935329,0.30766267995608765
353,-905.3999999999987,9.431249999999942,1697.625,0.0,0,0.05000000000870353,0.31914472178452546
354,-969.5999999999971,10.099999999999937,1818.0,0.0,0,0.0500000000080989,0.3136963188079082
355,-888.5999999999947,9.256249999999943,1666.125,0.0,0,0.05000000000753627,0.34713042646956943
356,-943.499999999998,9.82812499999995,1769.0625,0.0,0,0.05000000000701274,0.3188664253645887
357,-896.699999999999,9.34062499999992,1681.3125,0.0,0,0.05000000000652557,0.3401492160072343
358,-920.6999999999981,9.590624999999937,1726.3125,0.0,0,0.05000000000607224,0.34686566140606173
359,-888.2999999999989,9.253124999999935,1665.5625,0.0,0,0.050000000005650413,0.32277411808673706
360,-901.7999999999987,9.39374999999993,1690.875,0.0,0,0.05000000000525788,0.35482936194683945
361,-902.3999999999975,9.399999999999928,1692.0,0.0,0,0.050000000004892624,0.3306384074449953
362,-920.3999999999976,9.58749999999991,1725.75,0.0,0,0.050000000004552736,0.319170411502839
363,-896.9999999999984,9.343749999999929,1681.875,0.0,0,0.05000000000423646,0.3520088396086875
364,-894.8999999999961,9.321874999999933,1677.9375,0.0,0,0.05000000000394216,0.3353478404279384
365,-919.7999999999973,9.581249999999942,1724.625,0.0,0,0.0500000000036683,0.35216018241416247
366,-920.0999999999966,9.584374999999946,1725.1875,0.0,0,0.05000000000341347,0.30954251544963984
367,-901.1999999999989,9.38749999999993,1689.75,0.0,0,0.05000000000317634,0.33774630180042653
368,-916.4999999999977,9.546874999999941,1718.4375,0.0,0,0.05000000000295568,0.3629659122787416
369,-869.0999999999967,9.053124999999918,1629.5625,0.0,0,0.05000000000275035,0.3575589134047429
370,-895.7999999999986,9.331249999999931,1679.625,0.0,0,0.05000000000255929,0.3371421109884977
371,-929.9999999999972,9.687499999999948,1743.75,0.0,0,0.050000000002381494,0.33818864059479287
372,-893.6999999999974,9.309374999999928,1675.6875,0.0,0,0.050000000002216057,0.34866502497914353
373,-893.399999999997,9.30624999999994,1675.125,0.0,0,0.05000000000206211,0.31736514814094535
374,-904.4999999999967,9.421874999999927,1695.9375,0.0,0,0.05000000000191886,0.32968626850957256
375,-922.7999999999968,9.612499999999953,1730.25,0.0,0,0.050000000001785554,0.32138047472366854
376,-905.6999999999936,9.434374999999962,1698.1875,0.0,0,0.050000000001661514,0.33159073166445724
377,-949.7999999999984,9.893749999999917,1780.875,0.0,0,0.05000000000154609,0.3181595305291315
378,-912.5999999999974,9.50624999999995,1711.125,0.0,0,0.050000000001438685,0.3159901491702638
379,-876.8999999999985,9.134374999999912,1644.1875,0.0,0,0.050000000001338744,0.34461904232286744
380,-886.7999999999979,9.237499999999928,1662.75,0.0,0,0.05000000000124574,0.3538623559754342
381,-901.1999999999969,9.387499999999934,1689.75,0.0,0,0.0500000000011592,0.3672802179430922
382,-859.4999999999989,8.95312499999992,1611.5625,0.0,0,0.050000000001078675,0.3386510605716871
383,-920.9999999999978,9.593749999999948,1726.875,0.0,0,0.050000000001003735,0.35422882557743124
384,-924.8999999999966,9.634374999999977,1734.1875,0.0,0,0.050000000000934006,0.36584215915451446
385,-981.5999999999979,10.224999999999962,1840.5,0.0,0,0.05000000000086913,0.3336363757857018
386,-911.699999999998,9.496874999999955,1709.4375,0.0,0,0.050000000000808745,0.3532766142342654
387,-926.3999999999979,9.64999999999995,1737.0,0.0,0,0.05000000000075257,0.3356590869008667
388,-909.5999999999972,9.47499999999996,1705.5,0.0,0,0.05000000000070028,0.34893669763373003
389,-908.9999999999998,9.468749999999918,1704.375,0.0,0,0.050000000000651634,0.352767380947868
390,-871.7999999999984,9.081249999999923,1634.625,0.0,0,0.050000000000606365,0.3363971555657271
391,-904.4999999999975,9.421874999999936,1695.9375,0.0,0,0.050000000000564246,0.3574193609309279
392,-908.6999999999988,9.465624999999918,1703.8125,0.0,0,0.05000000000052505,0.32543841381557287
393,-925.1999999999953,9.637499999999967,1734.75,0.0,0,0.05000000000048857,0.33691270754465624
394,-894.5999999999991,9.318749999999923,1677.375,0.0,0,0.05000000000045463,0.33565921207579474
395,-911.0999999999967,9.490624999999964,1708.3125,0.0,0,0.050000000000423046,0.3322735081271579
396,-908.9999999999935,9.468749999999952,1704.375,0.0,0,0.05000000000039366,0.3589021529174513
397,-931.1999999999962,9.699999999999953,1746.0,0.0,0,0.050000000000366314,0.32859546668931017
398,-937.7999999999984,9.768749999999951,1758.375,0.0,0,0.05000000000034087,0.3121515375510272
399,-890.3999999999969,9.274999999999926,1669.5,0.0,0,0.05000000000031719,0.34239818264937233
400,-909.2999999999978,9.471874999999939,1704.9375,0.0,0,0.050000000000295156,0.35724866126353544
401,-892.1999999999966,9.293749999999934,1672.875,0.0,0,0.05000000000027465,0.3433619823099838
402,-900.899999999998,9.384374999999936,1689.1875,0.0,0,0.05000000000025557,0.32047928772711504
403,-904.1999999999988,9.418749999999925,1695.375,0.0,0,0.05000000000023781,0.3379929983367523
404,-918.5999999999971,9.568749999999959,1722.375,0.0,0,0.0500000000002213,0.315375987202343
405,-924.2999999999984,9.628124999999915,1733.0625,0.0,0,0.05000000000020592,0.3582176344934851
406,-892.1999999999966,9.293749999999944,1672.875,0.0,0,0.05000000000019161,0.34125611883225954
407,-963.2999999999985,10.034374999999946,1806.1875,0.0,0,0.050000000000178305,0.3168221860347937
408,-903.899999999999,9.415624999999926,1694.8125,0.0,0,0.05000000000016592,0.36456101562620863
409,-969.5999999999963,10.099999999999946,1818.0,0.0,0,0.05000000000015439,0.3570593743145259
410,-952.1999999999987,9.918749999999944,1785.375,0.0,0,0.050000000000143666,0.3344587883498106
411,-940.7999999999984,9.799999999999978,1764.0,0.0,0,0.05000000000013369,0.3299791870483508
412,-884.3999999999951,9.212499999999958,1658.25,0.0,0,0.0500000000001244,0.3283339524667503
413,-906.5999999999964,9.443749999999945,1699.875,0.0,0,0.05000000000011576,0.3336127085507744
414,-917.9999999999976,9.562499999999941,1721.25,0.0,0,0.050000000000107715,0.33088071894211074
415,-892.1999999999981,9.293749999999928,1672.875,0.0,0,0.050000000000100235,0.33638032152731384
416,-917.9999999999987,9.562499999999932,1721.25,0.0,0,0.05000000000009327,0.33643785703202916
417,-926.3999999999985,9.649999999999936,1737.0,0.0,0,0.050000000000086794,0.313116312927256
418,-908.3999999999971,9.462499999999936,1703.25,0.0,0,0.050000000000080765,0.32663769020905925
419,-940.7999999999984,9.799999999999974,1764.0,0.0,0,0.05000000000007515,0.3413347332013978
420,-902.6999999999982,9.403124999999934,1692.5625,0.0,0,0.05000000000006993,0.31793618903805815
421,-910.2,9.481249999999914,1706.625,0.0,0,0.050000000000065076,0.3129992435220629
422,-920.6999999999975,9.590624999999964,1726.3125,0.0,0,0.05000000000006055,0.3578574487887737
423,-953.3999999999957,9.931249999999983,1787.625,0.0,0,0.05000000000005635,0.32555806268420484
424,-913.1999999999975,9.512499999999923,1712.25,0.0,0,0.05000000000005243,0.345067742616973
425,-933.899999999999,9.72812499999994,1751.0625,0.0,0,0.05000000000004879,0.3192328706720016
426,-936.2999999999977,9.75312499999997,1755.5625,0.0,0,0.050000000000045404,0.36083252350282335
427,-900.8999999999996,9.384374999999931,1689.1875,0.0,0,0.05000000000004225,0.33913950353809114
428,-948.2999999999976,9.878124999999955,1778.0625,0.0,0,0.05000000000003931,0.33764552762214506
429,-905.3999999999996,9.431249999999936,1697.625,0.0,0,0.050000000000036585,0.3456908011964212
430,-912.2999999999978,9.503124999999924,1710.5625,0.0,0,0.05000000000003404,0.37180179631234045
431,-892.7999999999987,9.29999999999992,1674.0,0.0,0,0.05000000000003168,0.35585495261992844
432,-981.599999999998,10.224999999999959,1840.5,0.0,0,0.05000000000002948,0.3238880350202736
433,-947.3999999999959,9.86874999999997,1776.375,0.0,0,0.050000000000027425,0.36786813540901575
434,-900.8999999999958,9.38437499999995,1689.1875,0.0,0,0.050000000000025524,0.36824247336222066
435,-932.3999999999986,9.71249999999994,1748.25,0.0,0,0.05000000000002375,0.31780233547194964
436,-890.6999999999962,9.278124999999951,1670.0625,0.0,0,0.0500000000000221,0.3178270786638475
437,-906.5999999999973,9.443749999999927,1699.875,0.0,0,0.05000000000002056,0.3416578860125608
438,-897.5999999999975,9.349999999999946,1683.0,0.0,0,0.05000000000001914,0.3647960505189581
439,-921.2999999999982,9.596874999999933,1727.4375,0.0,0,0.05000000000001781,0.3380113503119598
440,-914.6999999999978,9.528124999999935,1715.0625,0.0,0,0.05000000000001657,0.32221121415495874
441,-881.6999999999979,9.184374999999944,1653.1875,0.0,0,0.05000000000001542,0.3627223828238332
442,-925.7999999999981,9.643749999999924,1735.875,0.0,0,0.05000000000001435,0.340246546565969
443,-904.1999999999978,9.418749999999935,1695.375,0.0,0,0.05000000000001335,0.34216233073319824
444,-913.4999999999992,9.51562499999992,1712.8125,0.0,0,0.05000000000001242,0.35204826929709976
445,-915.2999999999986,9.534374999999928,1716.1875,0.0,0,0.05000000000001156,0.3742114324640069
446,-895.199999999997,9.324999999999939,1678.5,0.0,0,0.05000000000001076,0.3396892319743832
447,-944.3999999999955,9.837499999999975,1770.75,0.0,0,0.05000000000001001,0.3356053839437664
448,-888.5999999999984,9.256249999999923,1666.125,0.0,0,0.050000000000009315,0.34070906036326454
449,-906.2999999999982,9.440624999999944,1699.3125,0.0,0,0.05000000000000867,0.3314547280211829
450,-911.0999999999965,9.490624999999927,1708.3125,0.0,0,0.050000000000008066,0.3420890474381546
451,-937.1999999999991,9.762499999999923,1757.25,0.0,0,0.050000000000007504,0.3453915297312455
452,-914.3999999999968,9.524999999999954,1714.5,0.0,0,0.05000000000000698,0.32178152597819765
453,-914.0999999999985,9.521874999999941,1713.9375,0.0,0,0.0500000000000065,0.35205991860582597
454,-910.1999999999972,9.48124999999995,1706.625,0.0,0,0.05000000000000605,0.32309637156625587
455,-873.5999999999987,9.099999999999918,1638.0,0.0,0,0.05000000000000563,0.3646935391188082
456,-921.8999999999957,9.603124999999961,1728.5625,0.0,0,0.05000000000000524,0.3533063899466975
457,-925.1999999999967,9.63749999999996,1734.75,0.0,0,0.050000000000004874,0.3527136617443628
458,-916.7999999999953,9.549999999999956,1719.0,0.0,0,0.050000000000004534,0.3279742430895567
459,-912.5999999999987,9.50624999999992,1711.125,0.0,0,0.05000000000000422,0.3685607337858528
460,-897.5999999999995,9.349999999999921,1683.0,0.0,0,0.05000000000000393,0.3368235390736825
461,-878.9999999999987,9.156249999999929,1648.125,0.0,0,0.05000000000000365,0.333961470450999
462,-898.7999999999969,9.362499999999947,1685.25,0.0,0,0.0500000000000034,0.37159259407781065
463,-920.0999999999997,9.584374999999907,1725.1875,0.0,0,0.05000000000000317,0.33204904196059537
464,-895.4999999999973,9.328124999999941,1679.0625,0.0,0,0.050000000000002945,0.33688939715114735
465,-865.4999999999976,9.015624999999922,1622.8125,0.0,0,0.050000000000002744,0.33618592143886616
466,-912.8999999999967,9.509374999999938,1711.6875,0.0,0,0.05000000000000255,0.35558755037685236
467,-904.7999999999994,9.42499999999994,1696.5,0.0,0,0.050000000000002376,0.3204105198331591
468,-901.199999999997,9.387499999999934,1689.75,0.0,0,0.05000000000000221,0.29699554671016004
469,-899.0999999999981,9.365624999999936,1685.8125,0.0,0,0.05000000000000206,0.3333787673049503
470,-895.7999999999978,9.331249999999924,1679.625,0.0,0,0.05000000000000191,0.35102201437370645
471,-916.4999999999975,9.546874999999943,1718.4375,0.0,0,0.05000000000000178,0.35172475912194284
472,-924.2999999999973,9.62812499999995,1733.0625,0.0,0,0.050000000000001654,0.3430212147585634
473,-935.0999999999964,9.740624999999957,1753.3125,0.0,0,0.05000000000000154,0.35285373363747363
474,-891.5999999999984,9.287499999999913,1671.75,0.0,0,0.05000000000000143,0.3270329885133025
475,-908.0999999999977,9.45937499999997,1702.6875,0.0,0,0.050000000000001335,0.3250440517388698
476,-912.2999999999965,9.503124999999942,1710.5625,0.0,0,0.050000000000001245,0.3197807997672094
477,-908.3999999999969,9.462499999999926,1703.25,0.0,0,0.050000000000001155,0.35168192747773397
478,-916.799999999998,9.54999999999994,1719.0,0.0,0,0.05000000000000108,0.3193293471354991
479,-900.5999999999988,9.381249999999937,1688.625,0.0,0,0.050000000000001,0.3387238747362668
480,-913.1999999999978,9.512499999999942,1712.25,0.0,0,0.05000000000000093,0.33146225994245876
481,-902.6999999999988,9.403124999999934,1692.5625,0.0,0,0.05000000000000087,0.3248980758090814
482,-876.3000000000004,9.128124999999933,1643.0625,0.0,0,0.05000000000000081,0.34946796609243996
483,-895.4999999999983,9.328124999999947,1679.0625,0.0,0,0.05000000000000075,0.32635169349507326
484,-924.2999999999969,9.628124999999947,1733.0625,0.0,0,0.0500000000000007,0.3522092763489733
485,-874.1999999999986,9.106249999999923,1639.125,0.0,0,0.050000000000000655,0.3181490245947821
486,-891.5999999999987,9.287499999999905,1671.75,0.0,0,0.050000000000000606,0.3076379008435955
487,-915.2999999999984,9.534374999999928,1716.1875,0.0,0,0.050000000000000565,0.326078266179603
488,-915.8999999999982,9.540624999999936,1717.3125,0.0,0,0.05000000000000052,0.3277296742320889
489,-893.6999999999989,9.309374999999921,1675.6875,0.0,0,0.05000000000000049,0.33615144052697965
490,-901.1999999999972,9.387499999999932,1689.75,0.0,0,0.050000000000000454,0.346867352615421
491,-903.2999999999977,9.409374999999937,1693.6875,0.0,0,0.050000000000000426,0.32352014259021317
492,-905.0999999999976,9.428124999999953,1697.0625,0.0,0,0.05000000000000039,0.34672527154907584
493,-941.9999999999973,9.812499999999954,1766.25,0.0,0,0.05000000000000037,0.31946833067470126
494,-916.499999999997,9.546874999999934,1718.4375,0.0,0,0.05000000000000034,0.3202533580880198
495,-902.6999999999957,9.40312499999996,1692.5625,0.0,0,0.05000000000000032,0.3053794419082502
496,-920.9999999999965,9.593749999999948,1726.875,0.0,0,0.050000000000000294,0.32851722904791436
497,-897.2999999999965,9.34687499999994,1682.4375,0.0,0,0.05000000000000027,0.3123316444404837
498,-905.0999999999998,9.428124999999925,1697.0625,0.0,0,0.05000000000000026,0.2989977495537864
499,-903.5999999999992,9.412499999999945,1694.25,0.0,0,0.05000000000000024,0.3413870062472092
500,-889.199999999998,9.262499999999934,1667.25,0.0,0,0.050000000000000225,0.3242559219555308
501,-925.4999999999978,9.640624999999956,1735.3125,0.0,0,0.05000000000000021,0.2972621059873038
502,-969.2999999999963,10.096874999999947,1817.4375,0.0,0,0.05000000000000019,0.3191001433180645
503,-894.5999999999991,9.318749999999923,1677.375,0.0,0,0.05000000000000018,0.3138629460396866
504,-909.2999999999976,9.471874999999937,1704.9375,0.0,0,0.05000000000000017,0.31177226930546265
505,-941.699999999998,9.809374999999948,1765.6875,0.0,0,0.050000000000000155,0.3463529952827634
506,-923.0999999999965,9.615624999999937,1730.8125,0.0,0,0.05000000000000015,0.34892270694383315
507,-909.5999999999985,9.474999999999936,1705.5,0.0,0,0.050000000000000135,0.3311508372115592
508,-890.0999999999991,9.271874999999936,1668.9375,0.0,0,0.05000000000000013,0.320762381873404
509,-868.2000000000012,9.043749999999914,1627.875,0.0,0,0.05000000000000012,0.35540464927649335
510,-894.8999999999985,9.321874999999928,1677.9375,0.0,0,0.05000000000000011,0.3169663789319909
511,-923.6999999999977,9.621874999999957,1731.9375,0.0,0,0.0500000000000001,0.32581006385282507
512,-931.4999999999973,9.703124999999945,1746.5625,0.0,0,0.05000000000000009,0.35345013725778296
513,-912.5999999999989,9.506249999999934,1711.125,0.0,0,0.050000000000000086,0.31642923372694187
514,-900.8999999999971,9.384374999999924,1689.1875,0.0,0,0.050000000000000086,0.3317994458212828
515,-908.9999999999975,9.468749999999936,1704.375,0.0,0,0.05000000000000008,0.29123727040003156
516,-926.4000000000003,9.649999999999935,1737.0,0.0,0,0.05000000000000007,0.32628856614335544
517,-897.5999999999945,9.349999999999921,1683.0,0.0,0,0.050000000000000065,0.3451361232281973
518,-894.599999999999,9.318749999999923,1677.375,0.0,0,0.050000000000000065,0.34369338697029483
519,-891.2999999999984,9.284374999999935,1671.1875,0.0,0,0.05000000000000006,0.32272155571263283
520,-898.7999999999962,9.362499999999947,1685.25,0.0,0,0.05000000000000006,0.3281635790959828
521,-975.899999999998,10.165624999999956,1829.8125,0.0,0,0.05000000000000005,0.3255993475413157
522,-892.7999999999985,9.299999999999905,1674.0,0.0,0,0.05000000000000005,0.3262017061235383
523,-888.0000000000001,9.249999999999936,1665.0,0.0,0,0.050000000000000044,0.31812764711988467
524,-932.0999999999993,9.70937499999994,1747.6875,0.0,0,0.050000000000000044,0.33161557518049245
525,-883.4999999999983,9.203124999999922,1656.5625,0.0,0,0.05000000000000004,0.3433737022491793
526,-886.1999999999969,9.231249999999918,1661.625,0.0,0,0.05000000000000004,0.3180304810301297
527,-895.7999999999978,9.331249999999937,1679.625,0.0,0,0.05000000000000004,0.34521984960883856
528,-887.9999999999961,9.24999999999994,1665.0,0.0,0,0.05000000000000003,0.31906468755979506
529,-937.7999999999981,9.768749999999969,1758.375,0.0,0,0.05000000000000003,0.33358177749647033
530,-918.5999999999983,9.568749999999941,1722.375,0.0,0,0.05000000000000003,0.3235494972827534
531,-917.3999999999971,9.556249999999947,1720.125,0.0,0,0.050000000000000024,0.31229454405450574
532,-918.5999999999977,9.568749999999934,1722.375,0.0,0,0.050000000000000024,0.3407289132579333
533,-892.1999999999988,9.293749999999921,1672.875,0.0,0,0.050000000000000024,0.35947023548392787
534,-916.4999999999969,9.546874999999952,1718.4375,0.0,0,0.050000000000000024,0.3282957411552262
535,-916.7999999999969,9.54999999999994,1719.0,0.0,0,0.050000000000000024,0.32611920120091076
536,-923.3999999999987,9.61874999999993,1731.375,0.0,0,0.05000000000000002,0.3549470548104081
537,-911.6999999999988,9.496874999999918,1709.4375,0.0,0,0.05000000000000002,0.3225604742920647
538,-943.1999999999974,9.824999999999942,1768.5,0.0,0,0.05000000000000002,0.3413364781273736
539,-920.6999999999982,9.590624999999948,1726.3125,0.0,0,0.05000000000000002,0.3398183800590535
540,-887.3999999999967,9.243749999999942,1663.875,0.0,0,0.05000000000000002,0.31857537725526425
541,-913.7999999999984,9.518749999999939,1713.375,0.0,0,0.05000000000000002,0.34690892579965293
542,-903.2999999999985,9.40937499999992,1693.6875,0.0,0,0.05000000000000002,0.337027010994239
543,-942.8999999999972,9.821874999999954,1767.9375,0.0,0,0.05000000000000001,0.32863124734722077
544,-893.0999999999968,9.303124999999929,1674.5625,0.0,0,0.05000000000000001,0.34159172164379725
545,-909.8999999999976,9.478124999999933,1706.0625,0.0,0,0.05000000000000001,0.35574171796389337
546,-913.799999999998,9.518749999999946,1713.375,0.0,0,0.05000000000000001,0.3709938640809721
547,-933.2999999999972,9.721874999999972,1749.9375,0.0,0,0.05000000000000001,0.3222149138028423
548,-904.7999999999965,9.424999999999944,1696.5,0.0,0,0.05000000000000001,0.31043835023625027
549,-901.4999999999974,9.390624999999961,1690.3125,0.0,0,0.05000000000000001,0.3218655275801818
550,-893.999999999998,9.312499999999922,1676.25,0.0,0,0.05000000000000001,0.33685439861793487
551,-877.7999999999965,9.143749999999923,1645.875,0.0,0,0.05000000000000001,0.3504374448779143
552,-923.6999999999964,9.621874999999958,1731.9375,0.0,0,0.05000000000000001,0.36160780935962167
553,-892.499999999997,9.296874999999932,1673.4375,0.0,0,0.05000000000000001,0.3343130147860696
554,-901.199999999998,9.38749999999994,1689.75,0.0,0,0.05000000000000001,0.31079890015535055
555,-933.299999999996,9.721874999999972,1749.9375,0.0,0,0.05000000000000001,0.3478000862730874
556,-923.9999999999956,9.624999999999936,1732.5,0.0,0,0.05000000000000001,0.3215824153429518
557,-941.9999999999985,9.812499999999957,1766.25,0.0,0,0.05000000000000001,0.342169355854599
558,-895.4999999999989,9.328124999999936,1679.0625,0.0,0,0.05,0.34133309922698474
559,-884.9999999999959,9.218749999999943,1659.375,0.0,0,0.05,0.3507569025943263
560,-892.7999999999994,9.299999999999923,1674.0,0.0,0,0.05,0.31568838654913833
561,-883.1999999999963,9.199999999999925,1656.0,0.0,0,0.05,0.3444243197484563
562,-922.4999999999975,9.609374999999966,1729.6875,0.0,0,0.05,0.33949007992632685
563,-915.8999999999969,9.540624999999936,1717.3125,0.0,0,0.05,0.3068611287874066
564,-921.5999999999964,9.599999999999962,1728.0,0.0,0,0.05,0.3654641216206882
565,-887.3999999999988,9.243749999999924,1663.875,0.0,0,0.05,0.32734777827022804
566,-922.7999999999972,9.61249999999995,1730.25,0.0,0,0.05,0.3396982665742851
567,-958.499999999998,9.984374999999954,1797.1875,0.0,0,0.05,0.33589325133297177
568,-909.5999999999976,9.474999999999941,1705.5,0.0,0,0.05,0.317433600112175
569,-975.5999999999976,10.162499999999957,1829.25,0.0,0,0.05,0.31576347272946603
570,-929.0999999999971,9.678124999999936,1742.0625,0.0,0,0.05,0.3607724206470367
571,-897.5999999999965,9.34999999999994,1683.0,0.0,0,0.05,0.3518743698950857
572,-880.1999999999966,9.168749999999934,1650.375,0.0,0,0.05,0.32526571482626926
573,-885.5999999999987,9.224999999999936,1660.5,0.0,0,0.05,0.32583133571056855
574,-943.1999999999983,9.824999999999958,1768.5,0.0,0,0.05,0.335313598294225
575,-934.1999999999992,9.731249999999928,1751.625,0.0,0,0.05,0.32367568020191456
576,-923.3999999999971,9.618749999999952,1731.375,0.0,0,0.05,0.31821090090605947
577,-934.1999999999964,9.73124999999996,1751.625,0.0,0,0.05,0.318769910859151
578,-926.9999999999983,9.656249999999936,1738.125,0.0,0,0.05,0.3181113617029041
579,-897.8999999999977,9.353124999999928,1683.5625,0.0,0,0.05,0.32981806939674746
580,-893.3999999999985,9.306249999999922,1675.125,0.0,0,0.05,0.31794289375344914
581,-911.6999999999964,9.49687499999993,1709.4375,0.0,0,0.05,0.3295318981891291
582,-923.3999999999975,9.618749999999936,1731.375,0.0,0,0.05,0.332605768670328
583,-926.0999999999974,9.64687499999995,1736.4375,0.0,0,0.05,0.3692995062822269
584,-918.899999999998,9.571874999999947,1722.9375,0.0,0,0.05,0.3391210491562055
585,-884.6999999999994,9.21562499999993,1658.8125,0.0,0,0.05,0.3266854076542788
586,-900.8999999999972,9.384374999999936,1689.1875,0.0,0,0.05,0.3383404675871134
587,-897.2999999999953,9.346874999999953,1682.4375,0.0,0,0.05,0.3197144518761585
588,-896.3999999999977,9.337499999999952,1680.75,0.0,0,0.05,0.32523969533956715
589,-920.3999999999995,9.587499999999906,1725.75,0.0,0,0.05,0.34609178277767366
590,-909.2999999999982,9.47187499999992,1704.9375,0.0,0,0.05,0.3384909878640125
591,-941.0999999999968,9.803124999999959,1764.5625,0.0,0,0.05,0.34960988666862247
592,-898.4999999999986,9.35937499999992,1684.6875,0.0,0,0.05,0.3679361536322782
593,-918.3000000000008,9.565624999999928,1721.8125,0.0,0,0.05,0.37898923376989035
594,-909.8999999999975,9.478124999999928,1706.0625,0.0,0,0.05,0.3325466457625023
595,-913.7999999999969,9.518749999999944,1713.375,0.0,0,0.05,0.33651437136965495
596,-911.6999999999979,9.49687499999994,1709.4375,0.0,0,0.05,0.3640740404992054
597,-883.1999999999979,9.199999999999918,1656.0,0.0,0,0.05,0.36809431460375586
598,-913.4999999999978,9.515624999999945,1712.8125,0.0,0,0.05,0.3289989037180526
599,-911.9999999999976,9.499999999999943,1710.0,0.0,0,0.05,0.3378656867581109
600,-902.699999999998,9.403124999999923,1692.5625,0.0,0,0.05,0.3459030724337531
601,-902.0999999999981,9.39687499999992,1691.4375,0.0,0,0.05,0.35684043245079616
602,-902.9999999999976,9.406249999999938,1693.125,0.0,0,0.05,0.33499193161519036
603,-911.9999999999976,9.49999999999995,1710.0,0.0,0,0.05,0.32800379392380513
604,-870.8999999999978,9.071874999999908,1632.9375,0.0,0,0.05,0.3383000462264236
605,-949.7999999999984,9.893749999999917,1780.875,0.0,0,0.05,0.3343958462485009
606,-895.4999999999968,9.328124999999941,1679.0625,0.0,0,0.05,0.3541754380592869
607,-862.4999999999998,8.984374999999902,1617.1875,0.0,0,0.05,0.34500410662343106
608,-912.599999999996,9.506249999999943,1711.125,0.0,0,0.05,0.34463277500019307
609,-941.0999999999993,9.803124999999941,1764.5625,0.0,0,0.05,0.32004997383078765
610,-887.6999999999992,9.246874999999932,1664.4375,0.0,0,0.05,0.3169889382707576
611,-883.4999999999985,9.203124999999917,1656.5625,0.0,0,0.05,0.3496753461193293
612,-924.8999999999965,9.634374999999956,1734.1875,0.0,0,0.05,0.3464092442455391
613,-885.2999999999986,9.221874999999924,1659.9375,0.0,0,0.05,0.3182319255390515
614,-882.5999999999999,9.193749999999914,1654.875,0.0,0,0.05,0.33874877054347763
615,-914.9999999999982,9.531249999999952,1715.625,0.0,0,0.05,0.3369263196208825
616,-887.0999999999983,9.240624999999937,1663.3125,0.0,0,0.05,0.35163217118113405
617,-909.5999999999977,9.474999999999959,1705.5,0.0,0,0.05,0.32665266457738146
618,-942.2999999999987,9.81562499999993,1766.8125,0.0,0,0.05,0.32603351328418484
619,-886.1999999999981,9.231249999999909,1661.625,0.0,0,0.05,0.32352268524054023
620,-906.8999999999997,9.446874999999926,1700.4375,0.0,0,0.05,0.33890185201437106
621,-915.8999999999972,9.540624999999944,1717.3125,0.0,0,0.05,0.32672380099797416
622,-912.5999999999979,9.506249999999959,1711.125,0.0,0,0.05,0.3432245898163981
623,-931.1999999999979,9.69999999999993,1746.0,0.0,0,0.05,0.32742093079723417
624,-891.8999999999985,9.290624999999915,1672.3125,0.0,0,0.05,0.33421496393469474
625,-939.8999999999963,9.790624999999944,1762.3125,0.0,0,0.05,0.3006420945412376
626,-917.9999999999983,9.562499999999934,1721.25,0.0,0,0.05,0.3436566109665566
627,-915.5999999999955,9.537499999999962,1716.75,0.0,0,0.05,0.3259427686998
628,-908.0999999999965,9.459374999999929,1702.6875,0.0,0,0.05,0.3246827558148652
629,-898.7999999999981,9.362499999999962,1685.25,0.0,0,0.05,0.35345611504227337
630,-892.4999999999984,9.296874999999925,1673.4375,0.0,0,0.05,0.3501687777383874
631,-923.9999999999969,9.624999999999954,1732.5,0.0,0,0.05,0.3250082964853694
632,-883.4999999999957,9.20312499999994,1656.5625,0.0,0,0.05,0.3360399559502386
633,-913.4999999999982,9.515624999999917,1712.8125,0.0,0,0.05,0.3308430068246606
634,-922.8000000000003,9.61249999999993,1730.25,0.0,0,0.05,0.3234638914258944
635,-908.0999999999979,9.459374999999936,1702.6875,0.0,0,0.05,0.34119187973232734
636,-911.9999999999959,9.499999999999941,1710.0,0.0,0,0.05,0.33590998062346544
637,-862.1999999999988,8.981249999999918,1616.625,0.0,0,0.05,0.3404901725628103
638,-905.0999999999974,9.42812499999995,1697.0625,0.0,0,0.05,0.33420181975493
639,-908.0999999999965,9.459374999999941,1702.6875,0.0,0,0.05,0.3269331743940711
640,-946.7999999999973,9.862499999999963,1775.25,0.0,0,0.05,0.3360258573666215
641,-918.5999999999964,9.568749999999929,1722.375,0.0,0,0.05,0.3029848052473325
642,-890.0999999999983,9.27187499999993,1668.9375,0.0,0,0.05,0.3588078938165887
643,-897.5999999999979,9.34999999999994,1683.0,0.0,0,0.05,0.3403238944605821
644,-887.9999999999965,9.249999999999945,1665.0,0.0,0,0.05,0.3557357552720027
645,-909.8999999999977,9.478124999999935,1706.0625,0.0,0,0.05,0.33177244572693276
646,-900.5999999999995,9.381249999999932,1688.625,0.0,0,0.05,0.33010695294684006
647,-930.8999999999977,9.696874999999947,1745.4375,0.0,0,0.05,0.3418178456525008
648,-911.0999999999967,9.490624999999936,1708.3125,0.0,0,0.05,0.3315816325859891
649,-905.6999999999975,9.434374999999937,1698.1875,0.0,0,0.05,0.331207455534281
650,-881.6999999999981,9.184374999999925,1653.1875,0.0,0,0.05,0.3337999084809174
651,-896.3999999999965,9.33749999999995,1680.75,0.0,0,0.05,0.35326639128228027
652,-890.0999999999971,9.271874999999927,1668.9375,0.0,0,0.05,0.3225834293032272
653,-906.599999999997,9.443749999999943,1699.875,0.0,0,0.05,0.35201400944238737
654,-907.1999999999969,9.449999999999966,1701.0,0.0,0,0.05,0.3362384289037436
655,-884.3999999999986,9.212499999999917,1658.25,0.0,0,0.05,0.34390580433213874
656,-916.1999999999964,9.543749999999946,1717.875,0.0,0,0.05,0.30491696203955343
657,-938.9999999999958,9.78124999999997,1760.625,0.0,0,0.05,0.3642977456924402
658,-928.7999999999984,9.674999999999935,1741.5,0.0,0,0.05,0.338447586979924
659,-927.5999999999972,9.662499999999955,1739.25,0.0,0,0.05,0.34002760333112547
660,-890.6999999999986,9.27812499999992,1670.0625,0.0,0,0.05,0.3266770293004811
661,-923.9999999999992,9.624999999999945,1732.5,0.0,0,0.05,0.34724292648024857
662,-871.499999999998,9.07812499999991,1634.0625,0.0,0,0.05,0.32011129196422794
663,-906.2999999999961,9.440624999999931,1699.3125,0.0,0,0.05,0.32828513208983673
664,-904.7999999999971,9.424999999999937,1696.5,0.0,0,0.05,0.2954242917295131
665,-911.6999999999979,9.496874999999944,1709.4375,0.0,0,0.05,0.3180404529415278
666,-892.1999999999964,9.293749999999935,1672.875,0.0,0,0.05,0.3073099370580167
667,-879.2999999999961,9.159374999999931,1648.6875,0.0,0,0.05,0.3094477501801319
668,-899.0999999999984,9.365624999999934,1685.8125,0.0,0,0.05,0.33499157498073245
669,-863.9999999999991,8.99999999999991,1620.0,0.0,0,0.05,0.3494584695901722
670,-938.6999999999977,9.778124999999982,1760.0625,0.0,0,0.05,0.3527826393307704
671,-922.1999999999994,9.606249999999932,1729.125,0.0,0,0.05,0.3644863591218988
672,-923.6999999999971,9.621874999999937,1731.9375,0.0,0,0.05,0.3191507220061289
673,-901.4999999999972,9.390624999999948,1690.3125,0.0,0,0.05,0.3332303523965594
674,-914.6999999999962,9.528124999999955,1715.0625,0.0,0,0.05,0.3214524742267612
675,-887.6999999999986,9.246874999999942,1664.4375,0.0,0,0.05,0.3056599313962377
676,-932.099999999999,9.709374999999923,1747.6875,0.0,0,0.05,0.32492995637262034
677,-927.899999999997,9.665624999999956,1739.8125,0.0,0,0.05,0.34125395729723906
678,-913.1999999999975,9.512499999999932,1712.25,0.0,0,0.05,0.3588700333972358
679,-913.7999999999985,9.518749999999933,1713.375,0.0,0,0.05,0.3550832713385009
680,-869.3999999999993,9.056249999999899,1630.125,0.0,0,0.05,0.3600596274766657
681,-911.3999999999976,9.493749999999938,1708.875,0.0,0,0.05,0.36468402344940437
682,-926.9999999999981,9.656249999999936,1738.125,0.0,0,0.05,0.33344098678790035
683,-890.3999999999979,9.274999999999931,1669.5,0.0,0,0.05,0.3256560214898653
684,-923.099999999999,9.615624999999943,1730.8125,0.0,0,0.05,0.36165978409246435
685,-898.4999999999975,9.359374999999948,1684.6875,0.0,0,0.05,0.32408057263948853
686,-925.1999999999962,9.637499999999934,1734.75,0.0,0,0.05,0.35156844997157655
687,-884.3999999999986,9.212499999999922,1658.25,0.0,0,0.05,0.35018977887618047
688,-878.3999999999982,9.149999999999928,1647.0,0.0,0,0.05,0.3284411857163327
689,-927.299999999996,9.659374999999942,1738.6875,0.0,0,0.05,0.33604696437250825
690,-862.2000000000002,8.981249999999893,1616.625,0.0,0,0.05,0.3170089389404489
691,-902.6999999999973,9.403124999999932,1692.5625,0.0,0,0.05,0.3309274642521309
692,-875.3999999999967,9.118749999999922,1641.375,0.0,0,0.05,0.3465417101617075
693,-937.4999999999965,9.765624999999943,1757.8125,0.0,0,0.05,0.332507865736261
694,-906.8999999999978,9.446874999999938,1700.4375,0.0,0,0.05,0.3407598447934207
695,-886.199999999997,9.231249999999918,1661.625,0.0,0,0.05,0.32624975660194955
696,-942.8999999999988,9.821874999999947,1767.9375,0.0,0,0.05,0.3423287434503436
697,-890.0999999999983,9.271874999999929,1668.9375,0.0,0,0.05,0.3315878144206686
698,-896.0999999999993,9.334374999999934,1680.1875,0.0,0,0.05,0.3476843961307572
699,-904.499999999996,9.421874999999938,1695.9375,0.0,0,0.05,0.3489246468344289
700,-920.0999999999968,9.584374999999953,1725.1875,0.0,0,0.05,0.36204097152480647
701,-902.9999999999995,9.406249999999925,1693.125,0.0,0,0.05,0.3376770838991635
702,-941.9999999999973,9.812499999999922,1766.25,0.0,0,0.05,0.3329208193709039
703,-911.0999999999985,9.490624999999948,1708.3125,0.0,0,0.05,0.33302251469964783
704,-914.0999999999962,9.521874999999941,1713.9375,0.0,0,0.05,0.31801073025239424
705,-905.0999999999972,9.42812499999994,1697.0625,0.0,0,0.05,0.3326938479517897
706,-900.5999999999977,9.38124999999994,1688.625,0.0,0,0.05,0.32536737461988297
707,-897.8999999999977,9.353124999999935,1683.5625,0.0,0,0.05,0.3317905731085274
708,-918.899999999998,9.571874999999935,1722.9375,0.0,0,0.05,0.3315519405218462
709,-979.799999999997,10.206249999999969,1837.125,0.0,0,0.05,0.322929003663982
710,-892.4999999999968,9.296874999999938,1673.4375,0.0,0,0.05,0.3274540635627798
711,-896.0999999999984,9.334374999999936,1680.1875,0.0,0,0.05,0.34410554361012247
712,-871.8000000000002,9.081249999999939,1634.625,0.0,0,0.05,0.33901095332888265
713,-908.6999999999989,9.465624999999925,1703.8125,0.0,0,0.05,0.3470760869120972
714,-893.9999999999976,9.312499999999922,1676.25,0.0,0,0.05,0.34643074227496984
715,-920.6999999999981,9.590624999999948,1726.3125,0.0,0,0.05,0.3536913846878128
716,-934.4999999999973,9.734374999999979,1752.1875,0.0,0,0.05,0.36144912629905673
717,-947.6999999999973,9.871874999999964,1776.9375,0.0,0,0.05,0.34880628970762095
718,-896.0999999999997,9.334374999999925,1680.1875,0.0,0,0.05,0.3549399833686443
719,-905.099999999998,9.428124999999936,1697.0625,0.0,0,0.05,0.3289184643317842
720,-913.4999999999986,9.515624999999918,1712.8125,0.0,0,0.05,0.3648319672379229
721,-909.2999999999979,9.471874999999946,1704.9375,0.0,0,0.05,0.3547263516527083
722,-919.1999999999973,9.57499999999995,1723.5,0.0,0,0.05,0.34633273127902714
723,-935.9999999999966,9.749999999999979,1755.0,0.0,0,0.05,0.34268072003809114
724,-917.0999999999974,9.553124999999945,1719.5625,0.0,0,0.05,0.34582414717103044
725,-928.4999999999985,9.671874999999948,1740.9375,0.0,0,0.05,0.3585349270297835
726,-885.8999999999978,9.228124999999928,1661.0625,0.0,0,0.05,0.35925424659314253
727,-926.9999999999965,9.656249999999973,1738.125,0.0,0,0.05,0.3620545887026108
728,-889.4999999999986,9.265624999999943,1667.8125,0.0,0,0.05,0.36483877065798476
729,-890.6999999999966,9.27812499999991,1670.0625,0.0,0,0.05,0.3408549283631146
730,-923.6999999999964,9.621874999999969,1731.9375,0.0,0,0.05,0.3584721214396672
731,-917.6999999999994,9.559374999999926,1720.6875,0.0,0,0.05,0.32096545449458064
732,-881.6999999999981,9.184374999999948,1653.1875,0.0,0,0.05,0.3415502441426118
733,-941.0999999999962,9.803124999999964,1764.5625,0.0,0,0.05,0.33600907125510276
734,-906.5999999999967,9.443749999999945,1699.875,0.0,0,0.05,0.37063481899806194
735,-908.0999999999977,9.459374999999943,1702.6875,0.0,0,0.05,0.3417676698519952
736,-891.0000000000003,9.281249999999929,1670.625,0.0,0,0.05,0.34356536583509295
737,-916.499999999997,9.546874999999945,1718.4375,0.0,0,0.05,0.3605337790756797
738,-893.699999999997,9.309374999999926,1675.6875,0.0,0,0.05,0.3327573576010764
739,-901.1999999999971,9.387499999999962,1689.75,0.0,0,0.05,0.3333595043100003
740,-900.2999999999947,9.378124999999951,1688.0625,0.0,0,0.05,0.35469744492115246
741,-882.2999999999965,9.190624999999923,1654.3125,0.0,0,0.05,0.31761844175246856
742,-910.1999999999994,9.48124999999993,1706.625,0.0,0,0.05,0.3616837170492444
743,-926.9999999999969,9.656249999999977,1738.125,0.0,0,0.05,0.3555680526316994
744,-895.4999999999978,9.328124999999964,1679.0625,0.0,0,0.05,0.3357820370907171
745,-905.9999999999977,9.437499999999961,1698.75,0.0,0,0.05,0.3347072420176119
746,-933.5999999999985,9.724999999999936,1750.5,0.0,0,0.05,0.3530891620916211
747,-910.7999999999936,9.487499999999965,1707.75,0.0,0,0.05,0.33408516532638005
748,-903.2999999999978,9.409374999999935,1693.6875,0.0,0,0.05,0.33212588836128515
749,-911.0999999999975,9.490624999999941,1708.3125,0.0,0,0.05,0.34258804484529215
750,-897.8999999999953,9.353124999999935,1683.5625,0.0,0,0.05,0.31657194847551484
751,-901.7999999999989,9.393749999999923,1690.875,0.0,0,0.05,0.3324576360742665
752,-956.9999999999962,9.968749999999979,1794.375,0.0,0,0.05,0.32587130509265183
753,-898.1999999999963,9.35624999999994,1684.125,0.0,0,0.05,0.3365047879724039
754,-883.7999999999984,9.206249999999926,1657.125,0.0,0,0.05,0.3302326794817216
755,-889.1999999999978,9.262499999999921,1667.25,0.0,0,0.05,0.3537052654971679
756,-893.9999999999973,9.312499999999929,1676.25,0.0,0,0.05,0.37163209730966223
757,-930.8999999999979,9.696874999999924,1745.4375,0.0,0,0.05,0.34923610822297635
758,-883.1999999999981,9.199999999999928,1656.0,0.0,0,0.05,0.35446151858713065
759,-919.4999999999975,9.578124999999956,1724.0625,0.0,0,0.05,0.3175441658538249
760,-914.9999999999981,9.531249999999932,1715.625,0.0,0,0.05,0.3417606029038628
761,-922.8000000000009,9.612499999999937,1730.25,0.0,0,0.05,0.3398677130022811
762,-892.4999999999983,9.296874999999918,1673.4375,0.0,0,0.05,0.33363833085426853
763,-927.2999999999976,9.65937499999994,1738.6875,0.0,0,0.05,0.35613406399368414
764,-908.3999999999979,9.462499999999942,1703.25,0.0,0,0.05,0.3311016542474843
765,-908.9999999999985,9.468749999999934,1704.375,0.0,0,0.05,0.3688701564187391
766,-912.2999999999979,9.503124999999933,1710.5625,0.0,0,0.05,0.3379904033693795
767,-901.7999999999961,9.393749999999942,1690.875,0.0,0,0.05,0.3497149352760365
768,-889.1999999999991,9.262499999999932,1667.25,0.0,0,0.05,0.33990142515912236
769,-925.7999999999973,9.643749999999958,1735.875,0.0,0,0.05,0.3287615673150867
770,-932.6999999999992,9.715624999999939,1748.8125,0.0,0,0.05,0.3468564652553242
771,-865.4999999999976,9.015624999999922,1622.8125,0.0,0,0.05,0.3330644340073276
772,-905.0999999999996,9.428124999999929,1697.0625,0.0,0,0.05,0.3225596321022345
773,-917.6999999999975,9.559374999999953,1720.6875,0.0,0,0.05,0.3225482190959156
774,-894.8999999999984,9.32187499999992,1677.9375,0.0,0,0.05,0.34138332184197173
775,-915.899999999997,9.54062499999995,1717.3125,0.0,0,0.05,0.3246702697283278
776,-947.3999999999961,9.868749999999968,1776.375,0.0,0,0.05,0.33973310550985236
777,-911.999999999998,9.49999999999994,1710.0,0.0,0,0.05,0.3204192000027332
778,-936.5999999999973,9.756249999999929,1756.125,0.0,0,0.05,0.33633814331454537
779,-912.8999999999991,9.50937499999993,1711.6875,0.0,0,0.05,0.36507459624360006
780,-916.4999999999984,9.546874999999934,1718.4375,0.0,0,0.05,0.3260187810959501
781,-927.5999999999975,9.662499999999932,1739.25,0.0,0,0.05,0.3678473084906323
782,-908.3999999999963,9.462499999999935,1703.25,0.0,0,0.05,0.33585769370612173
783,-893.0999999999977,9.30312499999994,1674.5625,0.0,0,0.05,0.31736631974991825
784,-890.9999999999985,9.281249999999913,1670.625,0.0,0,0.05,0.3240187984580795
785,-897.2999999999973,9.346874999999935,1682.4375,0.0,0,0.05,0.34118011208872
786,-870.2999999999981,9.065624999999923,1631.8125,0.0,0,0.05,0.3460455741629832
787,-924.2999999999982,9.628124999999944,1733.0625,0.0,0,0.05,0.36568043612254164
788,-887.9999999999984,9.249999999999927,1665.0,0.0,0,0.05,0.31784501248039304
789,-880.499999999998,9.171874999999911,1650.9375,0.0,0,0.05,0.33116702038484314
790,-915.8999999999976,9.540624999999944,1717.3125,0.0,0,0.05,0.33003217907777677
791,-902.6999999999971,9.403124999999926,1692.5625,0.0,0,0.05,0.31205627244069345
792,-936.5999999999992,9.756249999999927,1756.125,0.0,0,0.05,0.3135573895751602
793,-904.7999999999976,9.424999999999951,1696.5,0.0,0,0.05,0.31913660450890247
794,-924.5999999999973,9.63124999999995,1733.625,0.0,0,0.05,0.3344145992770791
795,-917.6999999999957,9.559374999999951,1720.6875,0.0,0,0.05,0.344538967202728
796,-887.3999999999977,9.243749999999935,1663.875,0.0,0,0.05,0.33619688039438594
797,-908.3999999999979,9.462499999999952,1703.25,0.0,0,0.05,0.3404506004105012
798,-924.5999999999983,9.631249999999957,1733.625,0.0,0,0.05,0.32745399104638234
799,-901.7999999999965,9.39374999999995,1690.875,0.0,0,0.05,0.34432843342009517
800,-962.0999999999962,10.021874999999962,1803.9375,0.0,0,0.05,0.33329675004869286
801,-910.4999999999986,9.484374999999934,1707.1875,0.0,0,0.05,0.34040443144945637
802,-935.6999999999982,9.746874999999966,1754.4375,0.0,0,0.05,0.35000633321599
803,-900.2999999999964,9.37812499999994,1688.0625,0.0,0,0.05,0.3246454121493217
804,-906.5999999999988,9.44374999999992,1699.875,0.0,0,0.05,0.3084603898071994
805,-938.9999999999992,9.781249999999941,1760.625,0.0,0,0.05,0.33399957361527616
806,-920.9999999999973,9.593749999999954,1726.875,0.0,0,0.05,0.313719399806319
807,-923.9999999999969,9.624999999999956,1732.5,0.0,0,0.05,0.35877109395029644
808,-920.0999999999975,9.584374999999936,1725.1875,0.0,0,0.05,0.34250215294563935
809,-911.3999999999969,9.493749999999933,1708.875,0.0,0,0.05,0.3094844844244007
810,-897.8999999999982,9.353124999999913,1683.5625,0.0,0,0.05,0.3722523970839878
811,-902.0999999999988,9.396874999999932,1691.4375,0.0,0,0.05,0.33849585943648386
812,-922.7999999999973,9.612499999999942,1730.25,0.0,0,0.05,0.32525086249224844
813,-919.7999999999992,9.581249999999926,1724.625,0.0,0,0.05,0.3223901090315647
814,-930.2999999999981,9.690624999999951,1744.3125,0.0,0,0.05,0.34722173089264996
815,-936.2999999999982,9.753124999999951,1755.5625,0.0,0,0.05,0.3466250321569128
816,-899.0999999999945,9.365624999999953,1685.8125,0.0,0,0.05,0.34016829813934035
817,-905.0999999999992,9.428124999999914,1697.0625,0.0,0,0.05,0.345748587568394
818,-915.0000000000002,9.531249999999922,1715.625,0.0,0,0.05,0.3138138037485381
819,-899.0999999999979,9.365624999999946,1685.8125,0.0,0,0.05,0.3412546125266494
820,-894.5999999999975,9.318749999999943,1677.375,0.0,0,0.05,0.33475410029188624
821,-921.2999999999976,9.596874999999942,1727.4375,0.0,0,0.05,0.32603284483258094
822,-929.3999999999967,9.68124999999996,1742.625,0.0,0,0.05,0.31954094576649367
823,-927.599999999998,9.662499999999968,1739.25,0.0,0,0.05,0.3303699333427681
824,-902.9999999999995,9.406249999999927,1693.125,0.0,0,0.05,0.33269096724171604
825,-890.3999999999971,9.27499999999993,1669.5,0.0,0,0.05,0.34267233611188
826,-915.2999999999971,9.534374999999942,1716.1875,0.0,0,0.05,0.35427446427444614
827,-938.999999999996,9.781249999999956,1760.625,0.0,0,0.05,0.36110716815520494
828,-879.8999999999979,9.165624999999922,1649.8125,0.0,0,0.05,0.3465945073403418
829,-912.8999999999977,9.50937499999993,1711.6875,0.0,0,0.05,0.3553743093533234
830,-922.7999999999963,9.612499999999958,1730.25,0.0,0,0.05,0.32646257555526165
831,-893.999999999999,9.312499999999934,1676.25,0.0,0,0.05,0.3371100523845396
832,-918.5999999999983,9.568749999999918,1722.375,0.0,0,0.05,0.3335825296998438
833,-919.499999999998,9.578124999999941,1724.0625,0.0,0,0.05,0.36976154014054274
834,-899.9999999999967,9.374999999999941,1687.5,0.0,0,0.05,0.3169971007802006
835,-865.799999999999,9.018749999999912,1623.375,0.0,0,0.05,0.3254715341376141
836,-896.999999999997,9.343749999999964,1681.875,0.0,0,0.05,0.35168519901473905
837,-926.3999999999992,9.64999999999994,1737.0,0.0,0,0.05,0.34313364335749713
838,-914.9999999999969,9.531249999999932,1715.625,0.0,0,0.05,0.37241867071845464
839,-912.2999999999976,9.503124999999951,1710.5625,0.0,0,0.05,0.33302869754326014
840,-910.4999999999983,9.484374999999924,1707.1875,0.0,0,0.05,0.33150303330168956
841,-927.299999999998,9.659374999999963,1738.6875,0.0,0,0.05,0.3252073748761581
842,-879.899999999998,9.165624999999919,1649.8125,0.0,0,0.05,0.3248450173323767
843,-918.8999999999965,9.571874999999947,1722.9375,0.0,0,0.05,0.3324249788083964
844,-875.0999999999997,9.115624999999921,1640.8125,0.0,0,0.05,0.3367027214159154
845,-867.5999999999988,9.037499999999913,1626.75,0.0,0,0.05,0.31593523347336383
846,-870.8999999999987,9.07187499999991,1632.9375,0.0,0,0.05,0.32859068378909595
847,-936.2999999999963,9.75312499999994,1755.5625,0.0,0,0.05,0.3228370663916899
848,-944.0999999999962,9.834374999999966,1770.1875,0.0,0,0.05,0.3283003441523761
849,-888.299999999998,9.253124999999939,1665.5625,0.0,0,0.05,0.3324636022405078
850,-907.1999999999978,9.449999999999946,1701.0,0.0,0,0.05,0.3287822333888875
851,-916.4999999999969,9.546874999999936,1718.4375,0.0,0,0.05,0.33322301630137696
852,-926.3999999999975,9.64999999999995,1737.0,0.0,0,0.05,0.3443839320499036
853,-919.7999999999977,9.581249999999939,1724.625,0.0,0,0.05,0.3545914304235743
854,-918.2999999999984,9.56562499999993,1721.8125,0.0,0,0.05,0.34124814812093973
855,-907.1999999999971,9.449999999999948,1701.0,0.0,0,0.05,0.3272175329685625
856,-919.7999999999975,9.581249999999942,1724.625,0.0,0,0.05,0.34720360004963974
857,-920.9999999999983,9.593749999999929,1726.875,0.0,0,0.05,0.3406933598530789
858,-898.7999999999979,9.362499999999939,1685.25,0.0,0,0.05,0.3531981642720186
859,-947.399999999997,9.868749999999958,1776.375,0.0,0,0.05,0.32780255779830947
860,-918.2999999999978,9.56562499999994,1721.8125,0.0,0,0.05,0.3282399780556767
861,-908.0999999999992,9.459374999999945,1702.6875,0.0,0,0.05,0.3056653100117627
862,-925.1999999999981,9.637499999999912,1734.75,0.0,0,0.05,0.32665658049906293
863,-906.2999999999967,9.440624999999942,1699.3125,0.0,0,0.05,0.306080951109632
864,-887.0999999999987,9.240624999999913,1663.3125,0.0,0,0.05,0.32047913686838003
865,-899.0999999999989,9.365624999999927,1685.8125,0.0,0,0.05,0.30609090388235116
866,-894.8999999999977,9.32187499999995,1677.9375,0.0,0,0.05,0.3318042417832961
867,-887.6999999999962,9.246874999999935,1664.4375,0.0,0,0.05,0.3363436205830011
868,-899.9999999999976,9.374999999999957,1687.5,0.0,0,0.05,0.33079562468919904
869,-892.799999999998,9.299999999999914,1674.0,0.0,0,0.05,0.3395209530368447
870,-911.0999999999968,9.490624999999932,1708.3125,0.0,0,0.05,0.3411518856055207
871,-934.1999999999985,9.731249999999944,1751.625,0.0,0,0.05,0.3511331970699959
872,-920.999999999997,9.593749999999963,1726.875,0.0,0,0.05,0.31842208593669863
873,-902.6999999999994,9.40312499999991,1692.5625,0.0,0,0.05,0.3543907317177703
874,-953.6999999999992,9.934374999999948,1788.1875,0.0,0,0.05,0.3309480034539269
875,-896.0999999999987,9.334374999999929,1680.1875,0.0,0,0.05,0.32778203355976276
876,-856.4999999999983,8.921874999999917,1605.9375,0.0,0,0.05,0.3534014241097288
877,-890.9999999999975,9.28124999999992,1670.625,0.0,0,0.05,0.3330455297397243
878,-932.6999999999989,9.715624999999935,1748.8125,0.0,0,0.05,0.337688492388568
879,-921.899999999999,9.603124999999935,1728.5625,0.0,0,0.05,0.3269199386989284
880,-929.0999999999968,9.67812499999997,1742.0625,0.0,0,0.05,0.34431258546861093
881,-929.6999999999974,9.68437499999995,1743.1875,0.0,0,0.05,0.3586881856175346
882,-892.1999999999979,9.293749999999937,1672.875,0.0,0,0.05,0.32741178844331037
883,-928.1999999999998,9.66874999999991,1740.375,0.0,0,0.05,0.35437082323866587
884,-907.1999999999978,9.449999999999939,1701.0,0.0,0,0.05,0.33043977414361303
885,-942.5999999999988,9.818749999999921,1767.375,0.0,0,0.05,0.3219633176871058
886,-885.8999999999976,9.228124999999945,1661.0625,0.0,0,0.05,0.3324599327623016
887,-905.0999999999977,9.428124999999941,1697.0625,0.0,0,0.05,0.33606261550448835
888,-924.5999999999987,9.631249999999927,1733.625,0.0,0,0.05,0.30933893647355337
889,-924.0000000000005,9.624999999999947,1732.5,0.0,0,0.05,0.35047635804447863
890,-926.6999999999985,9.653124999999939,1737.5625,0.0,0,0.05,0.37257281671174697
891,-897.8999999999987,9.353124999999904,1683.5625,0.0,0,0.05,0.319545908489575
892,-913.1999999999997,9.512499999999923,1712.25,0.0,0,0.05,0.3519648848722378
893,-913.1999999999965,9.512499999999953,1712.25,0.0,0,0.05,0.31422960164749786
894,-919.7999999999981,9.581249999999944,1724.625,0.0,0,0.05,0.32622105760706793
895,-894.2999999999985,9.315624999999901,1676.8125,0.0,0,0.05,0.3157863840409037
896,-939.2999999999963,9.784374999999951,1761.1875,0.0,0,0.05,0.3603055980004784
897,-878.0999999999991,9.146874999999953,1646.4375,0.0,0,0.05,0.32892593037233586
898,-884.3999999999978,9.212499999999922,1658.25,0.0,0,0.05,0.3214789753003667
899,-918.5999999999975,9.568749999999936,1722.375,0.0,0,0.05,0.3347058461099449
900,-886.7999999999984,9.237499999999931,1662.75,0.0,0,0.05,0.3189801369328052
901,-918.5999999999981,9.568749999999946,1722.375,0.0,0,0.05,0.34312900797360474
902,-910.7999999999978,9.487499999999928,1707.75,0.0,0,0.05,0.3333727970408897
903,-871.4999999999973,9.078124999999924,1634.0625,0.0,0,0.05,0.35706803535835613
904,-914.0999999999982,9.521874999999959,1713.9375,0.0,0,0.05,0.35445965593163337
905,-929.6999999999973,9.684374999999967,1743.1875,0.0,0,0.05,0.3110713152007924
906,-929.6999999999969,9.684374999999946,1743.1875,0.0,0,0.05,0.33554596515734575
907,-918.299999999999,9.565624999999939,1721.8125,0.0,0,0.05,0.32529044614897834
908,-890.6999999999995,9.27812499999992,1670.0625,0.0,0,0.05,0.34378227432154945
909,-902.9999999999985,9.40624999999993,1693.125,0.0,0,0.05,0.35874433150101037
910,-883.1999999999952,9.199999999999955,1656.0,0.0,0,0.05,0.3328598674852401
911,-891.599999999999,9.287499999999927,1671.75,0.0,0,0.05,0.304658340010792
912,-949.7999999999985,9.893749999999942,1780.875,0.0,0,0.05,0.36506121763959526
913,-927.5999999999981,9.662499999999941,1739.25,0.0,0,0.05,0.3102139563454936
914,-924.5999999999976,9.631249999999946,1733.625,0.0,0,0.05,0.2985490162132515
915,-929.9999999999972,9.687499999999929,1743.75,0.0,0,0.05,0.33420405390465424
916,-901.1999999999983,9.387499999999942,1689.75,0.0,0,0.05,0.34879603350483296
917,-914.3999999999971,9.524999999999947,1714.5,0.0,0,0.05,0.31457714650573004
918,-894.2999999999972,9.315624999999944,1676.8125,0.0,0,0.05,0.3290240492257807
919,-900.8999999999976,9.384374999999945,1689.1875,0.0,0,0.05,0.3300038371907754
920,-872.3999999999976,9.087499999999912,1635.75,0.0,0,0.05,0.3138964709748204
921,-903.899999999999,9.415624999999915,1694.8125,0.0,0,0.05,0.30384260611867325
922,-920.9999999999965,9.593749999999938,1726.875,0.0,0,0.05,0.3235474495838086
923,-909.5999999999971,9.474999999999937,1705.5,0.0,0,0.05,0.32519536000779936
924,-914.3999999999972,9.524999999999954,1714.5,0.0,0,0.05,0.3432468227731685
925,-920.0999999999996,9.584374999999923,1725.1875,0.0,0,0.05,0.32903735789780814
926,-935.0999999999988,9.740624999999936,1753.3125,0.0,0,0.05,0.31685983396859635
927,-890.399999999997,9.274999999999926,1669.5,0.0,0,0.05,0.32150990155318543
928,-885.2999999999977,9.221874999999933,1659.9375,0.0,0,0.05,0.31790474792683704
929,-915.8999999999979,9.540624999999945,1717.3125,0.0,0,0.05,0.34568089687058495
930,-901.7999999999965,9.39374999999994,1690.875,0.0,0,0.05,0.32248381562013595
931,-904.7999999999971,9.424999999999937,1696.5,0.0,0,0.05,0.35660101499977626
932,-933.5999999999992,9.72499999999992,1750.5,0.0,0,0.05,0.3289763079956174
933,-914.9999999999969,9.531249999999941,1715.625,0.0,0,0.05,0.33936916517300736
934,-901.4999999999972,9.390624999999963,1690.3125,0.0,0,0.05,0.36037879119523697
935,-913.4999999999974,9.515624999999936,1712.8125,0.0,0,0.05,0.3314814925814668
936,-890.0999999999983,9.271874999999934,1668.9375,0.0,0,0.05,0.32981466970199513
937,-925.799999999996,9.643749999999951,1735.875,0.0,0,0.05,0.3476556423999783
938,-928.1999999999978,9.668749999999955,1740.375,0.0,0,0.05,0.3339864582599451
939,-919.7999999999976,9.581249999999953,1724.625,0.0,0,0.05,0.3057536438883593
940,-920.9999999999975,9.593749999999954,1726.875,0.0,0,0.05,0.32047269318459765
941,-881.9999999999977,9.187499999999945,1653.75,0.0,0,0.05,0.3483521181934824
942,-887.6999999999988,9.246874999999928,1664.4375,0.0,0,0.05,0.33945561651554373
943,-905.3999999999979,9.431249999999936,1697.625,0.0,0,0.05,0.343915992266395
944,-915.2999999999967,9.534374999999928,1716.1875,0.0,0,0.05,0.34679869320761
945,-910.4999999999981,9.484374999999945,1707.1875,0.0,0,0.05,0.33551979740926374
946,-914.7000000000004,9.528124999999925,1715.0625,0.0,0,0.05,0.3320606410503387
947,-893.3999999999996,9.306249999999926,1675.125,0.0,0,0.05,0.3275899339363807
948,-909.2999999999971,9.471874999999937,1704.9375,0.0,0,0.05,0.33979805937657753
949,-930.2999999999976,9.69062499999994,1744.3125,0.0,0,0.05,0.33354901765059264
950,-909.5999999999981,9.474999999999934,1705.5,0.0,0,0.05,0.33833178723127477
951,-929.0999999999995,9.67812499999995,1742.0625,0.0,0,0.05,0.34211747569756373
952,-933.899999999999,9.72812499999994,1751.0625,0.0,0,0.05,0.3183630702447974
953,-915.2999999999972,9.534374999999939,1716.1875,0.0,0,0.05,0.31265524186504384
954,-922.4999999999977,9.609374999999941,1729.6875,0.0,0,0.05,0.3245751137069116
955,-921.8999999999996,9.603124999999924,1728.5625,0.0,0,0.05,0.3275135533315026
956,-927.2999999999988,9.659374999999946,1738.6875,0.0,0,0.05,0.3340093691781577
957,-922.1999999999969,9.606249999999953,1729.125,0.0,0,0.05,0.31440916842160127
958,-887.3999999999969,9.243749999999936,1663.875,0.0,0,0.05,0.3483681549059434
959,-910.799999999998,9.487499999999944,1707.75,0.0,0,0.05,0.35144161888812153
960,-929.9999999999957,9.687499999999975,1743.75,0.0,0,0.05,0.3240592188589896
961,-905.0999999999975,9.428124999999948,1697.0625,0.0,0,0.05,0.3610806691356831
962,-918.2999999999971,9.565624999999967,1721.8125,0.0,0,0.05,0.34328910742575924
963,-895.499999999997,9.328124999999961,1679.0625,0.0,0,0.05,0.34445266542542313
964,-875.4000000000001,9.118749999999935,1641.375,0.0,0,0.05,0.32601544889104034
965,-948.5999999999959,9.881249999999973,1778.625,0.0,0,0.05,0.3471473561755071
966,-924.299999999997,9.628124999999958,1733.0625,0.0,0,0.05,0.3350624977869706
967,-926.9999999999986,9.65624999999994,1738.125,0.0,0,0.05,0.3523733269474987
968,-959.9999999999989,9.99999999999993,1800.0,0.0,0,0.05,0.359419320208124
969,-942.8999999999977,9.821874999999931,1767.9375,0.0,0,0.05,0.3177253652984897
970,-921.8999999999982,9.603124999999945,1728.5625,0.0,0,0.05,0.3242593559048449
971,-913.4999999999982,9.515624999999954,1712.8125,0.0,0,0.05,0.36100117361897394
972,-916.1999999999994,9.543749999999926,1717.875,0.0,0,0.05,0.3209044920642757
973,-886.499999999998,9.234374999999917,1662.1875,0.0,0,0.05,0.33191710411984887
974,-908.9999999999976,9.468749999999956,1704.375,0.0,0,0.05,0.35373189132143223
975,-931.199999999998,9.699999999999964,1746.0,0.0,0,0.05,0.3404696750558085
976,-924.899999999996,9.634374999999956,1734.1875,0.0,0,0.05,0.34566688116174193
977,-924.8999999999971,9.634374999999949,1734.1875,0.0,0,0.05,0.3214432498698847
978,-917.0999999999964,9.553124999999955,1719.5625,0.0,0,0.05,0.3626893969666627
979,-935.9999999999965,9.74999999999995,1755.0,0.0,0,0.05,0.3347536723129451
980,-919.4999999999972,9.578124999999948,1724.0625,0.0,0,0.05,0.36158862633941075
981,-909.2999999999997,9.471874999999919,1704.9375,0.0,0,0.05,0.3418756111395649
982,-927.5999999999954,9.66249999999996,1739.25,0.0,0,0.05,0.3582166733841101
983,-904.799999999998,9.42499999999995,1696.5,0.0,0,0.05,0.34563850453899553
984,-936.2999999999975,9.753124999999951,1755.5625,0.0,0,0.05,0.3537310833602937
985,-890.3999999999976,9.274999999999945,1669.5,0.0,0,0.05,0.34131590271265144
986,-944.6999999999975,9.840624999999935,1771.3125,0.0,0,0.05,0.3548461007368233
987,-871.499999999998,9.078124999999934,1634.0625,0.0,0,0.05,0.35697750989865096
988,-893.3999999999982,9.306249999999917,1675.125,0.0,0,0.05,0.3415546051123076
989,-905.9999999999976,9.43749999999994,1698.75,0.0,0,0.05,0.3548188121213267
990,-899.0999999999996,9.365624999999929,1685.8125,0.0,0,0.05,0.3239248338155448
991,-860.4000000000001,8.962499999999894,1613.25,0.0,0,0.05,0.3162939666201257
992,-902.0999999999972,9.396874999999932,1691.4375,0.0,0,0.05,0.3235664718473951
993,-893.6999999999971,9.309374999999928,1675.6875,0.0,0,0.05,0.371330381058053
994,-931.1999999999985,9.699999999999926,1746.0,0.0,0,0.05,0.3255257075342039
995,-889.7999999999957,9.268749999999947,1668.375,0.0,0,0.05,0.34059970212789875
996,-897.8999999999991,9.353124999999931,1683.5625,0.0,0,0.05,0.32744768610120645
997,-912.5999999999956,9.506249999999948,1711.125,0.0,0,0.05,0.3427762443303234
998,-904.7999999999969,9.424999999999944,1696.5,0.0,0,0.05,0.33686317214224903
999,-881.6999999999963,9.184374999999932,1653.1875,0.0,0,0.05,0.36684007891195103
1000,-883.7999999999972,9.206249999999933,1657.125,0.0,0,0.05,0.33895790092129674
1001,-925.7999999999972,9.643749999999939,1735.875,0.0,0,0.05,0.3348966012191441
1002,-874.1999999999982,9.106249999999918,1639.125,0.0,0,0.05,0.3200886155116475
1003,-907.1999999999966,9.449999999999962,1701.0,0.0,0,0.05,0.33619843003753985
1004,-938.6999999999982,9.778124999999967,1760.0625,0.0,0,0.05,0.3280132144482599
1005,-922.4999999999989,9.60937499999993,1729.6875,0.0,0,0.05,0.32496163339043654
1006,-897.2999999999995,9.346874999999926,1682.4375,0.0,0,0.05,0.3611821533491214
1007,-890.9999999999972,9.281249999999936,1670.625,0.0,0,0.05,0.33099080800699693
1008,-896.3999999999974,9.337499999999919,1680.75,0.0,0,0.05,0.34131442690785563
1009,-906.5999999999991,9.443749999999927,1699.875,0.0,0,0.05,0.3474598946670691
1010,-899.3999999999977,9.368749999999938,1686.375,0.0,0,0.05,0.34838754806357125
1011,-900.5999999999985,9.381249999999937,1688.625,0.0,0,0.05,0.35860830287759504
1012,-877.8000000000001,9.14374999999991,1645.875,0.0,0,0.05,0.32380685195223324
1013,-901.7999999999963,9.393749999999942,1690.875,0.0,0,0.05,0.3371712809376832
1014,-890.6999999999992,9.278124999999935,1670.0625,0.0,0,0.05,0.3237693710149162
1015,-908.399999999998,9.462499999999945,1703.25,0.0,0,0.05,0.3588019201014605
1016,-898.4999999999957,9.359374999999952,1684.6875,0.0,0,0.05,0.3261829986081769
1017,-900.8999999999971,9.384374999999924,1689.1875,0.0,0,0.05,0.3355773765542027
1018,-949.7999999999975,9.893749999999939,1780.875,0.0,0,0.05,0.334761235017019
1019,-919.4999999999966,9.578124999999929,1724.0625,0.0,0,0.05,0.34597107445200287
1020,-901.799999999997,9.393749999999942,1690.875,0.0,0,0.05,0.31723975211951055
1021,-886.4999999999992,9.234374999999941,1662.1875,0.0,0,0.05,0.32064176863576804
1022,-897.8999999999976,9.353124999999949,1683.5625,0.0,0,0.05,0.34154178870117496
1023,-914.6999999999969,9.528124999999958,1715.0625,0.0,0,0.05,0.3507631772197783
1024,-880.1999999999962,9.168749999999923,1650.375,0.0,0,0.05,0.3613238373512609
1025,-941.3999999999972,9.806249999999961,1765.125,0.0,0,0.05,0.3361736057481418
1026,-925.7999999999954,9.643749999999939,1735.875,0.0,0,0.05,0.3363198503075788
1027,-933.2999999999969,9.721874999999958,1749.9375,0.0,0,0.05,0.3360280468646023
1028,-903.2999999999969,9.409374999999939,1693.6875,0.0,0,0.05,0.3318188720744931
1029,-934.1999999999994,9.731249999999946,1751.625,0.0,0,0.05,0.35368714863434436
1030,-926.3999999999963,9.649999999999956,1737.0,0.0,0,0.05,0.3309712558519095
1031,-938.3999999999977,9.774999999999968,1759.5,0.0,0,0.05,0.34809505158724885
1032,-898.499999999998,9.359374999999918,1684.6875,0.0,0,0.05,0.3350167143934717
1033,-937.4999999999997,9.765624999999938,1757.8125,0.0,0,0.05,0.3291515182186332
1034,-901.199999999998,9.38749999999994,1689.75,0.0,0,0.05,0.3513125608442351
1035,-924.299999999997,9.62812499999995,1733.0625,0.0,0,0.05,0.34824219624149716
1036,-915.899999999996,9.54062499999993,1717.3125,0.0,0,0.05,0.34480772563773726
1037,-868.499999999997,9.046874999999943,1628.4375,0.0,0,0.05,0.3396046036647426
1038,-921.6000000000007,9.599999999999927,1728.0,0.0,0,0.05,0.3468838802797513
1039,-920.0999999999965,9.584374999999952,1725.1875,0.0,0,0.05,0.3233131020795554
1040,-916.7999999999973,9.549999999999958,1719.0,0.0,0,0.05,0.31123553384612834
1041,-887.3999999999985,9.24374999999993,1663.875,0.0,0,0.05,0.3179031673456646
1042,-904.7999999999977,9.424999999999951,1696.5,0.0,0,0.05,0.346159584991013
1043,-932.0999999999958,9.709374999999975,1747.6875,0.0,0,0.05,0.33529025219743036
1044,-887.6999999999971,9.246874999999921,1664.4375,0.0,0,0.05,0.3703807303061088
1045,-936.5999999999967,9.756249999999946,1756.125,0.0,0,0.05,0.3454418492813905
1046,-920.9999999999972,9.593749999999956,1726.875,0.0,0,0.05,0.324463132272164
1047,-908.0999999999993,9.459374999999921,1702.6875,0.0,0,0.05,0.34623259811455176
1048,-890.0999999999984,9.271874999999929,1668.9375,0.0,0,0.05,0.3476368153674735
1049,-908.0999999999972,9.459374999999943,1702.6875,0.0,0,0.05,0.3312049952387396
1050,-946.7999999999976,9.862499999999953,1775.25,0.0,0,0.05,0.3547372675242109
1051,-931.7999999999969,9.70624999999993,1747.125,0.0,0,0.05,0.3500606678322785
1052,-923.399999999996,9.618749999999956,1731.375,0.0,0,0.05,0.3339124340667493
1053,-919.1999999999981,9.574999999999928,1723.5,0.0,0,0.05,0.34170136851672495
1054,-903.5999999999982,9.41249999999992,1694.25,0.0,0,0.05,0.33184895694204086
1055,-914.0999999999968,9.521874999999934,1713.9375,0.0,0,0.05,0.3468264151468045
1056,-901.7999999999972,9.393749999999947,1690.875,0.0,0,0.05,0.3185246594689993
1057,-911.6999999999979,9.496874999999953,1709.4375,0.0,0,0.05,0.3265328752497832
1058,-911.6999999999969,9.496874999999928,1709.4375,0.0,0,0.05,0.33959492061597607
1059,-896.9999999999985,9.343749999999929,1681.875,0.0,0,0.05,0.33618066160318755
1060,-938.6999999999981,9.778124999999942,1760.0625,0.0,0,0.05,0.33366366125022373
1061,-932.6999999999992,9.71562499999995,1748.8125,0.0,0,0.05,0.3225742968161487
1062,-927.2999999999982,9.659374999999937,1738.6875,0.0,0,0.05,0.33894222990816664
1063,-893.3999999999978,9.306249999999924,1675.125,0.0,0,0.05,0.3451013785424746
1064,-924.8999999999976,9.634374999999945,1734.1875,0.0,0,0.05,0.37771365941605634
1065,-929.3999999999982,9.68124999999992,1742.625,0.0,0,0.05,0.3076887540364017
1066,-913.1999999999974,9.512499999999923,1712.25,0.0,0,0.05,0.3326342358150416
1067,-903.2999999999978,9.409374999999937,1693.6875,0.0,0,0.05,0.3670966770913866
1068,-873.2999999999978,9.096874999999917,1637.4375,0.0,0,0.05,0.36313616077726085
1069,-889.199999999997,9.262499999999946,1667.25,0.0,0,0.05,0.3356508130621579
1070,-908.9999999999968,9.468749999999934,1704.375,0.0,0,0.05,0.3160054166956494
1071,-894.2999999999979,9.315624999999933,1676.8125,0.0,0,0.05,0.35972177078430023
1072,-936.8999999999984,9.759374999999949,1756.6875,0.0,0,0.05,0.3471858345799976
1073,-905.9999999999975,9.437499999999954,1698.75,0.0,0,0.05,0.31883367775525484
1074,-933.9000000000004,9.728124999999915,1751.0625,0.0,0,0.05,0.33738426846555536
1075,-928.1999999999967,9.66874999999996,1740.375,0.0,0,0.05,0.3221290917446216
1076,-906.599999999996,9.443749999999932,1699.875,0.0,0,0.05,0.3794336377694789
1077,-892.7999999999981,9.29999999999993,1674.0,0.0,0,0.05,0.3356787304497427
1078,-919.1999999999981,9.574999999999932,1723.5,0.0,0,0.05,0.3329824059529023
1079,-920.6999999999982,9.590624999999948,1726.3125,0.0,0,0.05,0.34090740663620334
1080,-941.6999999999971,9.809374999999982,1765.6875,0.0,0,0.05,0.31806648663348625
1081,-896.999999999998,9.343749999999932,1681.875,0.0,0,0.05,0.36366398295698066
1082,-917.3999999999987,9.556249999999933,1720.125,0.0,0,0.05,0.33981197141110897
1083,-917.9999999999972,9.562499999999936,1721.25,0.0,0,0.05,0.3627802652513815
1084,-920.3999999999975,9.587499999999947,1725.75,0.0,0,0.05,0.34062390910047624
1085,-915.5999999999967,9.537499999999948,1716.75,0.0,0,0.05,0.3589444580487907
1086,-900.8999999999968,9.384374999999942,1689.1875,0.0,0,0.05,0.33052383492079873
1087,-890.9999999999984,9.281249999999936,1670.625,0.0,0,0.05,0.337241111535372
1088,-902.9999999999977,9.406249999999938,1693.125,0.0,0,0.05,0.35636512557458544
1089,-898.1999999999972,9.356249999999948,1684.125,0.0,0,0.05,0.34697995469905435
1090,-945.2999999999978,9.846874999999951,1772.4375,0.0,0,0.05,0.32617955126851383
1091,-912.2999999999988,9.503124999999937,1710.5625,0.0,0,0.05,0.3199422080328481
1092,-888.299999999997,9.253124999999924,1665.5625,0.0,0,0.05,0.33785699632846644
1093,-902.0999999999988,9.396874999999923,1691.4375,0.0,0,0.05,0.31688036393477687
1094,-900.5999999999976,9.38124999999994,1688.625,0.0,0,0.05,0.36086410912685096
1095,-934.4999999999978,9.734374999999961,1752.1875,0.0,0,0.05,0.33687802268606093
1096,-912.5999999999967,9.506249999999932,1711.125,0.0,0,0.05,0.33489897398071156
1097,-944.0999999999968,9.834374999999955,1770.1875,0.0,0,0.05,0.34901361331447134
1098,-893.6999999999979,9.30937499999994,1675.6875,0.0,0,0.05,0.31715498640098505
1099,-880.1999999999978,9.168749999999918,1650.375,0.0,0,0.05,0.3498610930594926
1100,-925.2000000000003,9.637499999999914,1734.75,0.0,0,0.05,0.3432039912065698
1101,-903.5999999999992,9.412499999999927,1694.25,0.0,0,0.05,0.34988277268389034
1102,-922.4999999999994,9.609374999999929,1729.6875,0.0,0,0.05,0.34060985752277906
1103,-925.4999999999982,9.640624999999913,1735.3125,0.0,0,0.05,0.33522569856399465
1104,-903.2999999999969,9.409374999999942,1693.6875,0.0,0,0.05,0.3055100731034246
1105,-902.9999999999978,9.406249999999956,1693.125,0.0,0,0.05,0.3483410678959141
1106,-895.7999999999932,9.331249999999942,1679.625,0.0,0,0.05,0.3069995929176609
1107,-894.8999999999982,9.321874999999949,1677.9375,0.0,0,0.05,0.3664708440968146
1108,-899.3999999999975,9.368749999999931,1686.375,0.0,0,0.05,0.36585042879968466
1109,-892.7999999999981,9.29999999999992,1674.0,0.0,0,0.05,0.3268944912564216
1110,-905.399999999999,9.431249999999912,1697.625,0.0,0,0.05,0.3373002007836476
1111,-927.8999999999961,9.665624999999931,1739.8125,0.0,0,0.05,0.335966716779189
1112,-905.6999999999961,9.43437499999996,1698.1875,0.0,0,0.05,0.33684521382674576
1113,-890.0999999999979,9.271874999999929,1668.9375,0.0,0,0.05,0.35894050437750086
1114,-882.2999999999982,9.190624999999926,1654.3125,0.0,0,0.05,0.34196408095562625
1115,-895.1999999999989,9.324999999999932,1678.5,0.0,0,0.05,0.33552764618458847
1116,-927.2999999999979,9.659374999999939,1738.6875,0.0,0,0.05,0.3379096981758873
1117,-897.2999999999989,9.346874999999933,1682.4375,0.0,0,0.05,0.3280823628366407
1118,-895.7999999999979,9.331249999999939,1679.625,0.0,0,0.05,0.3340808548033237
1119,-909.5999999999971,9.47499999999993,1705.5,0.0,0,0.05,0.34067587707088226
1120,-872.3999999999979,9.087499999999935,1635.75,0.0,0,0.05,0.3222491207480844
1121,-929.3999999999972,9.681249999999945,1742.625,0.0,0,0.05,0.31608516692908273
1122,-928.1999999999991,9.668749999999935,1740.375,0.0,0,0.05,0.29756120351764065
1123,-914.0999999999985,9.521874999999937,1713.9375,0.0,0,0.05,0.34871610306306844
1124,-910.7999999999981,9.487499999999931,1707.75,0.0,0,0.05,0.35580711949927113
1125,-929.3999999999958,9.681249999999963,1742.625,0.0,0,0.05,0.3178871390461508
1126,-916.7999999999998,9.549999999999926,1719.0,0.0,0,0.05,0.3551824561941127
1127,-921.2999999999973,9.596874999999958,1727.4375,0.0,0,0.05,0.34167029940419724
1128,-889.4999999999986,9.265624999999908,1667.8125,0.0,0,0.05,0.3315717413659311
1129,-877.2000000000012,9.137499999999926,1644.75,0.0,0,0.05,0.3301851742978518
1130,-899.0999999999993,9.365624999999932,1685.8125,0.0,0,0.05,0.3370686582962258
1131,-919.7999999999973,9.58124999999994,1724.625,0.0,0,0.05,0.3413626070211952
1132,-912.8999999999984,9.509374999999936,1711.6875,0.0,0,0.05,0.3120879517092059
1133,-883.4999999999962,9.20312499999995,1656.5625,0.0,0,0.05,0.356213793080921
1134,-912.8999999999975,9.509374999999944,1711.6875,0.0,0,0.05,0.33754083436085947
1135,-925.499999999997,9.640624999999936,1735.3125,0.0,0,0.05,0.34640372272373904
1136,-913.1999999999975,9.512499999999946,1712.25,0.0,0,0.05,0.3474068423629635
1137,-894.2999999999978,9.315624999999914,1676.8125,0.0,0,0.05,0.33430700324889684
1138,-893.0999999999989,9.303124999999907,1674.5625,0.0,0,0.05,0.3498343052290794
1139,-925.499999999999,9.640624999999925,1735.3125,0.0,0,0.05,0.3344261350472354
1140,-880.7999999999978,9.174999999999928,1651.5,0.0,0,0.05,0.33785068364813925
1141,-940.799999999999,9.799999999999947,1764.0,0.0,0,0.05,0.35411367295309903
1142,-889.7999999999984,9.268749999999926,1668.375,0.0,0,0.05,0.3350953263618673
1143,-945.599999999996,9.84999999999997,1773.0,0.0,0,0.05,0.3260782235612472
1144,-897.5999999999971,9.349999999999959,1683.0,0.0,0,0.05,0.3456275192296339
1145,-908.999999999999,9.468749999999934,1704.375,0.0,0,0.05,0.3217649564405696
1146,-894.8999999999963,9.32187499999994,1677.9375,0.0,0,0.05,0.3348441808794936
1147,-875.3999999999979,9.118749999999924,1641.375,0.0,0,0.05,0.3642715990905546
1148,-944.3999999999975,9.837499999999956,1770.75,0.0,0,0.05,0.3530823346072187
1149,-918.5999999999977,9.568749999999943,1722.375,0.0,0,0.05,0.3309652401910474
1150,-924.2999999999978,9.62812499999996,1733.0625,0.0,0,0.05,0.30739201025830376
1151,-917.0999999999979,9.553124999999948,1719.5625,0.0,0,0.05,0.37962982925172484
1152,-929.3999999999979,9.681249999999977,1742.625,0.0,0,0.05,0.3445455947683917
1153,-919.1999999999986,9.574999999999921,1723.5,0.0,0,0.05,0.34685781249879966
1154,-920.6999999999971,9.590624999999958,1726.3125,0.0,0,0.05,0.38193179153216383
1155,-898.799999999998,9.362499999999912,1685.25,0.0,0,0.05,0.3593854620638821
1156,-921.8999999999985,9.603124999999944,1728.5625,0.0,0,0.05,0.3562857083303647
1157,-906.5999999999979,9.443749999999943,1699.875,0.0,0,0.05,0.3218463472970244
1158,-918.5999999999962,9.568749999999918,1722.375,0.0,0,0.05,0.3480146581100093
1159,-868.7999999999979,9.049999999999907,1629.0,0.0,0,0.05,0.33256156463693415
1160,-910.7999999999984,9.487499999999935,1707.75,0.0,0,0.05,0.34402319844294754
1161,-890.9999999999981,9.281249999999929,1670.625,0.0,0,0.05,0.3305549064495911
1162,-897.8999999999966,9.353124999999944,1683.5625,0.0,0,0.05,0.33652836251486506
1163,-898.1999999999994,9.356249999999921,1684.125,0.0,0,0.05,0.3632540916299654
1164,-920.4000000000003,9.587499999999936,1725.75,0.0,0,0.05,0.3541634190620648
1165,-920.9999999999978,9.593749999999957,1726.875,0.0,0,0.05,0.34228397372385694
1166,-915.2999999999989,9.534374999999931,1716.1875,0.0,0,0.05,0.3261741528028829
1167,-944.6999999999977,9.840624999999974,1771.3125,0.0,0,0.05,0.37713553381876813
1168,-919.7999999999977,9.581249999999946,1724.625,0.0,0,0.05,0.33176199563054576
1169,-902.999999999997,9.406249999999932,1693.125,0.0,0,0.05,0.34546335684652957
1170,-887.3999999999979,9.24374999999992,1663.875,0.0,0,0.05,0.35690331952128973
1171,-918.5999999999972,9.568749999999946,1722.375,0.0,0,0.05,0.31741020377828844
1172,-923.6999999999965,9.621874999999983,1731.9375,0.0,0,0.05,0.3518903480014867
1173,-929.9999999999972,9.687499999999972,1743.75,0.0,0,0.05,0.3231980486152073
1174,-895.7999999999977,9.331249999999951,1679.625,0.0,0,0.05,0.3304523303690884
1175,-943.4999999999978,9.828124999999954,1769.0625,0.0,0,0.05,0.30869256275602514
1176,-908.999999999998,9.468749999999945,1704.375,0.0,0,0.05,0.3500696842144761
1177,-918.2999999999967,9.565624999999924,1721.8125,0.0,0,0.05,0.3221422884302835
1178,-895.4999999999967,9.328124999999945,1679.0625,0.0,0,0.05,0.31322462344542146
1179,-888.2999999999976,9.253124999999933,1665.5625,0.0,0,0.05,0.32410599328577516
1180,-917.3999999999976,9.556249999999936,1720.125,0.0,0,0.05,0.3406319954122106
1181,-884.3999999999979,9.212499999999922,1658.25,0.0,0,0.05,0.33370402289244033
1182,-902.6999999999989,9.403124999999934,1692.5625,0.0,0,0.05,0.32780528095964756
1183,-919.4999999999973,9.578124999999941,1724.0625,0.0,0,0.05,0.3421949368953291
1184,-946.1999999999975,9.856249999999948,1774.125,0.0,0,0.05,0.3151405757758766
1185,-918.2999999999956,9.565624999999951,1721.8125,0.0,0,0.05,0.3426635233944075
1186,-917.3999999999987,9.556249999999945,1720.125,0.0,0,0.05,0.33040453360622957
1187,-924.2999999999961,9.628124999999955,1733.0625,0.0,0,0.05,0.3458577391691506
1188,-920.9999999999989,9.593749999999947,1726.875,0.0,0,0.05,0.3341283040638599
1189,-935.6999999999977,9.746874999999939,1754.4375,0.0,0,0.05,0.32654091685285996
1190,-910.499999999997,9.48437499999995,1707.1875,0.0,0,0.05,0.3366097734413213
1191,-907.1999999999988,9.449999999999912,1701.0,0.0,0,0.05,0.36155273920028574
1192,-886.7999999999953,9.237499999999931,1662.75,0.0,0,0.05,0.33406362796926664
1193,-896.3999999999984,9.337499999999936,1680.75,0.0,0,0.05,0.33098118931262027
1194,-923.6999999999979,9.621874999999937,1731.9375,0.0,0,0.05,0.34460612745024266
1195,-912.899999999994,9.509374999999947,1711.6875,0.0,0,0.05,0.3387070573245486
1196,-921.5999999999967,9.599999999999957,1728.0,0.0,0,0.05,0.33925505863606104
1197,-912.599999999998,9.506249999999953,1711.125,0.0,0,0.05,0.34508810123790884
1198,-897.8999999999984,9.353124999999917,1683.5625,0.0,0,0.05,0.329205563907615
1199,-940.499999999996,9.796874999999977,1763.4375,0.0,0,0.05,0.3436989466452764
1200,-932.099999999998,9.709374999999941,1747.6875,0.0,0,0.05,0.339526843233034
1201,-902.6999999999988,9.403124999999937,1692.5625,0.0,0,0.05,0.33468734935805616
1202,-878.9999999999957,9.156249999999941,1648.125,0.0,0,0.05,0.32164960315761465
1203,-907.7999999999972,9.456249999999935,1702.125,0.0,0,0.05,0.33430704125720595
1204,-944.9999999999969,9.843749999999947,1771.875,0.0,0,0.05,0.3330034182096521
1205,-926.9999999999952,9.656249999999961,1738.125,0.0,0,0.05,0.32060268028225336
1206,-910.799999999997,9.487499999999937,1707.75,0.0,0,0.05,0.33653289982014234
1207,-899.3999999999962,9.368749999999944,1686.375,0.0,0,0.05,0.3392606778173811
1208,-920.6999999999972,9.590624999999962,1726.3125,0.0,0,0.05,0.34834112503772807
1209,-873.299999999997,9.096874999999923,1637.4375,0.0,0,0.05,0.3461196229637911
1210,-881.6999999999987,9.184374999999912,1653.1875,0.0,0,0.05,0.316769657509091
1211,-913.1999999999977,9.51249999999994,1712.25,0.0,0,0.05,0.3422951443094967
1212,-899.3999999999979,9.368749999999952,1686.375,0.0,0,0.05,0.3508717308493538
1213,-923.6999999999977,9.621874999999937,1731.9375,0.0,0,0.05,0.3311890439596027
1214,-955.499999999996,9.953124999999968,1791.5625,0.0,0,0.05,0.31764703781550957
1215,-915.8999999999979,9.54062499999994,1717.3125,0.0,0,0.05,0.316475239300376
1216,-941.6999999999983,9.809374999999955,1765.6875,0.0,0,0.05,0.31939386109718015
1217,-926.3999999999994,9.649999999999931,1737.0,0.0,0,0.05,0.36924855223753383
1218,-929.6999999999992,9.684374999999953,1743.1875,0.0,0,0.05,0.3360470238710857
1219,-912.8999999999997,9.509374999999936,1711.6875,0.0,0,0.05,0.32747367179642123
1220,-923.0999999999975,9.615624999999921,1730.8125,0.0,0,0.05,0.3567353717982769
1221,-916.4999999999978,9.54687499999997,1718.4375,0.0,0,0.05,0.36903252800823083
1222,-924.2999999999965,9.628124999999981,1733.0625,0.0,0,0.05,0.3262831647078403
1223,-902.6999999999971,9.40312499999994,1692.5625,0.0,0,0.05,0.3388456798158586
1224,-921.899999999997,9.603124999999942,1728.5625,0.0,0,0.05,0.3468723263281087
1225,-899.6999999999978,9.371874999999946,1686.9375,0.0,0,0.05,0.34101756009945855
1226,-890.0999999999982,9.27187499999991,1668.9375,0.0,0,0.05,0.3409223508141521
1227,-920.0999999999977,9.584374999999943,1725.1875,0.0,0,0.05,0.3346195281483233
1228,-899.6999999999989,9.371874999999937,1686.9375,0.0,0,0.05,0.355032853440692
1229,-863.9999999999991,8.99999999999991,1620.0,0.0,0,0.05,0.37777240480710234
1230,-909.8999999999979,9.47812499999994,1706.0625,0.0,0,0.05,0.32028669205287263
1231,-918.8999999999984,9.571874999999922,1722.9375,0.0,0,0.05,0.34243840792526803
1232,-932.3999999999983,9.712499999999956,1748.25,0.0,0,0.05,0.36482465842531786
1233,-920.9999999999974,9.593749999999936,1726.875,0.0,0,0.05,0.3591310495045036
1234,-902.9999999999978,9.406249999999932,1693.125,0.0,0,0.05,0.3749269774287111
1235,-923.9999999999968,9.624999999999938,1732.5,0.0,0,0.05,0.3418387040651093
1236,-897.5999999999967,9.349999999999955,1683.0,0.0,0,0.05,0.3489266973092324
1237,-892.1999999999983,9.293749999999932,1672.875,0.0,0,0.05,0.3245547072082344
1238,-894.8999999999976,9.321874999999944,1677.9375,0.0,0,0.05,0.3422915441993003
1239,-912.2999999999981,9.503124999999939,1710.5625,0.0,0,0.05,0.3391001283760286
1240,-910.1999999999986,9.48124999999996,1706.625,0.0,0,0.05,0.35878173293959764
1241,-898.7999999999965,9.36249999999994,1685.25,0.0,0,0.05,0.3644667501406123
1242,-905.6999999999977,9.434374999999935,1698.1875,0.0,0,0.05,0.365737725675313
1243,-863.3999999999979,8.993749999999922,1618.875,0.0,0,0.05,0.3298746391820411
1244,-932.3999999999959,9.712499999999949,1748.25,0.0,0,0.05,0.3266632020887401
1245,-893.3999999999971,9.306249999999931,1675.125,0.0,0,0.05,0.34391114819380975
1246,-859.7999999999988,8.956249999999915,1612.125,0.0,0,0.05,0.3532615342772462
1247,-946.7999999999979,9.862499999999946,1775.25,0.0,0,0.05,0.3515899455278284
1248,-872.0999999999987,9.084374999999918,1635.1875,0.0,0,0.05,0.3445737153550403
1249,-895.7999999999986,9.331249999999926,1679.625,0.0,0,0.05,0.3291984729934484
1250,-909.5999999999962,9.47499999999993,1705.5,0.0,0,0.05,0.34851819816976787
1251,-903.8999999999955,9.41562499999994,1694.8125,0.0,0,0.05,0.35189930855606993
1252,-913.7999999999975,9.51874999999995,1713.375,0.0,0,0.05,0.3541497124979893
1253,-883.7999999999952,9.206249999999928,1657.125,0.0,0,0.05,0.32518714716554514
1254,-918.5999999999975,9.568749999999943,1722.375,0.0,0,0.05,0.3359813697273947
1255,-893.099999999999,9.303124999999948,1674.5625,0.0,0,0.05,0.2974329932178888
1256,-919.7999999999972,9.581249999999944,1724.625,0.0,0,0.05,0.3281743989791721
1257,-915.299999999997,9.534374999999956,1716.1875,0.0,0,0.05,0.2944427563679508
1258,-896.6999999999992,9.340624999999921,1681.3125,0.0,0,0.05,0.3638918906191571
1259,-959.9999999999986,9.999999999999948,1800.0,0.0,0,0.05,0.3633738619275391
1260,-913.7999999999984,9.518749999999942,1713.375,0.0,0,0.05,0.35485569671210315
1261,-947.3999999999979,9.868749999999944,1776.375,0.0,0,0.05,0.34504445610930107
1262,-911.6999999999977,9.496874999999939,1709.4375,0.0,0,0.05,0.30785354687832295
1263,-925.1999999999982,9.637499999999916,1734.75,0.0,0,0.05,0.38111538453958926
1264,-902.9999999999965,9.406249999999941,1693.125,0.0,0,0.05,0.3510333763073302
1265,-917.7,9.55937499999992,1720.6875,0.0,0,0.05,0.3560461572319683
1266,-890.6999999999972,9.27812499999994,1670.0625,0.0,0,0.05,0.3267035946638013
1267,-910.1999999999982,9.481249999999914,1706.625,0.0,0,0.05,0.35961726233621855
1268,-939.5999999999982,9.787499999999971,1761.75,0.0,0,0.05,0.33387105190712546
1269,-920.9999999999982,9.593749999999932,1726.875,0.0,0,0.05,0.3228411597510179
1270,-886.7999999999988,9.237499999999937,1662.75,0.0,0,0.05,0.315290076420125
1271,-934.1999999999972,9.731249999999951,1751.625,0.0,0,0.05,0.3155409588349155
1272,-897.2999999999973,9.346874999999946,1682.4375,0.0,0,0.05,0.32821940568844893
1273,-898.499999999997,9.359374999999984,1684.6875,0.0,0,0.05,0.36486753346915873
1274,-916.7999999999978,9.549999999999944,1719.0,0.0,0,0.05,0.34942963646414377
1275,-910.7999999999963,9.487499999999944,1707.75,0.0,0,0.05,0.3561527951103118
1276,-904.7999999999987,9.424999999999937,1696.5,0.0,0,0.05,0.32084794094682567
1277,-904.1999999999974,9.418749999999935,1695.375,0.0,0,0.05,0.334775039822691
1278,-904.199999999997,9.418749999999942,1695.375,0.0,0,0.05,0.36111955896226894
1279,-908.6999999999961,9.465624999999942,1703.8125,0.0,0,0.05,0.3496476176246587
1280,-934.7999999999963,9.737499999999956,1752.75,0.0,0,0.05,0.3390579950219641
1281,-896.3999999999987,9.337499999999924,1680.75,0.0,0,0.05,0.3189254007767886
1282,-898.7999999999965,9.362499999999953,1685.25,0.0,0,0.05,0.361353947289495
1283,-881.099999999998,9.178124999999918,1652.0625,0.0,0,0.05,0.32162643032045
1284,-903.5999999999976,9.412499999999913,1694.25,0.0,0,0.05,0.3315332518062658
1285,-902.0999999999975,9.396874999999948,1691.4375,0.0,0,0.05,0.32727727896223463
1286,-884.0999999999989,9.20937499999991,1657.6875,0.0,0,0.05,0.3216245487384084
1287,-908.9999999999975,9.468749999999936,1704.375,0.0,0,0.05,0.3308950274406622
1288,-929.6999999999953,9.68437499999997,1743.1875,0.0,0,0.05,0.32452138422781396
1289,-905.0999999999974,9.428124999999945,1697.0625,0.0,0,0.05,0.3411493521985701
1290,-927.8999999999984,9.665624999999942,1739.8125,0.0,0,0.05,0.32470647579886847
1291,-899.999999999999,9.374999999999932,1687.5,0.0,0,0.05,0.33034740631572074
1292,-944.6999999999961,9.840624999999969,1771.3125,0.0,0,0.05,0.3215043241261608
1293,-895.4999999999992,9.328124999999932,1679.0625,0.0,0,0.05,0.3428232711170697
1294,-922.799999999996,9.612499999999955,1730.25,0.0,0,0.05,0.3279154542316165
1295,-921.8999999999994,9.603124999999931,1728.5625,0.0,0,0.05,0.3330667283748173
1296,-943.7999999999971,9.83124999999997,1769.625,0.0,0,0.05,0.3164869719547116
1297,-917.6999999999965,9.559374999999948,1720.6875,0.0,0,0.05,0.3306394509997012
1298,-922.7999999999968,9.612499999999958,1730.25,0.0,0,0.05,0.3413906312495884
1299,-926.6999999999942,9.653124999999964,1737.5625,0.0,0,0.05,0.32825719584555674
1300,-908.3999999999955,9.462499999999974,1703.25,0.0,0,0.05,0.3571170010138303
1301,-899.6999999999966,9.371874999999939,1686.9375,0.0,0,0.05,0.3658940706712504
1302,-914.3999999999976,9.524999999999928,1714.5,0.0,0,0.05,0.3240346539248195
1303,-918.5999999999979,9.568749999999952,1722.375,0.0,0,0.05,0.34604673630868393
1304,-908.9999999999976,9.468749999999932,1704.375,0.0,0,0.05,0.3431218453734699
1305,-941.3999999999994,9.806249999999947,1765.125,0.0,0,0.05,0.34482981545022795
1306,-911.3999999999986,9.493749999999933,1708.875,0.0,0,0.05,0.3358320340048522
1307,-885.2999999999997,9.221874999999933,1659.9375,0.0,0,0.05,0.32091222155528765
1308,-895.7999999999984,9.331249999999928,1679.625,0.0,0,0.05,0.3573019273113459
1309,-914.9999999999973,9.53124999999995,1715.625,0.0,0,0.05,0.353223345713276
1310,-903.5999999999981,9.41249999999993,1694.25,0.0,0,0.05,0.33921879906621244
1311,-927.5999999999963,9.662499999999932,1739.25,0.0,0,0.05,0.318102632680287
1312,-931.7999999999975,9.706249999999939,1747.125,0.0,0,0.05,0.33055656214969026
1313,-897.299999999995,9.346874999999924,1682.4375,0.0,0,0.05,0.36136758379224276
1314,-921.2999999999998,9.596874999999928,1727.4375,0.0,0,0.05,0.3550943560225682
1315,-917.3999999999991,9.556249999999924,1720.125,0.0,0,0.05,0.33895947012739874
1316,-871.4999999999985,9.07812499999992,1634.0625,0.0,0,0.05,0.3123310359634666
1317,-913.799999999998,9.518749999999944,1713.375,0.0,0,0.05,0.319830770800925
1318,-939.3000000000005,9.784374999999935,1761.1875,0.0,0,0.05,0.3453319655886541
1319,-921.2999999999976,9.596874999999944,1727.4375,0.0,0,0.05,0.3276519975857809
1320,-892.4999999999969,9.296874999999932,1673.4375,0.0,0,0.05,0.34126239020066956
1321,-917.9999999999976,9.56249999999994,1721.25,0.0,0,0.05,0.3467902823558284
1322,-919.7999999999975,9.581249999999969,1724.625,0.0,0,0.05,0.31098421207732624
1323,-898.4999999999965,9.359374999999938,1684.6875,0.0,0,0.05,0.33927657734085287
1324,-902.9999999999985,9.406249999999947,1693.125,0.0,0,0.05,0.3470704675600347
1325,-909.8999999999985,9.478124999999938,1706.0625,0.0,0,0.05,0.34692399038208854
1326,-896.099999999999,9.334374999999918,1680.1875,0.0,0,0.05,0.3434923805555122
1327,-894.5999999999973,9.318749999999927,1677.375,0.0,0,0.05,0.3390229766619288
1328,-923.0999999999992,9.615624999999964,1730.8125,0.0,0,0.05,0.3415664658829984
1329,-913.4999999999977,9.515624999999943,1712.8125,0.0,0,0.05,0.33559268253544966
1330,-922.4999999999945,9.609374999999977,1729.6875,0.0,0,0.05,0.33157006998856864
1331,-898.4999999999944,9.359374999999954,1684.6875,0.0,0,0.05,0.3558186243288219
1332,-878.9999999999974,9.156249999999927,1648.125,0.0,0,0.05,0.3526624769386318
1333,-926.6999999999977,9.653124999999944,1737.5625,0.0,0,0.05,0.33604229538080593
1334,-875.6999999999997,9.121874999999907,1641.9375,0.0,0,0.05,0.3299476392023886
1335,-862.7999999999985,8.987499999999915,1617.75,0.0,0,0.05,0.34259801079105173
1336,-893.3999999999979,9.30624999999993,1675.125,0.0,0,0.05,0.33187866531208987
1337,-920.9999999999972,9.593749999999936,1726.875,0.0,0,0.05,0.3395566266650955
1338,-912.8999999999993,9.509374999999915,1711.6875,0.0,0,0.05,0.33280895537593297
1339,-889.799999999998,9.268749999999942,1668.375,0.0,0,0.05,0.30906518969374397
1340,-918.8999999999977,9.571874999999926,1722.9375,0.0,0,0.05,0.32027763520470925
1341,-904.1999999999987,9.418749999999918,1695.375,0.0,0,0.05,0.342594088624335
1342,-899.9999999999983,9.374999999999922,1687.5,0.0,0,0.05,0.31878362647257746
1343,-897.2999999999978,9.34687499999993,1682.4375,0.0,0,0.05,0.33271831191765766
1344,-913.7999999999975,9.518749999999942,1713.375,0.0,0,0.05,0.3399085783554862
1345,-889.1999999999981,9.262499999999932,1667.25,0.0,0,0.05,0.35076855547829633
1346,-897.8999999999977,9.35312499999996,1683.5625,0.0,0,0.05,0.3545398079427994
1347,-896.6999999999981,9.340624999999951,1681.3125,0.0,0,0.05,0.328501511284978
1348,-901.1999999999982,9.387499999999926,1689.75,0.0,0,0.05,0.3508512121263064
1349,-872.4000000000003,9.087499999999936,1635.75,0.0,0,0.05,0.31726832078873285
1350,-923.9999999999965,9.62499999999996,1732.5,0.0,0,0.05,0.3323022625874728
1351,-924.8999999999969,9.634374999999947,1734.1875,0.0,0,0.05,0.30855567475729107
1352,-898.5000000000005,9.359374999999932,1684.6875,0.0,0,0.05,0.3393202419030584
1353,-925.7999999999979,9.643749999999935,1735.875,0.0,0,0.05,0.3262648056778643
1354,-862.5000000000006,8.984374999999892,1617.1875,0.0,0,0.05,0.34295770834820966
1355,-910.7999999999973,9.487499999999924,1707.75,0.0,0,0.05,0.3394246538480123
1356,-909.8999999999982,9.478124999999928,1706.0625,0.0,0,0.05,0.3344144706640186
1357,-883.7999999999957,9.206249999999944,1657.125,0.0,0,0.05,0.3014275144294111
1358,-859.8000000000002,8.956249999999898,1612.125,0.0,0,0.05,0.35237644594680106
1359,-931.1999999999981,9.699999999999973,1746.0,0.0,0,0.05,0.3445490430885305
1360,-913.1999999999965,9.51249999999994,1712.25,0.0,0,0.05,0.3351759391836822
1361,-902.3999999999983,9.399999999999936,1692.0,0.0,0,0.05,0.33202512427750563
1362,-930.299999999999,9.690624999999937,1744.3125,0.0,0,0.05,0.3427424249394486
1363,-903.2999999999964,9.409374999999937,1693.6875,0.0,0,0.05,0.36177233145572246
1364,-922.7999999999971,9.612499999999953,1730.25,0.0,0,0.05,0.33287291863622764
1365,-953.3999999999957,9.931249999999983,1787.625,0.0,0,0.05,0.32872226897420154
1366,-903.5999999999988,9.412499999999946,1694.25,0.0,0,0.05,0.33101991760130556
1367,-892.1999999999974,9.293749999999934,1672.875,0.0,0,0.05,0.3108310851837612
1368,-900.2999999999995,9.378124999999919,1688.0625,0.0,0,0.05,0.34355332424036333
1369,-929.6999999999956,9.68437499999997,1743.1875,0.0,0,0.05,0.3358731952754574
1370,-920.3999999999985,9.587499999999947,1725.75,0.0,0,0.05,0.31216173322043483
1371,-892.7999999999977,9.299999999999956,1674.0,0.0,0,0.05,0.34148592460486626
1372,-922.4999999999964,9.609374999999957,1729.6875,0.0,0,0.05,0.3459350814292621
1373,-884.0999999999965,9.20937499999992,1657.6875,0.0,0,0.05,0.34263929516439223
1374,-917.0999999999971,9.553124999999946,1719.5625,0.0,0,0.05,0.32701964519607524
1375,-911.0999999999974,9.490624999999955,1708.3125,0.0,0,0.05,0.32081671656212873
1376,-921.2999999999973,9.596874999999953,1727.4375,0.0,0,0.05,0.35054134098399015
1377,-915.599999999998,9.537499999999955,1716.75,0.0,0,0.05,0.34545229885002804
1378,-898.4999999999967,9.359374999999943,1684.6875,0.0,0,0.05,0.3327117061138981
1379,-899.0999999999982,9.36562499999993,1685.8125,0.0,0,0.05,0.32231726399105454
1380,-935.3999999999979,9.743749999999968,1753.875,0.0,0,0.05,0.3073296913307988
1381,-925.4999999999958,9.640624999999934,1735.3125,0.0,0,0.05,0.3398920101734499
1382,-897.599999999997,9.349999999999962,1683.0,0.0,0,0.05,0.3360539708648705
1383,-914.3999999999984,9.52499999999993,1714.5,0.0,0,0.05,0.3212791894407322
1384,-913.4999999999964,9.515624999999943,1712.8125,0.0,0,0.05,0.33605641232699984
1385,-894.5999999999993,9.31874999999992,1677.375,0.0,0,0.05,0.3372359051990012
1386,-954.5999999999959,9.94374999999998,1789.875,0.0,0,0.05,0.34780952834213774
1387,-903.8999999999966,9.415624999999952,1694.8125,0.0,0,0.05,0.32257731853363414
1388,-927.8999999999968,9.66562499999996,1739.8125,0.0,0,0.05,0.32969857348750037
1389,-890.3999999999959,9.274999999999935,1669.5,0.0,0,0.05,0.34762560620955707
1390,-908.3999999999986,9.462499999999935,1703.25,0.0,0,0.05,0.32290109280600315
1391,-937.5,9.765624999999947,1757.8125,0.0,0,0.05,0.3551388314511213
1392,-923.9999999999966,9.624999999999948,1732.5,0.0,0,0.05,0.345277224915723
1393,-933.2999999999967,9.721874999999947,1749.9375,0.0,0,0.05,0.3253501416494449
1394,-902.3999999999959,9.399999999999945,1692.0,0.0,0,0.05,0.35091381723371645
1395,-894.5999999999979,9.318749999999937,1677.375,0.0,0,0.05,0.3321604506733517
1396,-908.6999999999985,9.465624999999914,1703.8125,0.0,0,0.05,0.3264470721077588
1397,-899.9999999999975,9.374999999999936,1687.5,0.0,0,0.05,0.312439593163112
1398,-911.6999999999983,9.496874999999934,1709.4375,0.0,0,0.05,0.3666780203425636
1399,-929.0999999999983,9.67812499999993,1742.0625,0.0,0,0.05,0.34074718877155746
1400,-899.9999999999983,9.374999999999932,1687.5,0.0,0,0.05,0.3261493540058533
1401,-890.9999999999985,9.281249999999934,1670.625,0.0,0,0.05,0.31959590000721316
1402,-887.3999999999972,9.24374999999989,1663.875,0.0,0,0.05,0.3305622369775342
1403,-893.3999999999985,9.306249999999913,1675.125,0.0,0,0.05,0.34337259012584886
1404,-900.8999999999984,9.384374999999912,1689.1875,0.0,0,0.05,0.326763290922261
1405,-922.199999999996,9.606249999999958,1729.125,0.0,0,0.05,0.34507849691435694
1406,-953.6999999999969,9.934374999999957,1788.1875,0.0,0,0.05,0.3372489592836549
1407,-899.0999999999992,9.365624999999914,1685.8125,0.0,0,0.05,0.30529529728357574
1408,-917.3999999999972,9.556249999999961,1720.125,0.0,0,0.05,0.33603444366405405
1409,-902.3999999999994,9.39999999999994,1692.0,0.0,0,0.05,0.3172438395778752
1410,-895.499999999997,9.328124999999924,1679.0625,0.0,0,0.05,0.32307070274837313
1411,-924.2999999999972,9.62812499999994,1733.0625,0.0,0,0.05,0.35412743533444074
1412,-940.1999999999981,9.793749999999962,1762.875,0.0,0,0.05,0.33800706349106296
1413,-920.3999999999982,9.587499999999954,1725.75,0.0,0,0.05,0.34008585398809776
1414,-905.0999999999985,9.42812499999993,1697.0625,0.0,0,0.05,0.361814645708849
1415,-933.8999999999959,9.72812499999995,1751.0625,0.0,0,0.05,0.3294179743776719
1416,-927.599999999998,9.66249999999993,1739.25,0.0,0,0.05,0.3416584443326833
1417,-947.3999999999963,9.868749999999961,1776.375,0.0,0,0.05,0.33957664363810586
1418,-931.4999999999981,9.703124999999925,1746.5625,0.0,0,0.05,0.32590390829783344
1419,-923.3999999999993,9.618749999999928,1731.375,0.0,0,0.05,0.3317149702563054
1420,-906.299999999997,9.440624999999939,1699.3125,0.0,0,0.05,0.34815101633883183
1421,-907.1999999999973,9.44999999999993,1701.0,0.0,0,0.05,0.352487732627843
1422,-884.6999999999967,9.215624999999935,1658.8125,0.0,0,0.05,0.3293921741294778
1423,-899.3999999999985,9.368749999999933,1686.375,0.0,0,0.05,0.34749693387291497
1424,-890.9999999999959,9.281249999999924,1670.625,0.0,0,0.05,0.3205910183541063
1425,-917.9999999999958,9.562499999999952,1721.25,0.0,0,0.05,0.35079045092893973
1426,-923.0999999999974,9.615624999999943,1730.8125,0.0,0,0.05,0.35679844490045476
1427,-900.2999999999972,9.378124999999926,1688.0625,0.0,0,0.05,0.35375017925269076
1428,-908.6999999999973,9.465624999999918,1703.8125,0.0,0,0.05,0.3218546294969403
1429,-898.4999999999983,9.359374999999922,1684.6875,0.0,0,0.05,0.317625967392491
1430,-896.3999999999978,9.337499999999935,1680.75,0.0,0,0.05,0.3231667074866386
1431,-947.3999999999974,9.868749999999942,1776.375,0.0,0,0.05,0.3152451617643237
1432,-908.3999999999985,9.462499999999931,1703.25,0.0,0,0.05,0.33560457127168775
1433,-878.699999999998,9.153124999999946,1647.5625,0.0,0,0.05,0.3572824216447771
1434,-898.2000000000002,9.356249999999912,1684.125,0.0,0,0.05,0.3538089916265259
1435,-931.1999999999977,9.69999999999994,1746.0,0.0,0,0.05,0.36396048137555936
1436,-913.1999999999997,9.512499999999932,1712.25,0.0,0,0.05,0.3673123904115831
1437,-914.0999999999959,9.521874999999964,1713.9375,0.0,0,0.05,0.35376134715043006
1438,-920.0999999999973,9.584374999999959,1725.1875,0.0,0,0.05,0.35149772960382203
1439,-899.6999999999972,9.371874999999957,1686.9375,0.0,0,0.05,0.34652806517357626
1440,-894.2999999999995,9.315624999999931,1676.8125,0.0,0,0.05,0.3560658511188295
1441,-883.4999999999967,9.203124999999917,1656.5625,0.0,0,0.05,0.3369495284329686
1442,-886.1999999999967,9.231249999999946,1661.625,0.0,0,0.05,0.3714641151328882
1443,-923.6999999999974,9.621874999999935,1731.9375,0.0,0,0.05,0.3327923572311799
1444,-940.7999999999984,9.799999999999953,1764.0,0.0,0,0.05,0.3744336326347871
1445,-894.2999999999939,9.31562499999995,1676.8125,0.0,0,0.05,0.34221314273567666
1446,-890.6999999999977,9.27812499999994,1670.0625,0.0,0,0.05,0.371902526040665
1447,-909.599999999997,9.474999999999932,1705.5,0.0,0,0.05,0.35351474409302075
1448,-921.2999999999981,9.596874999999933,1727.4375,0.0,0,0.05,0.35007858297580646
1449,-891.8999999999977,9.290624999999936,1672.3125,0.0,0,0.05,0.312447961130076
1450,-890.0999999999991,9.271874999999934,1668.9375,0.0,0,0.05,0.3537578560618891
1451,-891.2999999999961,9.284374999999947,1671.1875,0.0,0,0.05,0.318122512433264
1452,-909.5999999999981,9.474999999999943,1705.5,0.0,0,0.05,0.3368093710910115
1453,-950.0999999999973,9.89687499999996,1781.4375,0.0,0,0.05,0.3578285648384028
1454,-913.4999999999962,9.515624999999961,1712.8125,0.0,0,0.05,0.34867985488639935
1455,-921.8999999999958,9.603124999999952,1728.5625,0.0,0,0.05,0.34232977483835486
1456,-917.9999999999973,9.562499999999936,1721.25,0.0,0,0.05,0.33448802956069507
1457,-916.4999999999969,9.546874999999952,1718.4375,0.0,0,0.05,0.3642901080246601
1458,-896.999999999997,9.343749999999966,1681.875,0.0,0,0.05,0.3351590958527393
1459,-932.3999999999982,9.712499999999926,1748.25,0.0,0,0.05,0.34137863199123075
1460,-897.599999999998,9.34999999999993,1683.0,0.0,0,0.05,0.3477297393941424
1461,-881.9999999999978,9.187499999999911,1653.75,0.0,0,0.05,0.33622620087116956
1462,-908.3999999999972,9.462499999999931,1703.25,0.0,0,0.05,0.34443831843220524
1463,-921.2999999999973,9.596874999999923,1727.4375,0.0,0,0.05,0.3591233437311732
1464,-902.0999999999975,9.396874999999948,1691.4375,0.0,0,0.05,0.33863736923473575
1465,-917.9999999999981,9.56249999999993,1721.25,0.0,0,0.05,0.339682303643268
1466,-909.5999999999975,9.474999999999941,1705.5,0.0,0,0.05,0.33863898813207116
1467,-893.9999999999984,9.312499999999902,1676.25,0.0,0,0.05,0.35229588419509433
1468,-911.9999999999968,9.499999999999934,1710.0,0.0,0,0.05,0.319719783268455
1469,-881.3999999999966,9.181249999999922,1652.625,0.0,0,0.05,0.31621631200735767
1470,-908.699999999997,9.46562499999994,1703.8125,0.0,0,0.05,0.35254199903768796
1471,-916.7999999999987,9.549999999999942,1719.0,0.0,0,0.05,0.32067544953638893
1472,-911.399999999998,9.49374999999995,1708.875,0.0,0,0.05,0.32790434161822
1473,-906.8999999999965,9.44687499999995,1700.4375,0.0,0,0.05,0.3228629194200039
1474,-932.6999999999972,9.715624999999953,1748.8125,0.0,0,0.05,0.33055529471797246
1475,-905.3999999999986,9.431249999999933,1697.625,0.0,0,0.05,0.3398509357435008
1476,-897.2999999999985,9.346874999999917,1682.4375,0.0,0,0.05,0.33176314008111757
1477,-914.0999999999988,9.52187499999993,1713.9375,0.0,0,0.05,0.3321295744429032
1478,-922.7999999999959,9.612499999999933,1730.25,0.0,0,0.05,0.3306067700187365
1479,-923.6999999999997,9.621874999999934,1731.9375,0.0,0,0.05,0.36264878649575016
1480,-933.2999999999995,9.721874999999944,1749.9375,0.0,0,0.05,0.3289740675335957
1481,-917.3999999999997,9.556249999999936,1720.125,0.0,0,0.05,0.33318367317939795
1482,-932.9999999999972,9.718749999999932,1749.375,0.0,0,0.05,0.3236930473112605
1483,-925.1999999999973,9.637499999999955,1734.75,0.0,0,0.05,0.3281073103710595
1484,-920.6999999999974,9.590624999999946,1726.3125,0.0,0,0.05,0.33042641441441245
1485,-927.8999999999958,9.665624999999968,1739.8125,0.0,0,0.05,0.3336473516499003
1486,-881.4,9.18124999999991,1652.625,0.0,0,0.05,0.3228000323391623
1487,-944.3999999999979,9.83749999999995,1770.75,0.0,0,0.05,0.3248908028472215
1488,-890.6999999999988,9.278124999999914,1670.0625,0.0,0,0.05,0.33444333695289163
1489,-943.1999999999973,9.824999999999939,1768.5,0.0,0,0.05,0.3408494530297402
1490,-909.8999999999971,9.478124999999949,1706.0625,0.0,0,0.05,0.3126564142734019
1491,-925.4999999999983,9.640624999999957,1735.3125,0.0,0,0.05,0.298890677252267
1492,-924.8999999999975,9.634374999999952,1734.1875,0.0,0,0.05,0.34262904631646557
1493,-860.6999999999988,8.965624999999918,1613.8125,0.0,0,0.05,0.2979090572024385
1494,-885.5999999999973,9.224999999999916,1660.5,0.0,0,0.05,0.33659501991027757
1495,-886.4999999999977,9.234374999999938,1662.1875,0.0,0,0.05,0.33420061026699843
1496,-907.7999999999972,9.456249999999942,1702.125,0.0,0,0.05,0.3361886526716666
1497,-887.6999999999981,9.246874999999902,1664.4375,0.0,0,0.05,0.323836160890965
1498,-949.1999999999975,9.887499999999946,1779.75,0.0,0,0.05,0.32821685314281945
1499,-911.3999999999987,9.493749999999935,1708.875,0.0,0,0.05,0.33416686216369273
1500,-920.0999999999974,9.58437499999994,1725.1875,0.0,0,0.05,0.3222779714398914
1501,-918.5999999999972,9.568749999999948,1722.375,0.0,0,0.05,0.32255789364636356
1502,-920.3999999999974,9.587499999999949,1725.75,0.0,0,0.05,0.3221622518005057
1503,-883.7999999999992,9.206249999999942,1657.125,0.0,0,0.05,0.3364488867059764
1504,-940.5000000000008,9.796874999999932,1763.4375,0.0,0,0.05,0.31834186354859006
1505,-895.7999999999948,9.331249999999907,1679.625,0.0,0,0.05,0.332524128511755
1506,-933.8999999999978,9.728124999999975,1751.0625,0.0,0,0.05,0.33392428967894777
1507,-920.6999999999986,9.590624999999944,1726.3125,0.0,0,0.05,0.3341964980483883
1508,-890.3999999999988,9.274999999999913,1669.5,0.0,0,0.05,0.37034024614323346
1509,-903.299999999996,9.409374999999953,1693.6875,0.0,0,0.05,0.3212157898375558
1510,-893.699999999997,9.309374999999942,1675.6875,0.0,0,0.05,0.3524772444015576
1511,-935.0999999999963,9.740624999999959,1753.3125,0.0,0,0.05,0.33261741440639725
1512,-904.7999999999968,9.424999999999937,1696.5,0.0,0,0.05,0.3552622758472959
1513,-901.7999999999975,9.393749999999937,1690.875,0.0,0,0.05,0.32591699279016917
1514,-917.999999999998,9.562499999999952,1721.25,0.0,0,0.05,0.33363057910464705
1515,-862.7999999999992,8.987499999999914,1617.75,0.0,0,0.05,0.3594251723546121
1516,-930.2999999999992,9.690624999999944,1744.3125,0.0,0,0.05,0.3412426892616269
1517,-893.6999999999971,9.309374999999937,1675.6875,0.0,0,0.05,0.3326184311053819
1518,-903.5999999999957,9.412499999999921,1694.25,0.0,0,0.05,0.35591404150343603
1519,-900.2999999999965,9.37812499999993,1688.0625,0.0,0,0.05,0.32656013877131046
1520,-933.2999999999965,9.721874999999953,1749.9375,0.0,0,0.05,0.34501344833212594
1521,-910.1999999999972,9.481249999999953,1706.625,0.0,0,0.05,0.34041972984301133
1522,-893.6999999999972,9.309374999999935,1675.6875,0.0,0,0.05,0.3206348266400811
1523,-890.6999999999995,9.27812499999993,1670.0625,0.0,0,0.05,0.33688162768570085
1524,-926.9999999999984,9.656249999999934,1738.125,0.0,0,0.05,0.31739308356514406
1525,-898.4999999999983,9.359374999999936,1684.6875,0.0,0,0.05,0.3653529493293414
1526,-954.8999999999961,9.946874999999979,1790.4375,0.0,0,0.05,0.337495248293918
1527,-912.0,9.499999999999915,1710.0,0.0,0,0.05,0.34808378600411943
1528,-895.4999999999968,9.328124999999932,1679.0625,0.0,0,0.05,0.3390463882229394
1529,-884.3999999999966,9.212499999999938,1658.25,0.0,0,0.05,0.3332483165897429
1530,-896.9999999999982,9.343749999999924,1681.875,0.0,0,0.05,0.3325255314095153
1531,-885.5999999999979,9.224999999999918,1660.5,0.0,0,0.05,0.32448431127187277
1532,-912.2999999999978,9.5031249999999,1710.5625,0.0,0,0.05,0.3508030916460686
1533,-905.3999999999961,9.431249999999945,1697.625,0.0,0,0.05,0.35211660160890057
1534,-882.8999999999978,9.196874999999917,1655.4375,0.0,0,0.05,0.33283903767458267
1535,-897.8999999999967,9.353124999999936,1683.5625,0.0,0,0.05,0.3452014102238334
1536,-905.6999999999979,9.434374999999921,1698.1875,0.0,0,0.05,0.3303060839573542
1537,-894.299999999998,9.315624999999931,1676.8125,0.0,0,0.05,0.34146215843761135
1538,-900.2999999999986,9.378124999999928,1688.0625,0.0,0,0.05,0.3095363354465614
1539,-913.1999999999988,9.51249999999994,1712.25,0.0,0,0.05,0.3553960105507738
1540,-902.3999999999996,9.39999999999993,1692.0,0.0,0,0.05,0.3133435234039401
1541,-921.5999999999974,9.599999999999941,1728.0,0.0,0,0.05,0.3404304063051111
1542,-889.7999999999985,9.268749999999935,1668.375,0.0,0,0.05,0.34959708352366253
1543,-947.0999999999976,9.865624999999948,1775.8125,0.0,0,0.05,0.3424326653954469
1544,-895.7999999999968,9.331249999999953,1679.625,0.0,0,0.05,0.3293137371177889
1545,-911.6999999999988,9.496874999999925,1709.4375,0.0,0,0.05,0.31869988683611156
1546,-917.0999999999972,9.553124999999945,1719.5625,0.0,0,0.05,0.3412272332236171
1547,-902.9999999999983,9.406249999999925,1693.125,0.0,0,0.05,0.36809624404542973
1548,-902.0999999999974,9.396874999999921,1691.4375,0.0,0,0.05,0.3147457795062413
1549,-906.599999999997,9.44374999999993,1699.875,0.0,0,0.05,0.3350540520054185
1550,-909.8999999999999,9.478124999999935,1706.0625,0.0,0,0.05,0.33122788597312236
1551,-893.3999999999986,9.30624999999992,1675.125,0.0,0,0.05,0.33485508972468475
1552,-938.0999999999976,9.771874999999973,1758.9375,0.0,0,0.05,0.3699143925992151
1553,-894.5999999999987,9.318749999999918,1677.375,0.0,0,0.05,0.3292347483026485
1554,-951.8999999999984,9.915624999999949,1784.8125,0.0,0,0.05,0.3140213603904057
1555,-914.6999999999975,9.52812499999993,1715.0625,0.0,0,0.05,0.3590882600104022
1556,-929.9999999999975,9.687499999999952,1743.75,0.0,0,0.05,0.32925728605284044
1557,-895.1999999999986,9.32499999999995,1678.5,0.0,0,0.05,0.3207163990345887
1558,-909.8999999999983,9.478124999999933,1706.0625,0.0,0,0.05,0.33910552530756427
1559,-911.3999999999958,9.493749999999936,1708.875,0.0,0,0.05,0.3372506922369616
1560,-902.0999999999983,9.396874999999937,1691.4375,0.0,0,0.05,0.357759328900526
1561,-891.5999999999981,9.287499999999925,1671.75,0.0,0,0.05,0.319984150538221
1562,-903.8999999999965,9.415624999999944,1694.8125,0.0,0,0.05,0.33635455462564195
1563,-910.1999999999978,9.481249999999944,1706.625,0.0,0,0.05,0.3211127562086201
1564,-925.1999999999963,9.637499999999942,1734.75,0.0,0,0.05,0.31731989338166183
1565,-884.9999999999985,9.21874999999993,1659.375,0.0,0,0.05,0.32390863887655236
1566,-888.2999999999981,9.253124999999935,1665.5625,0.0,0,0.05,0.33524460510557724
1567,-932.0999999999989,9.709374999999936,1747.6875,0.0,0,0.05,0.3437277113346176
1568,-906.8999999999972,9.44687499999993,1700.4375,0.0,0,0.05,0.33491036577357186
1569,-887.6999999999978,9.2468749999999,1664.4375,0.0,0,0.05,0.33244854093839726
1570,-911.0999999999981,9.490624999999913,1708.3125,0.0,0,0.05,0.32880772850476203
1571,-920.9999999999968,9.593749999999954,1726.875,0.0,0,0.05,0.32800525688669746
1572,-900.5999999999973,9.381249999999946,1688.625,0.0,0,0.05,0.33001394488124386
1573,-923.399999999997,9.61874999999995,1731.375,0.0,0,0.05,0.34192950692441726
1574,-903.8999999999986,9.415624999999922,1694.8125,0.0,0,0.05,0.3106150968362474
1575,-912.5999999999959,9.506249999999946,1711.125,0.0,0,0.05,0.3212381895993733
1576,-927.2999999999979,9.659374999999976,1738.6875,0.0,0,0.05,0.3378594231067432
1577,-895.4999999999972,9.328124999999945,1679.0625,0.0,0,0.05,0.3385032442294889
1578,-916.1999999999975,9.543749999999948,1717.875,0.0,0,0.05,0.32226107087400224
1579,-904.4999999999976,9.421874999999934,1695.9375,0.0,0,0.05,0.3364266782378157
1580,-898.4999999999978,9.359374999999925,1684.6875,0.0,0,0.05,0.34687428745027216
1581,-927.2999999999982,9.659374999999965,1738.6875,0.0,0,0.05,0.3275321308626897
1582,-917.9999999999962,9.562499999999947,1721.25,0.0,0,0.05,0.33159272407388524
1583,-922.4999999999976,9.609374999999948,1729.6875,0.0,0,0.05,0.33674844032050005
1584,-923.0999999999987,9.615624999999945,1730.8125,0.0,0,0.05,0.34016237131630384
1585,-859.7999999999992,8.956249999999912,1612.125,0.0,0,0.05,0.33292615900023115
1586,-898.1999999999981,9.35624999999992,1684.125,0.0,0,0.05,0.32788600429064696
1587,-931.1999999999977,9.699999999999935,1746.0,0.0,0,0.05,0.3369303163063402
1588,-918.8999999999987,9.571874999999933,1722.9375,0.0,0,0.05,0.3290013160711775
1589,-894.2999999999985,9.31562499999993,1676.8125,0.0,0,0.05,0.329726724851773
1590,-917.6999999999977,9.559374999999926,1720.6875,0.0,0,0.05,0.3360248317088311
1591,-914.6999999999957,9.52812499999993,1715.0625,0.0,0,0.05,0.32949315100753057
1592,-903.2999999999972,9.409374999999978,1693.6875,0.0,0,0.05,0.31862417687144545
1593,-941.9999999999973,9.812499999999954,1766.25,0.0,0,0.05,0.34378328231784205
1594,-934.5000000000003,9.734374999999934,1752.1875,0.0,0,0.05,0.33697929904899665
1595,-914.9999999999985,9.531249999999938,1715.625,0.0,0,0.05,0.34304803976168236
1596,-917.099999999996,9.553124999999957,1719.5625,0.0,0,0.05,0.3534791128968613
1597,-917.0999999999979,9.553124999999945,1719.5625,0.0,0,0.05,0.35335802126468885
1598,-901.1999999999973,9.38749999999994,1689.75,0.0,0,0.05,0.3058027848963522
1599,-886.4999999999984,9.234374999999929,1662.1875,0.0,0,0.05,0.33610057121453185
1600,-916.1999999999975,9.543749999999942,1717.875,0.0,0,0.05,0.3329200536840492
1601,-909.8999999999961,9.478124999999949,1706.0625,0.0,0,0.05,0.3398734708937506
1602,-917.399999999999,9.556249999999931,1720.125,0.0,0,0.05,0.3481792336950699
1603,-905.6999999999956,9.434374999999921,1698.1875,0.0,0,0.05,0.33954077316706793
1604,-903.2999999999989,9.409374999999915,1693.6875,0.0,0,0.05,0.33511674598687224
1605,-912.599999999998,9.506249999999953,1711.125,0.0,0,0.05,0.3296795339478801
1606,-911.6999999999978,9.496874999999951,1709.4375,0.0,0,0.05,0.3498510556088554
1607,-941.0999999999971,9.803124999999959,1764.5625,0.0,0,0.05,0.3225774666967077
1608,-877.7999999999961,9.143749999999928,1645.875,0.0,0,0.05,0.3399432289517588
1609,-927.2999999999976,9.659374999999953,1738.6875,0.0,0,0.05,0.3228336935526588
1610,-935.6999999999969,9.746874999999958,1754.4375,0.0,0,0.05,0.30545504493638875
1611,-885.2999999999987,9.221874999999917,1659.9375,0.0,0,0.05,0.3312413121211446
1612,-944.0999999999975,9.834374999999957,1770.1875,0.0,0,0.05,0.32972278656024073
1613,-884.9999999999969,9.218749999999943,1659.375,0.0,0,0.05,0.35863013179558845
1614,-911.3999999999983,9.493749999999936,1708.875,0.0,0,0.05,0.3367856737174508
1615,-903.8999999999988,9.415624999999935,1694.8125,0.0,0,0.05,0.308095960976142
1616,-905.9999999999962,9.437499999999938,1698.75,0.0,0,0.05,0.3204713214525125
1617,-897.2999999999977,9.346874999999946,1682.4375,0.0,0,0.05,0.3407839372443656
1618,-898.7999999999972,9.362499999999956,1685.25,0.0,0,0.05,0.3360653005643851
1619,-897.8999999999985,9.353124999999936,1683.5625,0.0,0,0.05,0.3066300180585434
1620,-873.8999999999982,9.103124999999922,1638.5625,0.0,0,0.05,0.3545139295618153
1621,-924.8999999999976,9.634374999999936,1734.1875,0.0,0,0.05,0.3420644463919517
1622,-896.6999999999974,9.340624999999942,1681.3125,0.0,0,0.05,0.32438894389714634
1623,-875.9999999999983,9.124999999999922,1642.5,0.0,0,0.05,0.34822381306439637
1624,-920.9999999999978,9.593749999999941,1726.875,0.0,0,0.05,0.3192463923038708
1625,-927.599999999998,9.662499999999948,1739.25,0.0,0,0.05,0.34218088352742293
1626,-902.6999999999974,9.403124999999932,1692.5625,0.0,0,0.05,0.354671829382682
1627,-898.4999999999977,9.359374999999938,1684.6875,0.0,0,0.05,0.3432531056408253
1628,-927.8999999999986,9.665624999999945,1739.8125,0.0,0,0.05,0.3156445922459372
1629,-937.1999999999985,9.762499999999957,1757.25,0.0,0,0.05,0.3322366452310234
1630,-927.5999999999968,9.66249999999995,1739.25,0.0,0,0.05,0.3361498930801948
1631,-917.3999999999975,9.556249999999928,1720.125,0.0,0,0.05,0.34625268395886655
1632,-930.2999999999982,9.690624999999944,1744.3125,0.0,0,0.05,0.33184085994338
1633,-897.5999999999995,9.34999999999993,1683.0,0.0,0,0.05,0.3337229328799165
1634,-875.9999999999984,9.124999999999938,1642.5,0.0,0,0.05,0.34311649267716954
1635,-883.7999999999968,9.206249999999917,1657.125,0.0,0,0.05,0.32948136008861995
1636,-908.9999999999978,9.468749999999938,1704.375,0.0,0,0.05,0.3313707657520556
1637,-900.8999999999976,9.384374999999933,1689.1875,0.0,0,0.05,0.3314352283306006
1638,-891.2999999999976,9.284374999999944,1671.1875,0.0,0,0.05,0.3514214867674228
1639,-917.099999999998,9.553124999999946,1719.5625,0.0,0,0.05,0.322554309743767
1640,-934.4999999999985,9.734374999999929,1752.1875,0.0,0,0.05,0.35198624100950027
1641,-899.3999999999962,9.368749999999965,1686.375,0.0,0,0.05,0.3532088242471218
1642,-892.4999999999985,9.296874999999908,1673.4375,0.0,0,0.05,0.33727268211854
1643,-908.999999999997,9.46874999999995,1704.375,0.0,0,0.05,0.3350010976091855
1644,-913.1999999999979,9.512499999999951,1712.25,0.0,0,0.05,0.3554176222067326
1645,-929.6999999999961,9.684374999999966,1743.1875,0.0,0,0.05,0.3314306893334207
1646,-931.4999999999966,9.703124999999957,1746.5625,0.0,0,0.05,0.34833757055198983
1647,-924.5999999999991,9.631249999999964,1733.625,0.0,0,0.05,0.34081906932406125
1648,-908.9999999999965,9.468749999999941,1704.375,0.0,0,0.05,0.3360675290899558
1649,-916.7999999999972,9.549999999999947,1719.0,0.0,0,0.05,0.32368091966749896
1650,-892.499999999997,9.29687499999993,1673.4375,0.0,0,0.05,0.3523628458328959
1651,-912.2999999999975,9.503124999999944,1710.5625,0.0,0,0.05,0.3552585010365066
1652,-882.299999999996,9.190624999999933,1654.3125,0.0,0,0.05,0.34107959487785894
1653,-868.4999999999978,9.046874999999924,1628.4375,0.0,0,0.05,0.36559958393271597
1654,-935.6999999999972,9.746874999999948,1754.4375,0.0,0,0.05,0.34632762734674744
1655,-954.2999999999959,9.940624999999974,1789.3125,0.0,0,0.05,0.31137779412480693
1656,-933.2999999999971,9.721874999999951,1749.9375,0.0,0,0.05,0.3354114141729143
1657,-925.4999999999973,9.64062499999994,1735.3125,0.0,0,0.05,0.3395659672148112
1658,-897.6000000000007,9.349999999999929,1683.0,0.0,0,0.05,0.325993635559765
1659,-890.0999999999964,9.2718749999999,1668.9375,0.0,0,0.05,0.32361963136225114
1660,-893.9999999999981,9.312499999999929,1676.25,0.0,0,0.05,0.3412437292229798
1661,-920.0999999999979,9.584374999999948,1725.1875,0.0,0,0.05,0.34542437659886976
1662,-959.0999999999962,9.99062499999998,1798.3125,0.0,0,0.05,0.3469720234318326
1663,-889.7999999999977,9.268749999999928,1668.375,0.0,0,0.05,0.3260783815420129
1664,-916.1999999999965,9.543749999999944,1717.875,0.0,0,0.05,0.34236231447818377
1665,-893.0999999999971,9.303124999999945,1674.5625,0.0,0,0.05,0.3745790163003322
1666,-939.2999999999957,9.784374999999969,1761.1875,0.0,0,0.05,0.32226726579893794
1667,-911.3999999999965,9.493749999999933,1708.875,0.0,0,0.05,0.3435445752357029
1668,-868.1999999999997,9.043749999999907,1627.875,0.0,0,0.05,0.33811094522890117
1669,-902.399999999997,9.399999999999933,1692.0,0.0,0,0.05,0.33555942550301554
1670,-929.0999999999968,9.67812499999996,1742.0625,0.0,0,0.05,0.3524018959452709
1671,-894.8999999999979,9.321874999999954,1677.9375,0.0,0,0.05,0.337931753632923
1672,-938.0999999999984,9.771874999999962,1758.9375,0.0,0,0.05,0.3340821772115305
1673,-916.1999999999971,9.543749999999953,1717.875,0.0,0,0.05,0.3565270891464833
1674,-890.9999999999975,9.281249999999945,1670.625,0.0,0,0.05,0.3494785710962282
1675,-884.3999999999947,9.212499999999958,1658.25,0.0,0,0.05,0.37119208557220795
1676,-917.3999999999954,9.556249999999965,1720.125,0.0,0,0.05,0.330835846811533
1677,-930.8999999999971,9.696874999999974,1745.4375,0.0,0,0.05,0.33368093056811227
1678,-898.4999999999989,9.35937499999993,1684.6875,0.0,0,0.05,0.3700481897323496
1679,-927.8999999999971,9.665624999999944,1739.8125,0.0,0,0.05,0.33528720585422384
1680,-903.8999999999977,9.415624999999952,1694.8125,0.0,0,0.05,0.3259600990658833
1681,-917.0999999999968,9.553124999999955,1719.5625,0.0,0,0.05,0.33595837488149605
1682,-929.0999999999993,9.67812499999994,1742.0625,0.0,0,0.05,0.34776527038775384
1683,-877.499999999998,9.140624999999918,1645.3125,0.0,0,0.05,0.31482456843110007
1684,-932.9999999999989,9.718749999999932,1749.375,0.0,0,0.05,0.3790137575111455
1685,-909.2999999999976,9.471874999999928,1704.9375,0.0,0,0.05,0.3696326477608333
1686,-907.1999999999979,9.449999999999937,1701.0,0.0,0,0.05,0.33197156872289874
1687,-923.399999999997,9.618749999999947,1731.375,0.0,0,0.05,0.36472264320279163
1688,-937.4999999999991,9.765624999999956,1757.8125,0.0,0,0.05,0.37530817519873383
1689,-894.5999999999995,9.318749999999902,1677.375,0.0,0,0.05,0.35010258886549206
1690,-924.9000000000004,9.634374999999947,1734.1875,0.0,0,0.05,0.32952579068433907
1691,-918.899999999998,9.57187499999993,1722.9375,0.0,0,0.05,0.3393952893041488
1692,-941.099999999996,9.80312499999997,1764.5625,0.0,0,0.05,0.36702032734950385
1693,-903.8999999999966,9.415624999999931,1694.8125,0.0,0,0.05,0.33455452048737144
1694,-929.699999999999,9.68437499999993,1743.1875,0.0,0,0.05,0.33839205460002025
1695,-901.4999999999983,9.390624999999924,1690.3125,0.0,0,0.05,0.3519394697388634
1696,-911.3999999999978,9.493749999999949,1708.875,0.0,0,0.05,0.34473056833570204
1697,-938.3999999999963,9.774999999999956,1759.5,0.0,0,0.05,0.3278558904874242
1698,-908.6999999999969,9.465624999999953,1703.8125,0.0,0,0.05,0.3429509066743776
1699,-921.2999999999967,9.59687499999994,1727.4375,0.0,0,0.05,0.330211903501509
1700,-921.899999999997,9.603124999999935,1728.5625,0.0,0,0.05,0.34749007369909024
1701,-919.1999999999975,9.574999999999948,1723.5,0.0,0,0.05,0.33079097700926163
1702,-876.5999999999981,9.131249999999918,1643.625,0.0,0,0.05,0.32456590150896875
1703,-920.6999999999964,9.590624999999962,1726.3125,0.0,0,0.05,0.3385654854019069
1704,-955.1999999999991,9.949999999999944,1791.0,0.0,0,0.05,0.3464795854770475
1705,-915.8999999999984,9.540624999999938,1717.3125,0.0,0,0.05,0.3526114673871133
1706,-944.699999999997,9.840624999999944,1771.3125,0.0,0,0.05,0.31878089779056606
1707,-898.7999999999993,9.362499999999923,1685.25,0.0,0,0.05,0.32837394120482105
1708,-903.8999999999968,9.415624999999944,1694.8125,0.0,0,0.05,0.3580404452410423
1709,-899.9999999999964,9.37499999999997,1687.5,0.0,0,0.05,0.33809583513583574
1710,-937.4999999999984,9.765624999999961,1757.8125,0.0,0,0.05,0.3326549773052749
1711,-927.2999999999967,9.659374999999983,1738.6875,0.0,0,0.05,0.3516203539963398
1712,-922.1999999999972,9.606249999999937,1729.125,0.0,0,0.05,0.3480505167403155
1713,-887.9999999999977,9.249999999999938,1665.0,0.0,0,0.05,0.3511243135564857
1714,-915.5999999999972,9.537499999999953,1716.75,0.0,0,0.05,0.35791973060824805
1715,-875.0999999999992,9.115624999999929,1640.8125,0.0,0,0.05,0.31885526751478516
1716,-912.2999999999985,9.503124999999924,1710.5625,0.0,0,0.05,0.3293596371490922
1717,-888.8999999999961,9.259374999999944,1666.6875,0.0,0,0.05,0.3631938371186455
1718,-894.2999999999979,9.315624999999931,1676.8125,0.0,0,0.05,0.31650947422410053
1719,-914.9999999999965,9.531249999999941,1715.625,0.0,0,0.05,0.32512864972878663
1720,-901.7999999999965,9.393749999999939,1690.875,0.0,0,0.05,0.33890827314203814
1721,-894.8999999999988,9.32187499999992,1677.9375,0.0,0,0.05,0.34573185537527834
1722,-924.8999999999965,9.63437499999996,1734.1875,0.0,0,0.05,0.3470858560616357
1723,-891.8999999999985,9.290624999999928,1672.3125,0.0,0,0.05,0.3465691117983725
1724,-904.7999999999963,9.424999999999955,1696.5,0.0,0,0.05,0.3511768677737564
1725,-904.4999999999992,9.421874999999936,1695.9375,0.0,0,0.05,0.3468768811112063
1726,-972.599999999997,10.131249999999945,1823.625,0.0,0,0.05,0.3238131812566684
1727,-896.099999999999,9.334374999999934,1680.1875,0.0,0,0.05,0.3358256702052636
1728,-877.1999999999972,9.137499999999918,1644.75,0.0,0,0.05,0.3462943448581629
1729,-904.1999999999978,9.418749999999926,1695.375,0.0,0,0.05,0.3775355221237987
1730,-883.1999999999973,9.199999999999948,1656.0,0.0,0,0.05,0.3447799710556865
1731,-899.099999999999,9.365624999999921,1685.8125,0.0,0,0.05,0.3121980868745595
1732,-900.5999999999991,9.381249999999925,1688.625,0.0,0,0.05,0.35538766679560974
1733,-917.3999999999972,9.556249999999968,1720.125,0.0,0,0.05,0.342961346430497
1734,-913.7999999999945,9.51874999999996,1713.375,0.0,0,0.05,0.35462092467480233
1735,-901.1999999999975,9.38749999999993,1689.75,0.0,0,0.05,0.3695465471957707
1736,-899.3999999999972,9.368749999999942,1686.375,0.0,0,0.05,0.3287845200031168
1737,-908.0999999999974,9.459374999999936,1702.6875,0.0,0,0.05,0.322287875538071
1738,-880.1999999999965,9.168749999999918,1650.375,0.0,0,0.05,0.31103209484782485
1739,-873.5999999999976,9.099999999999927,1638.0,0.0,0,0.05,0.3425523087796238
1740,-913.4999999999957,9.515624999999941,1712.8125,0.0,0,0.05,0.3484533037110749
1741,-927.299999999998,9.659374999999963,1738.6875,0.0,0,0.05,0.3294027692017456
1742,-917.999999999996,9.562499999999948,1721.25,0.0,0,0.05,0.32324552599133716
1743,-921.8999999999969,9.603124999999936,1728.5625,0.0,0,0.05,0.3405822590717839
1744,-923.0999999999975,9.615624999999946,1730.8125,0.0,0,0.05,0.35650467694116134
1745,-908.0999999999974,9.459374999999943,1702.6875,0.0,0,0.05,0.33734115415459703
1746,-915.2999999999977,9.53437499999994,1716.1875,0.0,0,0.05,0.35126546145830717
1747,-941.9999999999974,9.81249999999996,1766.25,0.0,0,0.05,0.3367565775807533
1748,-898.1999999999983,9.356249999999926,1684.125,0.0,0,0.05,0.3218294209283259
1749,-915.5999999999974,9.537499999999943,1716.75,0.0,0,0.05,0.34076313948672676
1750,-913.7999999999976,9.51874999999996,1713.375,0.0,0,0.05,0.3394663014009388
1751,-907.1999999999972,9.449999999999944,1701.0,0.0,0,0.05,0.31510195332682794
1752,-885.5999999999972,9.224999999999913,1660.5,0.0,0,0.05,0.34199541754399737
1753,-914.9999999999989,9.531249999999938,1715.625,0.0,0,0.05,0.3596633556816313
1754,-954.5999999999989,9.943749999999945,1789.875,0.0,0,0.05,0.34858372227495743
1755,-892.4999999999973,9.296874999999945,1673.4375,0.0,0,0.05,0.3383992468783011
1756,-932.0999999999956,9.709374999999953,1747.6875,0.0,0,0.05,0.3418408449946178
1757,-905.0999999999987,9.428124999999916,1697.0625,0.0,0,0.05,0.3261514666283296
1758,-944.0999999999974,9.834374999999941,1770.1875,0.0,0,0.05,0.34224099721500856
1759,-933.2999999999945,9.721874999999972,1749.9375,0.0,0,0.05,0.3421538887079805
1760,-894.5999999999973,9.318749999999927,1677.375,0.0,0,0.05,0.331835164119386
1761,-908.999999999996,9.468749999999956,1704.375,0.0,0,0.05,0.32011031444805366
1762,-899.9999999999969,9.374999999999952,1687.5,0.0,0,0.05,0.3320308091481113
1763,-902.3999999999982,9.399999999999956,1692.0,0.0,0,0.05,0.3658761000674632
1764,-894.5999999999966,9.318749999999923,1677.375,0.0,0,0.05,0.3602244430169877
1765,-919.4999999999983,9.578124999999941,1724.0625,0.0,0,0.05,0.32110901766249705
1766,-910.199999999997,9.481249999999932,1706.625,0.0,0,0.05,0.3315195891799198
1767,-898.7999999999972,9.362499999999923,1685.25,0.0,0,0.05,0.33692891389235025
1768,-892.4999999999972,9.296874999999924,1673.4375,0.0,0,0.05,0.320180574271621
1769,-908.0999999999976,9.45937499999995,1702.6875,0.0,0,0.05,0.3312446571472618
1770,-888.8999999999971,9.259374999999926,1666.6875,0.0,0,0.05,0.33015087656676767
1771,-921.8999999999957,9.603124999999935,1728.5625,0.0,0,0.05,0.3574713009771787
1772,-945.2999999999979,9.846874999999953,1772.4375,0.0,0,0.05,0.32542576886610025
1773,-899.9999999999982,9.374999999999948,1687.5,0.0,0,0.05,0.3266854780570914
1774,-925.7999999999971,9.643749999999953,1735.875,0.0,0,0.05,0.3608006856145544
1775,-894.5999999999985,9.318749999999925,1677.375,0.0,0,0.05,0.3395533245212088
1776,-884.9999999999975,9.21874999999993,1659.375,0.0,0,0.05,0.33659926115328237
1777,-931.4999999999984,9.703124999999938,1746.5625,0.0,0,0.05,0.33552699524702295
1778,-908.3999999999966,9.462499999999944,1703.25,0.0,0,0.05,0.32373930561977127
1779,-952.4999999999987,9.921874999999925,1785.9375,0.0,0,0.05,0.3269933761692502
1780,-907.1999999999969,9.44999999999996,1701.0,0.0,0,0.05,0.35269774907372065
1781,-918.5999999999972,9.568749999999934,1722.375,0.0,0,0.05,0.3503136789684908
1782,-918.5999999999974,9.568749999999941,1722.375,0.0,0,0.05,0.32778006012344524
1783,-922.799999999996,9.61249999999995,1730.25,0.0,0,0.05,0.3318552746799671
1784,-869.399999999997,9.056249999999944,1630.125,0.0,0,0.05,0.3442186315026548
1785,-920.6999999999975,9.59062499999992,1726.3125,0.0,0,0.05,0.35920174150313766
1786,-915.5999999999972,9.53749999999994,1716.75,0.0,0,0.05,0.3438307274702109
1787,-912.8999999999975,9.509374999999936,1711.6875,0.0,0,0.05,0.3576350772546397
1788,-930.6000000000001,9.693749999999916,1744.875,0.0,0,0.05,0.35620236013912493
1789,-913.1999999999978,9.512499999999928,1712.25,0.0,0,0.05,0.3227083042884866
1790,-919.1999999999969,9.574999999999942,1723.5,0.0,0,0.05,0.3565003104042262
1791,-919.7999999999973,9.58124999999996,1724.625,0.0,0,0.05,0.34823353064970836
1792,-918.5999999999983,9.56874999999992,1722.375,0.0,0,0.05,0.3295506652341121
1793,-921.5999999999975,9.599999999999953,1728.0,0.0,0,0.05,0.3380463589526092
1794,-913.4999999999989,9.51562499999994,1712.8125,0.0,0,0.05,0.3429839703771803
1795,-917.4000000000004,9.556249999999928,1720.125,0.0,0,0.05,0.33976991219032143
1796,-893.0999999999998,9.303124999999916,1674.5625,0.0,0,0.05,0.31817605065492294
1797,-913.1999999999978,9.512499999999946,1712.25,0.0,0,0.05,0.3126400366063333
1798,-911.9999999999958,9.499999999999941,1710.0,0.0,0,0.05,0.32375339884828364
1799,-897.2999999999961,9.346874999999946,1682.4375,0.0,0,0.05,0.3680256807917936
1800,-905.9999999999977,9.437499999999948,1698.75,0.0,0,0.05,0.32001597725579306
1801,-896.6999999999979,9.340624999999918,1681.3125,0.0,0,0.05,0.3283903590351757
1802,-905.0999999999976,9.428124999999943,1697.0625,0.0,0,0.05,0.3432411371005906
1803,-893.3999999999993,9.306249999999913,1675.125,0.0,0,0.05,0.3226616997892658
1804,-908.9999999999961,9.468749999999948,1704.375,0.0,0,0.05,0.343467466869495
1805,-921.2999999999971,9.596874999999947,1727.4375,0.0,0,0.05,0.33739067667888273
1806,-913.1999999999983,9.512499999999925,1712.25,0.0,0,0.05,0.32580338486780724
1807,-887.099999999999,9.24062499999993,1663.3125,0.0,0,0.05,0.3335531674325466
1808,-914.3999999999985,9.524999999999926,1714.5,0.0,0,0.05,0.3455288047902286
1809,-873.2999999999986,9.096874999999924,1637.4375,0.0,0,0.05,0.347012088370199
1810,-886.1999999999967,9.231249999999946,1661.625,0.0,0,0.05,0.3523377647338849
1811,-911.6999999999954,9.496874999999957,1709.4375,0.0,0,0.05,0.32593212362585794
1812,-933.5999999999987,9.724999999999943,1750.5,0.0,0,0.05,0.335934792790148
1813,-928.4999999999968,9.67187499999995,1740.9375,0.0,0,0.05,0.3506632737297979
1814,-904.4999999999969,9.421874999999932,1695.9375,0.0,0,0.05,0.3143150948971096
1815,-917.6999999999963,9.559374999999957,1720.6875,0.0,0,0.05,0.36391698327950306
1816,-884.699999999999,9.215624999999921,1658.8125,0.0,0,0.05,0.32911391923617983
1817,-903.2999999999975,9.409374999999942,1693.6875,0.0,0,0.05,0.37114667115319105
1818,-929.4000000000001,9.681249999999912,1742.625,0.0,0,0.05,0.30488311782893207
1819,-892.1999999999991,9.293749999999944,1672.875,0.0,0,0.05,0.33172128460266526
1820,-937.7999999999994,9.768749999999933,1758.375,0.0,0,0.05,0.3583317775900165
1821,-921.9000000000015,9.603124999999924,1728.5625,0.0,0,0.05,0.33246221090149547
1822,-901.1999999999985,9.38749999999993,1689.75,0.0,0,0.05,0.3234041825764709
1823,-886.7999999999972,9.237499999999917,1662.75,0.0,0,0.05,0.3378582125167466
1824,-918.8999999999987,9.571874999999944,1722.9375,0.0,0,0.05,0.33404003855668835
1825,-904.7999999999979,9.424999999999939,1696.5,0.0,0,0.05,0.35171381602477697
1826,-914.9999999999977,9.531249999999927,1715.625,0.0,0,0.05,0.3521213412258981
1827,-914.099999999997,9.521874999999962,1713.9375,0.0,0,0.05,0.36921412668501336
1828,-890.0999999999975,9.271874999999914,1668.9375,0.0,0,0.05,0.3449064620408333
1829,-927.5999999999992,9.662499999999934,1739.25,0.0,0,0.05,0.31718048962454
1830,-910.1999999999975,9.481249999999948,1706.625,0.0,0,0.05,0.3428780166535742
1831,-916.1999999999975,9.543749999999932,1717.875,0.0,0,0.05,0.3467674045099152
1832,-902.9999999999977,9.406249999999934,1693.125,0.0,0,0.05,0.36062724406106605
1833,-912.299999999998,9.503124999999956,1710.5625,0.0,0,0.05,0.345069140356241
1834,-898.7999999999977,9.362499999999933,1685.25,0.0,0,0.05,0.35498512032855717
1835,-916.7999999999989,9.54999999999994,1719.0,0.0,0,0.05,0.35390075747337607
1836,-906.2999999999987,9.440624999999919,1699.3125,0.0,0,0.05,0.3190707256034431
1837,-890.3999999999978,9.274999999999926,1669.5,0.0,0,0.05,0.31793804010893734
1838,-912.2999999999965,9.503124999999958,1710.5625,0.0,0,0.05,0.3356444165110588
1839,-927.5999999999974,9.662499999999966,1739.25,0.0,0,0.05,0.33246514142697886
1840,-922.4999999999977,9.609374999999945,1729.6875,0.0,0,0.05,0.3410656499159005
1841,-890.9999999999977,9.281249999999922,1670.625,0.0,0,0.05,0.33747067597901653
1842,-888.599999999996,9.256249999999934,1666.125,0.0,0,0.05,0.3195442916411493
1843,-921.5999999999975,9.599999999999923,1728.0,0.0,0,0.05,0.35537888885268737
1844,-940.5000000000001,9.79687499999994,1763.4375,0.0,0,0.05,0.35941852944799596
1845,-908.3999999999985,9.462499999999936,1703.25,0.0,0,0.05,0.3592947437479678
1846,-901.4999999999975,9.390624999999947,1690.3125,0.0,0,0.05,0.3237948072970741
1847,-917.999999999996,9.562499999999952,1721.25,0.0,0,0.05,0.3492010527704325
1848,-931.1999999999975,9.699999999999928,1746.0,0.0,0,0.05,0.3111195326782763
1849,-892.4999999999978,9.296874999999924,1673.4375,0.0,0,0.05,0.333980674488056
1850,-916.7999999999971,9.549999999999935,1719.0,0.0,0,0.05,0.30135863788632883
1851,-925.4999999999974,9.640624999999963,1735.3125,0.0,0,0.05,0.357001466736094
1852,-897.2999999999976,9.346874999999912,1682.4375,0.0,0,0.05,0.32702349697550137
1853,-896.6999999999981,9.340624999999942,1681.3125,0.0,0,0.05,0.3627403162109355
1854,-903.5999999999977,9.41249999999994,1694.25,0.0,0,0.05,0.3303854010688762
1855,-916.4999999999997,9.546874999999936,1718.4375,0.0,0,0.05,0.3423189742283689
1856,-904.4999999999973,9.421874999999936,1695.9375,0.0,0,0.05,0.3366943426999367
1857,-905.6999999999997,9.434374999999921,1698.1875,0.0,0,0.05,0.3390729102513029
1858,-903.5999999999965,9.41249999999995,1694.25,0.0,0,0.05,0.3388780179692225
1859,-913.7999999999963,9.518749999999947,1713.375,0.0,0,0.05,0.31976519838596384
1860,-917.999999999997,9.562499999999938,1721.25,0.0,0,0.05,0.34108520759683514
1861,-901.7999999999977,9.393749999999935,1690.875,0.0,0,0.05,0.3487195935100317
1862,-873.5999999999982,9.099999999999932,1638.0,0.0,0,0.05,0.3322038067608244
1863,-927.5999999999991,9.662499999999941,1739.25,0.0,0,0.05,0.35806627549334535
1864,-903.299999999997,9.409374999999928,1693.6875,0.0,0,0.05,0.36336898537766604
1865,-888.5999999999989,9.256249999999923,1666.125,0.0,0,0.05,0.3672527163237747
1866,-932.9999999999968,9.71874999999995,1749.375,0.0,0,0.05,0.3372353985077805
1867,-952.4999999999957,9.921874999999975,1785.9375,0.0,0,0.05,0.33116159220743513
1868,-925.4999999999982,9.640624999999956,1735.3125,0.0,0,0.05,0.3540880101112028
1869,-905.9999999999987,9.43749999999995,1698.75,0.0,0,0.05,0.3135704484354291
1870,-921.599999999996,9.599999999999977,1728.0,0.0,0,0.05,0.34005594881665374
1871,-906.5999999999972,9.443749999999973,1699.875,0.0,0,0.05,0.3304586199319197
1872,-930.5999999999983,9.693749999999941,1744.875,0.0,0,0.05,0.33350295938758384
1873,-927.599999999997,9.662499999999957,1739.25,0.0,0,0.05,0.32981549652500286
1874,-891.5999999999935,9.28749999999995,1671.75,0.0,0,0.05,0.3459166030296021
1875,-923.3999999999969,9.618749999999945,1731.375,0.0,0,0.05,0.3218445210562398
1876,-881.3999999999987,9.18124999999993,1652.625,0.0,0,0.05,0.3389489439393704
1877,-919.4999999999964,9.578124999999943,1724.0625,0.0,0,0.05,0.3371208534524259
1878,-917.9999999999972,9.562499999999954,1721.25,0.0,0,0.05,0.33456765921372505
1879,-899.6999999999963,9.37187499999994,1686.9375,0.0,0,0.05,0.3305465419828478
1880,-909.2999999999972,9.471874999999951,1704.9375,0.0,0,0.05,0.3356278281865848
1881,-905.6999999999978,9.434374999999925,1698.1875,0.0,0,0.05,0.34971117043298566
1882,-938.6999999999992,9.778124999999958,1760.0625,0.0,0,0.05,0.36040136250149873
1883,-970.1999999999983,10.106249999999955,1819.125,0.0,0,0.05,0.36615885605311227
1884,-903.2999999999986,9.409374999999931,1693.6875,0.0,0,0.05,0.32488787377046213
1885,-938.9999999999991,9.781249999999957,1760.625,0.0,0,0.05,0.32594239307153555
1886,-915.2999999999998,9.534374999999928,1716.1875,0.0,0,0.05,0.34930373000291487
1887,-918.5999999999984,9.568749999999948,1722.375,0.0,0,0.05,0.3450945456667493
1888,-892.1999999999965,9.29374999999995,1672.875,0.0,0,0.05,0.36128015962636306
1889,-878.6999999999972,9.153124999999916,1647.5625,0.0,0,0.05,0.3194882548879832
1890,-922.4999999999968,9.609374999999936,1729.6875,0.0,0,0.05,0.34558231081399654
1891,-918.2999999999973,9.565624999999942,1721.8125,0.0,0,0.05,0.3605569546059188
1892,-901.499999999997,9.390624999999947,1690.3125,0.0,0,0.05,0.35829746544154156
1893,-917.6999999999977,9.559374999999925,1720.6875,0.0,0,0.05,0.3397682760117782
1894,-895.1999999999972,9.32499999999993,1678.5,0.0,0,0.05,0.34900742871169416
1895,-916.4999999999964,9.546874999999941,1718.4375,0.0,0,0.05,0.3505452042807721
1896,-869.999999999997,9.062499999999925,1631.25,0.0,0,0.05,0.3663177010189328
1897,-923.0999999999991,9.615624999999921,1730.8125,0.0,0,0.05,0.34285401462370324
1898,-942.2999999999973,9.815624999999981,1766.8125,0.0,0,0.05,0.33277756007284753
1899,-901.7999999999993,9.393749999999931,1690.875,0.0,0,0.05,0.3399987657347487
1900,-894.2999999999937,9.315624999999951,1676.8125,0.0,0,0.05,0.3407729610335082
1901,-930.5999999999983,9.693749999999934,1744.875,0.0,0,0.05,0.32313909139484165
1902,-917.9999999999967,9.562499999999941,1721.25,0.0,0,0.05,0.3545062213618722
1903,-902.0999999999996,9.396874999999923,1691.4375,0.0,0,0.05,0.3428164821273337
1904,-870.5999999999974,9.068749999999923,1632.375,0.0,0,0.05,0.3451342004299578
1905,-964.4999999999975,10.046874999999956,1808.4375,0.0,0,0.05,0.3334128791052434
1906,-914.0999999999981,9.521874999999934,1713.9375,0.0,0,0.05,0.3367537671182719
1907,-936.5999999999964,9.75624999999995,1756.125,0.0,0,0.05,0.3338576853223559
1908,-912.2999999999982,9.503124999999931,1710.5625,0.0,0,0.05,0.3205542416725722
1909,-932.399999999997,9.712499999999968,1748.25,0.0,0,0.05,0.3620408184102012
1910,-911.3999999999988,9.493749999999936,1708.875,0.0,0,0.05,0.32788571254350246
1911,-917.6999999999971,9.559374999999948,1720.6875,0.0,0,0.05,0.34039457836188375
1912,-901.7999999999981,9.393749999999953,1690.875,0.0,0,0.05,0.35721495364689165
1913,-909.8999999999979,9.478124999999933,1706.0625,0.0,0,0.05,0.33634013009464575
1914,-933.599999999998,9.724999999999962,1750.5,0.0,0,0.05,0.36303805278924606
1915,-909.2999999999982,9.471874999999946,1704.9375,0.0,0,0.05,0.34686784285327626
1916,-925.7999999999984,9.643749999999953,1735.875,0.0,0,0.05,0.3443971455045458
1917,-922.4999999999975,9.609374999999961,1729.6875,0.0,0,0.05,0.3356765711473094
1918,-892.1999999999991,9.293749999999902,1672.875,0.0,0,0.05,0.32433374652432073
1919,-907.199999999996,9.449999999999964,1701.0,0.0,0,0.05,0.3595679797128671
1920,-897.8999999999995,9.353124999999904,1683.5625,0.0,0,0.05,0.34691318148333167
1921,-916.1999999999981,9.54374999999993,1717.875,0.0,0,0.05,0.35866238723198574
1922,-882.5999999999976,9.193749999999929,1654.875,0.0,0,0.05,0.32857605630221465
1923,-907.7999999999981,9.456249999999935,1702.125,0.0,0,0.05,0.3328100277524855
1924,-921.8999999999976,9.603124999999935,1728.5625,0.0,0,0.05,0.3530555607337091
1925,-904.1999999999964,9.418749999999942,1695.375,0.0,0,0.05,0.3579558862683674
1926,-892.7999999999986,9.299999999999924,1674.0,0.0,0,0.05,0.3476487965271291
1927,-894.2999999999977,9.315624999999914,1676.8125,0.0,0,0.05,0.35458065343296363
1928,-902.6999999999994,9.403124999999921,1692.5625,0.0,0,0.05,0.35854614346495106
1929,-923.0999999999979,9.615624999999914,1730.8125,0.0,0,0.05,0.32634338442650107
1930,-870.2999999999982,9.065624999999907,1631.8125,0.0,0,0.05,0.3598104208190408
1931,-946.7999999999992,9.862499999999946,1775.25,0.0,0,0.05,0.3372278020510243
1932,-901.1999999999981,9.387499999999918,1689.75,0.0,0,0.05,0.32035828141702544
1933,-911.9999999999978,9.499999999999945,1710.0,0.0,0,0.05,0.32799070914431167
1934,-925.1999999999977,9.637499999999928,1734.75,0.0,0,0.05,0.33748623666146566
1935,-918.8999999999983,9.571874999999945,1722.9375,0.0,0,0.05,0.3162369877772613
1936,-931.7999999999981,9.706249999999962,1747.125,0.0,0,0.05,0.3423861259284119
1937,-916.5000000000005,9.546874999999927,1718.4375,0.0,0,0.05,0.3301266934412221
1938,-888.5999999999966,9.256249999999897,1666.125,0.0,0,0.05,0.34424066102494383
1939,-919.199999999998,9.574999999999939,1723.5,0.0,0,0.05,0.3251744034855316
1940,-911.6999999999961,9.496874999999951,1709.4375,0.0,0,0.05,0.3492646908439282
1941,-887.0999999999952,9.240624999999941,1663.3125,0.0,0,0.05,0.32808079972035353
1942,-905.999999999998,9.43749999999993,1698.75,0.0,0,0.05,0.3280864184981005
1943,-914.9999999999973,9.53124999999995,1715.625,0.0,0,0.05,0.35340385524969964
1944,-861.9000000000003,8.978124999999899,1616.0625,0.0,0,0.05,0.34771662772529655
1945,-856.8000000000006,8.924999999999901,1606.5,0.0,0,0.05,0.35160158149794574
1946,-894.5999999999989,9.318749999999927,1677.375,0.0,0,0.05,0.33912701505857207
1947,-880.4999999999973,9.171874999999918,1650.9375,0.0,0,0.05,0.3442549077742216
1948,-896.9999999999987,9.343749999999934,1681.875,0.0,0,0.05,0.3348057083785534
1949,-917.099999999996,9.55312499999994,1719.5625,0.0,0,0.05,0.3124122405605805
1950,-907.7999999999965,9.45624999999994,1702.125,0.0,0,0.05,0.30228548406416345
1951,-887.0999999999979,9.240624999999907,1663.3125,0.0,0,0.05,0.33738488912478914
1952,-921.5999999999965,9.59999999999994,1728.0,0.0,0,0.05,0.3315541418476237
1953,-925.4999999999975,9.64062499999996,1735.3125,0.0,0,0.05,0.3333633787723051
1954,-863.6999999999988,8.996874999999916,1619.4375,0.0,0,0.05,0.343152111944639
1955,-906.2999999999973,9.440624999999924,1699.3125,0.0,0,0.05,0.33941520310213996
1956,-896.6999999999991,9.340624999999926,1681.3125,0.0,0,0.05,0.32859184429980814
1957,-901.1999999999985,9.387499999999912,1689.75,0.0,0,0.05,0.352033039358341
1958,-934.4999999999976,9.734374999999943,1752.1875,0.0,0,0.05,0.33106298569279413
1959,-930.8999999999986,9.696874999999935,1745.4375,0.0,0,0.05,0.3349475593564825
1960,-879.8999999999966,9.16562499999992,1649.8125,0.0,0,0.05,0.34189214608114626
1961,-926.6999999999986,9.653124999999921,1737.5625,0.0,0,0.05,0.3168186670815986
1962,-910.499999999999,9.484374999999927,1707.1875,0.0,0,0.05,0.31929371348685687
1963,-892.1999999999989,9.29374999999991,1672.875,0.0,0,0.05,0.328303980278886
1964,-897.5999999999983,9.34999999999992,1683.0,0.0,0,0.05,0.33664664091128443
1965,-895.4999999999962,9.328124999999957,1679.0625,0.0,0,0.05,0.33445310363959935
1966,-917.999999999997,9.562499999999947,1721.25,0.0,0,0.05,0.3272171413525939
1967,-970.7999999999977,10.112499999999956,1820.25,0.0,0,0.05,0.3331243789754808
1968,-923.9999999999972,9.62499999999995,1732.5,0.0,0,0.05,0.32258264037470025
1969,-916.7999999999976,9.54999999999991,1719.0,0.0,0,0.05,0.3162066874249528
1970,-908.0999999999971,9.459374999999943,1702.6875,0.0,0,0.05,0.33510406837643436
1971,-906.5999999999974,9.443749999999921,1699.875,0.0,0,0.05,0.3449412444968604
1972,-904.199999999998,9.418749999999905,1695.375,0.0,0,0.05,0.33160129013833484
1973,-890.3999999999987,9.274999999999931,1669.5,0.0,0,0.05,0.3114916989217616
1974,-893.9999999999976,9.312499999999922,1676.25,0.0,0,0.05,0.33826008536335495
1975,-913.199999999998,9.51249999999994,1712.25,0.0,0,0.05,0.34372902007049155
1976,-904.7999999999961,9.424999999999935,1696.5,0.0,0,0.05,0.3085350086653812
1977,-899.399999999998,9.368749999999935,1686.375,0.0,0,0.05,0.34118930627074506
1978,-903.5999999999982,9.412499999999941,1694.25,0.0,0,0.05,0.32951000256774327
1979,-913.7999999999979,9.518749999999935,1713.375,0.0,0,0.05,0.3239576847447703
1980,-921.5999999999985,9.599999999999943,1728.0,0.0,0,0.05,0.3386085661283384
1981,-905.6999999999975,9.434374999999937,1698.1875,0.0,0,0.05,0.32384822212883996
1982,-938.3999999999976,9.774999999999967,1759.5,0.0,0,0.05,0.32632812647045484
1983,-902.6999999999954,9.403124999999923,1692.5625,0.0,0,0.05,0.3195616868065877
1984,-886.1999999999986,9.231249999999934,1661.625,0.0,0,0.05,0.33292146832164793
1985,-924.5999999999974,9.63124999999997,1733.625,0.0,0,0.05,0.318532835935346
1986,-874.1999999999992,9.106249999999923,1639.125,0.0,0,0.05,0.35082615073770285
1987,-919.4999999999983,9.578124999999941,1724.0625,0.0,0,0.05,0.33323736210457156
1988,-928.499999999994,9.671874999999964,1740.9375,0.0,0,0.05,0.33875116122783056
1989,-902.3999999999968,9.39999999999995,1692.0,0.0,0,0.05,0.3046269918171068
1990,-886.4999999999981,9.234374999999908,1662.1875,0.0,0,0.05,0.35148989509066775
1991,-924.5999999999965,9.63124999999995,1733.625,0.0,0,0.05,0.3466597728482965
1992,-965.3999999999985,10.056249999999942,1810.125,0.0,0,0.05,0.33831975477126736
1993,-881.9999999999958,9.187499999999936,1653.75,0.0,0,0.05,0.32355021252814264
1994,-901.4999999999984,9.390624999999927,1690.3125,0.0,0,0.05,0.3633589267989414
1995,-936.8999999999999,9.759374999999933,1756.6875,0.0,0,0.05,0.34209446956196593
1996,-896.9999999999981,9.343749999999918,1681.875,0.0,0,0.05,0.344746723310608
1997,-959.6999999999987,9.996874999999932,1799.4375,0.0,0,0.05,0.32201402923609646
1998,-902.9999999999956,9.406249999999925,1693.125,0.0,0,0.05,0.33445784971117976
1999,-896.6999999999979,9.3406249999999,1681.3125,0.0,0,0.05,0.3271282246388081
2000,-960.2999999999962,10.003124999999972,1800.5625,0.0,0,0.05,0.34871886504503585
