episode,reward,energy_kwh,carbon_gco2eq,sla_violations,dropped_vms,epsilon,avg_loss
1,-926.9999999999965,9.656249999999986,1738.125,0.0,0,0.9340043510206455,0.13528886619879274
2,-920.6999999999983,9.590624999999934,1726.3125,0.0,0,0.8725933606562447,0.18280112504726276
3,-983.3999999999974,10.243749999999968,1843.875,0.0,0,0.8154485367798057,0.2629493553191423
4,-903.599999999998,9.412499999999952,1694.25,0.0,0,0.7622735126270892,0.24975361365100576
5,-887.6999999999983,9.246874999999928,1664.4375,0.0,0,0.7127925097674795,0.26630768791979387
6,-859.1999999999997,8.949999999999903,1611.0,0.0,0,0.6667489078508901,0.2559141493609382
7,-863.9999999999981,8.99999999999992,1620.0,0.0,0,0.6239039137130715,0.2445313413420485
8,-903.5999999999967,9.412499999999937,1694.25,0.0,0,0.5840353229369813,0.2510759297240939
9,-926.6999999999978,9.653124999999926,1737.5625,0.0,0,0.5469363674473757,0.24284939157983496
10,-854.3999999999992,8.899999999999913,1602.0,0.0,0,0.512414643161973,0.25854277917080454
11,-909.899999999998,9.478124999999952,1706.0625,0.0,0,0.4802911121377298,0.23434030815389836
12,-885.5999999999987,9.224999999999936,1660.5,0.0,0,0.4503991740371217,0.2764406547519482
13,-948.2999999999961,9.878124999999965,1778.0625,0.0,0,0.4225838020988297,0.27989312233920727
14,-904.7999999999984,9.42499999999994,1696.5,0.0,0,0.396700739131769,0.2651347450058286
15,-897.5999999999976,9.349999999999932,1683.0,0.0,0,0.37261574936269215,0.268563517027845
16,-962.6999999999988,10.028124999999953,1805.0625,0.0,0,0.35020392225726943,0.262302825299816
17,-904.4999999999961,9.421874999999956,1695.9375,0.0,0,0.32934902470409444,0.2896910505938447
18,-926.0999999999974,9.646874999999943,1736.4375,0.0,0,0.30994289820188764,0.25493307788338926
19,-932.6999999999971,9.71562499999995,1748.8125,0.0,0,0.29188489792356354,0.2853327015311354
20,-878.9999999999973,9.156249999999929,1648.125,0.0,0,0.27508137074801564,0.2949725663082467
21,-905.6999999999978,9.434374999999944,1698.1875,0.0,0,0.25944516955256514,0.3046377862544937
22,-923.3999999999967,9.618749999999938,1731.375,0.0,0,0.2448952012470783,0.26552809099666774
23,-896.6999999999953,9.340624999999958,1681.3125,0.0,0,0.23135600620574903,0.29544410762480566
24,-912.8999999999971,9.509374999999938,1711.6875,0.0,0,0.21875736691537823,0.29702691786612073
25,-899.699999999998,9.371874999999918,1686.9375,0.0,0,0.20703394381050721,0.30060487501840627
26,-930.2999999999973,9.690624999999944,1744.3125,0.0,0,0.19612493640675782,0.3039672422015833
27,-924.2999999999984,9.628124999999939,1733.0625,0.0,0,0.1859737679749358,0.29192488942967937
28,-910.1999999999981,9.481249999999923,1706.625,0.0,0,0.17652779212054204,0.2869656495232549
29,-942.6000000000001,9.818749999999943,1767.375,0.0,0,0.16773801974694202,0.2916026719017989
30,-924.8999999999971,9.634374999999945,1734.1875,0.0,0,0.1595588649861594,0.27637948599230083
31,-899.3999999999985,9.368749999999922,1686.375,0.0,0,0.15194790877962983,0.31006089553961325
32,-925.1999999999969,9.637499999999939,1734.75,0.0,0,0.14486567888278806,0.3395613287937724
33,-917.9999999999981,9.56249999999993,1721.25,0.0,0,0.13827544515253895,0.3270490438780851
34,-912.5999999999976,9.506249999999945,1711.125,0.0,0,0.132143029055925,0.3218351734129505
35,-910.4999999999987,9.484374999999934,1707.1875,0.0,0,0.12643662641205583,0.3344442416655107
36,-900.5999999999971,9.381249999999941,1688.625,0.0,0,0.12112664244799676,0.3280114216005637
37,-926.3999999999972,9.649999999999942,1737.0,0.0,0,0.11618553831317775,0.32156283148409176
38,-924.2999999999972,9.628124999999942,1733.0625,0.0,0,0.11158768825630816,0.31164139913550265
39,-918.2999999999978,9.565624999999935,1721.8125,0.0,0,0.10730924672408373,0.3016982288720707
40,-921.2999999999968,9.596874999999976,1727.4375,0.0,0,0.10332802469242704,0.34637460017369853
41,-924.2999999999978,9.628124999999962,1733.0625,0.0,0,0.09962337458888623,0.3115268302667472
42,-926.6999999999978,9.653124999999948,1737.5625,0.0,0,0.09617608320937132,0.33466968446349105
43,-910.7999999999956,9.487499999999939,1707.75,0.0,0,0.09296827207386907,0.31301707355822955
44,-929.6999999999986,9.684374999999937,1743.1875,0.0,0,0.089983304704357,0.30664584901597763
45,-909.2999999999961,9.471874999999953,1704.9375,0.0,0,0.08720570034403771,0.3036040442323105
46,-889.1999999999982,9.262499999999925,1667.25,0.0,0,0.08462105367042072,0.3561003986021711
47,-939.5999999999991,9.787499999999959,1761.75,0.0,0,0.08221596008586442,0.34588801339009984
48,-911.699999999997,9.496874999999946,1709.4375,0.0,0,0.07997794619811746,0.35429218728612694
49,-898.7999999999969,9.36249999999996,1685.25,0.0,0,0.07789540513031437,0.34275706248461374
50,-923.0999999999972,9.615624999999937,1730.8125,0.0,0,0.07595753632492794,0.3664326331474715
51,-961.7999999999976,10.01874999999996,1803.375,0.0,0,0.0741542895294871,0.31407439777524104
52,-901.799999999997,9.39374999999994,1690.875,0.0,0,0.07247631267355686,0.33298785648463913
53,-902.0999999999979,9.396874999999934,1691.4375,0.0,0,0.07091490336665762,0.3162918817665842
54,-892.499999999997,9.29687499999993,1673.4375,0.0,0,0.06946196376558073,0.3403764483570639
55,-941.3999999999968,9.806249999999945,1765.125,0.0,0,0.06810995857703106,0.30260112116941146
56,-913.1999999999973,9.512499999999946,1712.25,0.0,0,0.06685187597778854,0.35745950968832607
57,-893.3999999999991,9.30624999999992,1675.125,0.0,0,0.0656811912497109,0.29819773277785216
58,-908.6999999999962,9.46562499999995,1703.8125,0.0,0,0.06459183294098032,0.30691445513317983
59,-895.7999999999986,9.33124999999993,1679.625,0.0,0,0.06357815137809789,0.3343974262682928
60,-909.2999999999972,9.471874999999944,1704.9375,0.0,0,0.06263488936532158,0.3153433481748733
61,-908.6999999999964,9.465624999999934,1703.8125,0.0,0,0.061757154919588164,0.29920201630383314
62,-919.499999999997,9.578124999999934,1724.0625,0.0,0,0.0609403958995155,0.3423040344328102
63,-943.2000000000004,9.82499999999995,1768.5,0.0,0,0.06018037639690541,0.32812241684748894
64,-918.8999999999978,9.571874999999949,1722.9375,0.0,0,0.05947315476830765,0.3037243326763726
65,-888.2999999999993,9.253124999999926,1665.5625,0.0,0,0.05881506319271151,0.34478334187943904
66,-914.3999999999966,9.52499999999994,1714.5,0.0,0,0.058202688649346225,0.3367701301765111
67,-947.3999999999974,9.868749999999942,1776.375,0.0,0,0.057632855216936556,0.30770500609133805
68,-912.2999999999978,9.503124999999935,1710.5625,0.0,0,0.05710260760261321,0.38746725644709334
69,-900.8999999999968,9.384374999999945,1689.1875,0.0,0,0.05660919581505515,0.34504774645902214
70,-894.2999999999975,9.315624999999935,1676.8125,0.0,0,0.05615006090237494,0.31916260283647313
71,-908.4,9.462499999999928,1703.25,0.0,0,0.055722821680780424,0.33381487582292824
72,-921.599999999997,9.599999999999952,1728.0,0.0,0,0.0553252623851844,0.32201694146626525
73,-916.7999999999992,9.54999999999992,1719.0,0.0,0,0.05495532117771536,0.3327356573427096
74,-900.8999999999961,9.38437499999994,1689.1875,0.0,0,0.05461107945453171,0.32449390309759313
75,-922.4999999999972,9.609374999999957,1729.6875,0.0,0,0.054290751895482034,0.3420643228313161
76,-942.2999999999987,9.81562499999993,1766.8125,0.0,0,0.05399267720500653,0.34393743996301457
77,-928.799999999996,9.674999999999965,1741.5,0.0,0,0.05371530949625971,0.32375592910167245
78,-894.2999999999979,9.315624999999933,1676.8125,0.0,0,0.05345721027377043,0.36836534016765654
79,-891.2999999999965,9.28437499999993,1671.1875,0.0,0,0.0532170409730593,0.32078944760271244
80,-902.699999999998,9.403124999999923,1692.5625,0.0,0,0.05299355601852222,0.3433800616818998
81,-912.8999999999969,9.509374999999938,1711.6875,0.0,0,0.052785596363576506,0.326043651964412
82,-928.5000000000005,9.671874999999938,1740.9375,0.0,0,0.052592083479567286,0.3294884232752439
83,-914.9999999999965,9.531249999999945,1715.625,0.0,0,0.05241201376225917,0.3356334496134271
84,-907.7999999999938,9.456249999999953,1702.125,0.0,0,0.052244453326903986,0.3097633584454242
85,-898.7999999999971,9.362499999999939,1685.25,0.0,0,0.052088533164890406,0.35296913456792633
86,-892.4999999999982,9.296874999999929,1673.4375,0.0,0,0.051943444636856885,0.33888770666801266
87,-926.3999999999982,9.649999999999919,1737.0,0.0,0,0.05180843527889392,0.3630339210852981
88,-890.6999999999971,9.27812499999992,1670.0625,0.0,0,0.05168280490008575,0.31522939168692876
89,-914.6999999999953,9.528124999999964,1715.0625,0.0,0,0.05156590195115228,0.34091545117294625
90,-902.9999999999975,9.406249999999948,1693.125,0.0,0,0.05145712014535824,0.321026550191972
91,-914.9999999999972,9.531249999999938,1715.625,0.0,0,0.05135589531416476,0.32327384336644577
92,-905.999999999997,9.43749999999994,1698.75,0.0,0,0.05126170248131595,0.3543915082079669
93,-897.8999999999978,9.353124999999931,1683.5625,0.0,0,0.05117405314018615,0.35305670898200736
94,-897.8999999999972,9.353124999999933,1683.5625,0.0,0,0.051092492720267384,0.31208476305732297
95,-940.799999999998,9.799999999999946,1764.0,0.0,0,0.05101659822965763,0.31916654067527916
96,-915.5999999999967,9.537499999999946,1716.75,0.0,0,0.050945976061323395,0.3339373784346713
97,-958.1999999999957,9.981249999999966,1796.625,0.0,0,0.05088025995175922,0.3314116854479329
98,-904.4999999999969,9.421874999999948,1695.9375,0.0,0,0.05081910908145723,0.35285942607766224
99,-886.4999999999985,9.234374999999938,1662.1875,0.0,0,0.050762206307335495,0.3203435083851218
100,-902.9999999999966,9.406249999999929,1693.125,0.0,0,0.05070925651795785,0.31013894016957944
101,-947.6999999999962,9.871874999999967,1776.9375,0.0,0,0.050659985103015254,0.3301456781880309
102,-897.2999999999984,9.346874999999935,1682.4375,0.0,0,0.05061413652913083,0.33327205686623024
103,-889.4999999999989,9.265624999999917,1667.8125,0.0,0,0.0505714730146025,0.3277763421957692
104,-908.0999999999937,9.459374999999964,1702.6875,0.0,0,0.050531773296209996,0.3663124340146573
105,-924.2999999999963,9.628124999999951,1733.0625,0.0,0,0.05049483148169077,0.33297084594766296
106,-900.8999999999983,9.384374999999928,1689.1875,0.0,0,0.05046045598193329,0.33639727166543404
107,-958.799999999996,9.987499999999969,1797.75,0.0,0,0.050428468517350014,0.3067680845813205
108,-893.6999999999974,9.309374999999918,1675.6875,0.0,0,0.05039870319327661,0.3419453270940317
109,-897.8999999999979,9.35312499999992,1683.5625,0.0,0,0.05037100563960247,0.3197791675235041
110,-909.5999999999967,9.474999999999932,1705.5,0.0,0,0.0503452322101703,0.33453574135589104
111,-924.5999999999971,9.631249999999962,1733.625,0.0,0,0.05032124923779265,0.298011455943601
112,-934.7999999999994,9.737499999999947,1752.75,0.0,0,0.05029893234102186,0.3375707067290528
113,-930.2999999999972,9.690624999999956,1744.3125,0.0,0,0.05027816577907802,0.3492893422488123
114,-902.0999999999981,9.396874999999955,1691.4375,0.0,0,0.050258841851589485,0.3338052734887848
115,-910.1999999999973,9.481249999999939,1706.625,0.0,0,0.050240860340033,0.3367440818964193
116,-902.6999999999996,9.403124999999926,1692.5625,0.0,0,0.0502241279879763,0.3480566279238297
117,-902.699999999999,9.403124999999942,1692.5625,0.0,0,0.05020855801742795,0.3213178700922678
118,-897.5999999999963,9.349999999999948,1683.0,0.0,0,0.050194069678785834,0.3377724175444908
119,-899.0999999999987,9.36562499999992,1685.8125,0.0,0,0.05018058783205038,0.33850678586814964
120,-872.9999999999982,9.093749999999925,1636.875,0.0,0,0.05016804255713044,0.3204117289304526
121,-893.0999999999984,9.303124999999923,1674.5625,0.0,0,0.050156368791221,0.34322761414158676
122,-920.0999999999974,9.58437499999994,1725.1875,0.0,0,0.05014550599137179,0.3177844831616514
123,-893.6999999999987,9.309374999999918,1675.6875,0.0,0,0.050135397820497085,0.3462226590452095
124,-897.8999999999963,9.35312499999995,1683.5625,0.0,0,0.05012599185519804,0.3374808731695844
125,-918.2999999999975,9.565624999999937,1721.8125,0.0,0,0.05011723931388235,0.32379477488704855
126,-895.4999999999989,9.328124999999936,1679.0625,0.0,0,0.05010909480377123,0.33172350723503363
127,-922.7999999999961,9.612499999999962,1730.25,0.0,0,0.05010151608548159,0.33211817355671275
128,-912.5999999999989,9.50624999999994,1711.125,0.0,0,0.050094463853962434,0.34055639140618343
129,-899.0999999999974,9.365624999999932,1685.8125,0.0,0,0.05008790153464944,0.3299185474920604
130,-939.2999999999988,9.78437499999992,1761.1875,0.0,0,0.05008179509378052,0.3731594821722764
131,-877.1999999999967,9.137499999999921,1644.75,0.0,0,0.05007611286188855,0.33975381737367977
132,-941.0999999999984,9.803124999999932,1764.5625,0.0,0,0.05007082536955591,0.3366690296524515
133,-906.5999999999989,9.443749999999937,1699.875,0.0,0,0.05006590519457902,0.37062489434869755
134,-934.4999999999967,9.73437499999992,1752.1875,0.0,0,0.05006132681975023,0.32577978222010034
135,-899.6999999999963,9.37187499999994,1686.9375,0.0,0,0.050057066500519436,0.33476456471253185
136,-903.5999999999973,9.412499999999934,1694.25,0.0,0,0.05005310214184916,0.3380353071882079
137,-891.2999999999978,9.284374999999926,1671.1875,0.0,0,0.050049413183624394,0.33390824743546543
138,-939.899999999999,9.790624999999949,1762.3125,0.0,0,0.05004598049402289,0.36257351230726476
139,-916.499999999998,9.54687499999995,1718.4375,0.0,0,0.05004278627029296,0.3457477205277731
140,-893.3999999999974,9.306249999999928,1675.125,0.0,0,0.05003981394642413,0.33232568266232393
141,-914.6999999999956,9.528124999999969,1715.0625,0.0,0,0.05003704810723183,0.3331668117031869
142,-907.4999999999967,9.45312499999994,1701.5625,0.0,0,0.05003447440841054,0.3136104552825499
143,-911.3999999999984,9.493749999999928,1708.875,0.0,0,0.05003207950214082,0.307977705128077
144,-904.4999999999989,9.421874999999943,1695.9375,0.0,0,0.050029850967864276,0.34996390831398055
145,-878.3999999999961,9.149999999999926,1647.0,0.0,0,0.050027777247867576,0.3511689277262323
146,-924.2999999999982,9.628124999999942,1733.0625,0.0,0,0.05002584758734139,0.3609200911699898
147,-889.4999999999983,9.265624999999929,1667.8125,0.0,0,0.05002405197860334,0.361671182880592
148,-909.5999999999995,9.474999999999932,1705.5,0.0,0,0.050022381109195796,0.3334432255994115
149,-930.2999999999982,9.690624999999939,1744.3125,0.0,0,0.050020826313589214,0.3387650951898346
150,-932.6999999999975,9.715624999999937,1748.8125,0.0,0,0.050019379528240614,0.3335151606498079
151,-888.299999999997,9.253124999999907,1665.5625,0.0,0,0.05001803324977414,0.32696357933390474
152,-910.7999999999998,9.48749999999994,1707.75,0.0,0,0.05001678049606672,0.3550103286126008
153,-895.1999999999979,9.324999999999951,1678.5,0.0,0,0.05001561477003712,0.3160634876254739
154,-923.0999999999972,9.615624999999955,1730.8125,0.0,0,0.05001453002595053,0.3499153786287126
155,-900.299999999999,9.378124999999942,1688.0625,0.0,0,0.050013520638063906,0.34549283816272186
156,-927.9000000000007,9.665624999999935,1739.8125,0.0,0,0.050012581371449545,0.32773949111449635
157,-886.4999999999986,9.234374999999936,1662.1875,0.0,0,0.050011707354845475,0.3137041869185244
158,-917.3999999999977,9.556249999999936,1720.125,0.0,0,0.05001089405539194,0.3454477632883936
159,-884.6999999999971,9.215624999999934,1658.8125,0.0,0,0.050010137255122884,0.32726190318612175
160,-884.0999999999991,9.209374999999932,1657.6875,0.0,0,0.05000943302909056,0.3573481098283082
161,-905.9999999999982,9.437499999999948,1698.75,0.0,0,0.050008777725009855,0.3781738207054635
162,-874.7999999999981,9.112499999999923,1640.25,0.0,0,0.0500081679443166,0.3315420538187027
163,-936.5999999999993,9.756249999999941,1756.125,0.0,0,0.05000760052454187,0.3185531131250577
164,-934.1999999999969,9.731249999999953,1751.625,0.0,0,0.050007072522910576,0.3149171147857689
165,-890.6999999999965,9.278124999999948,1670.0625,0.0,0,0.050006581201079627,0.3287172763608396
166,-899.0999999999982,9.365624999999923,1685.8125,0.0,0,0.05000612401093614,0.3629102499431206
167,-907.4999999999975,9.453124999999932,1701.5625,0.0,0,0.05000569858138236,0.31458859611820017
168,-932.699999999997,9.715624999999932,1748.8125,0.0,0,0.05000530270603858,0.307232796969927
169,-906.8999999999959,9.446874999999965,1700.4375,0.0,0,0.0500049343318003,0.3417083822940994
170,-899.6999999999994,9.371874999999912,1686.9375,0.0,0,0.05000459154819037,0.32899840826996496
171,-918.0000000000005,9.562499999999929,1721.25,0.0,0,0.05000427257745074,0.3554408127235042
172,-927.2999999999969,9.65937499999995,1738.6875,0.0,0,0.050003975765322665,0.3453268411827998
173,-941.9999999999959,9.81249999999997,1766.25,0.0,0,0.05000369957246723,0.31926444104044804
174,-919.1999999999974,9.574999999999932,1723.5,0.0,0,0.05000344256648205,0.36315320594650174
175,-923.3999999999968,9.618749999999958,1731.375,0.0,0,0.05000320341447243,0.37071646048376955
176,-920.9999999999973,9.593749999999952,1726.875,0.0,0,0.05000298087613869,0.3457459207210276
177,-919.7999999999981,9.581249999999931,1724.625,0.0,0,0.050002773797343636,0.3429972947109491
178,-895.7999999999982,9.331249999999924,1679.625,0.0,0,0.050002581104126975,0.3350289921017571
179,-865.7999999999986,9.018749999999935,1623.375,0.0,0,0.05000240179713546,0.3514509696358194
180,-929.399999999998,9.681249999999947,1742.625,0.0,0,0.05000223494644001,0.34724519070651794
181,-920.9999999999972,9.593749999999954,1726.875,0.0,0,0.050002079686712914,0.33593297948439915
182,-926.9999999999983,9.65624999999996,1738.125,0.0,0,0.050001935212739976,0.3372434470285144
183,-925.4999999999989,9.640624999999932,1735.3125,0.0,0,0.05000180077524451,0.3472933028100265
184,-895.7999999999976,9.331249999999931,1679.625,0.0,0,0.050001675677001436,0.3478746232783629
185,-907.4999999999975,9.453124999999947,1701.5625,0.0,0,0.05000155926922124,0.3428315184286071
186,-895.1999999999979,9.324999999999951,1678.5,0.0,0,0.05000145094818525,0.339557649464243
187,-893.3999999999937,9.306249999999949,1675.125,0.0,0,0.05000135015211459,0.3535629307695975
188,-920.0999999999987,9.584374999999925,1725.1875,0.0,0,0.050001256358256675,0.34497200064878497
189,-894.2999999999998,9.315624999999939,1676.8125,0.0,0,0.05000116908017404,0.3546635042462084
190,-864.2999999999981,9.00312499999992,1620.5625,0.0,0,0.05000108786522163,0.3562454434732596
191,-899.6999999999986,9.371874999999923,1686.9375,0.0,0,0.0500010122921992,0.3710505160503089
192,-934.4999999999983,9.734374999999948,1752.1875,0.0,0,0.05000094196916695,0.3245321953824411
193,-907.1999999999973,9.44999999999993,1701.0,0.0,0,0.05000087653141275,0.3354525266422166
194,-917.9999999999962,9.562499999999956,1721.25,0.0,0,0.05000081563956071,0.3371847500093281
195,-901.4999999999989,9.390624999999929,1690.3125,0.0,0,0.05000075897781109,0.3334391849632892
196,-867.5999999999988,9.037499999999916,1626.75,0.0,0,0.05000070625230245,0.35064939621111585
197,-926.9999999999969,9.656249999999956,1738.125,0.0,0,0.05000065718958767,0.3466884218001117
198,-920.0999999999999,9.584374999999934,1725.1875,0.0,0,0.05000061153521573,0.32860089148808685
199,-911.0999999999977,9.490624999999936,1708.3125,0.0,0,0.05000056905241212,0.3111702147612555
200,-921.8999999999972,9.60312499999993,1728.5625,0.0,0,0.05000052952085081,0.31090468450501146
201,-893.0999999999985,9.303124999999927,1674.5625,0.0,0,0.05000049273551165,0.34244785465351824
202,-899.3999999999965,9.368749999999954,1686.375,0.0,0,0.05000045850561706,0.3362213553783173
203,-898.7999999999963,9.362499999999944,1685.25,0.0,0,0.05000042665364258,0.33280110016154746
204,-886.4999999999976,9.234374999999893,1662.1875,0.0,0,0.05000039701439623,0.35081884922045803
205,-905.3999999999988,9.431249999999912,1697.625,0.0,0,0.05000036943416177,0.3204053916192303
206,-919.4999999999975,9.578124999999956,1724.0625,0.0,0,0.0500003437699015,0.3420371846502854
207,-932.9999999999989,9.718749999999932,1749.375,0.0,0,0.050000319888514395,0.3487096877975596
208,-954.5999999999987,9.94374999999993,1789.875,0.0,0,0.05000029766614586,0.3441696322212617
209,-917.9999999999998,9.5624999999999,1721.25,0.0,0,0.050000276987545354,0.3497781652853721
210,-946.1999999999981,9.856249999999944,1774.125,0.0,0,0.050000257745468714,0.3481934226531949
211,-935.0999999999965,9.740624999999959,1753.3125,0.0,0,0.05000023984012189,0.3665875951552557
212,-893.9999999999965,9.312499999999917,1676.25,0.0,0,0.05000022317864347,0.3548543394905411
213,-894.2999999999977,9.315624999999939,1676.8125,0.0,0,0.050000207674623036,0.32058279825271
214,-896.0999999999974,9.334374999999921,1680.1875,0.0,0,0.050000193247653014,0.3379743553439362
215,-893.3999999999977,9.306249999999965,1675.125,0.0,0,0.050000179822911675,0.33105183132768917
216,-883.199999999998,9.199999999999935,1656.0,0.0,0,0.050000167330775086,0.36231141620729534
217,-898.1999999999974,9.356249999999921,1684.125,0.0,0,0.05000015570645604,0.3539707148680463
218,-903.2999999999986,9.40937499999993,1693.6875,0.0,0,0.05000014488966802,0.3336077835773014
219,-872.6999999999989,9.09062499999992,1636.3125,0.0,0,0.05000013482431258,0.35259744921285247
220,-891.5999999999993,9.287499999999923,1671.75,0.0,0,0.05000012545818836,0.34654188786840273
221,-890.0999999999983,9.271874999999927,1668.9375,0.0,0,0.0500001167427204,0.3136653374363151
222,-881.3999999999977,9.181249999999924,1652.625,0.0,0,0.05000010863270819,0.29886659043841063
223,-909.8999999999984,9.478124999999945,1706.0625,0.0,0,0.05000010108609127,0.34653826608943444
224,-898.4999999999975,9.359374999999929,1684.6875,0.0,0,0.050000094063731064,0.3479554637438721
225,-923.999999999997,9.624999999999948,1732.5,0.0,0,0.05000008752920793,0.3254135809631811
226,-938.099999999998,9.77187499999997,1758.9375,0.0,0,0.050000081448632265,0.3481043094355199
227,-893.0999999999976,9.303124999999953,1674.5625,0.0,0,0.050000075790468744,0.29318948390169275
228,-949.4999999999975,9.890624999999963,1780.3125,0.0,0,0.050000070525372774,0.3215771546613218
229,-887.3999999999977,9.243749999999922,1663.875,0.0,0,0.05000006562603831,0.32452931829417747
230,-924.5999999999981,9.631249999999941,1733.625,0.0,0,0.05000006106705621,0.3705180613168826
231,-902.0999999999976,9.396874999999946,1691.4375,0.0,0,0.05000005682478252,0.33454935908990185
232,-926.3999999999969,9.649999999999958,1737.0,0.0,0,0.05000005287721579,0.33046349571603867
233,-891.8999999999979,9.290624999999938,1672.3125,0.0,0,0.05000004920388297,0.3584804208483547
234,-881.6999999999979,9.184374999999934,1653.1875,0.0,0,0.0500000457857333,0.3710499916639593
235,-898.7999999999985,9.362499999999931,1685.25,0.0,0,0.05000004260503942,0.3551375635744383
236,-896.999999999999,9.343749999999932,1681.875,0.0,0,0.0500000396453055,0.3716557903215289
237,-899.399999999997,9.368749999999965,1686.375,0.0,0,0.05000003689118164,0.34746274191161824
238,-892.7999999999982,9.299999999999919,1674.0,0.0,0,0.050000034328384305,0.3430744147238632
239,-923.4000000000003,9.618749999999944,1731.375,0.0,0,0.050000031943622195,0.3519792821879188
240,-918.2999999999978,9.565624999999939,1721.8125,0.0,0,0.05000002972452738,0.33448744537826214
241,-906.5999999999977,9.443749999999936,1699.875,0.0,0,0.05000002765959109,0.2994598975120526
242,-917.0999999999964,9.553124999999973,1719.5625,0.0,0,0.050000025738104074,0.330657155946311
243,-873.5999999999983,9.099999999999937,1638.0,0.0,0,0.050000023950101044,0.3526934095968803
244,-893.0999999999971,9.303124999999937,1674.5625,0.0,0,0.050000022286308975,0.3314600213896483
245,-857.0999999999981,8.928124999999927,1607.0625,0.0,0,0.05000002073809905,0.3251660062569297
246,-917.3999999999976,9.556249999999936,1720.125,0.0,0,0.05000001929744189,0.3185006282913188
247,-895.4999999999978,9.328124999999966,1679.0625,0.0,0,0.05000001795686589,0.3237159615641253
248,-908.3999999999975,9.46249999999992,1703.25,0.0,0,0.050000016709418504,0.3234588639603721
249,-902.3999999999969,9.399999999999942,1692.0,0.0,0,0.05000001554863017,0.31356456092972723
250,-923.0999999999991,9.61562499999994,1730.8125,0.0,0,0.050000014468480763,0.32557910354807973
251,-896.099999999998,9.334374999999966,1680.1875,0.0,0,0.05000001346336836,0.35077049104082914
252,-911.0999999999974,9.490624999999945,1708.3125,0.0,0,0.05000001252808022,0.3342530858547737
253,-925.1999999999978,9.637499999999939,1734.75,0.0,0,0.050000011657765714,0.3367314633499417
254,-905.6999999999985,9.434374999999942,1698.1875,0.0,0,0.05000001084791117,0.33045862743941445
255,-927.5999999999968,9.66249999999995,1739.25,0.0,0,0.050000010094316504,0.321223518710273
256,-906.8999999999958,9.44687499999995,1700.4375,0.0,0,0.05000000939307338,0.3240675296013554
257,-938.3999999999979,9.774999999999942,1759.5,0.0,0,0.050000008740544985,0.3315443444893592
258,-897.2999999999989,9.346874999999928,1682.4375,0.0,0,0.05000000813334715,0.3397476762636668
259,-919.1999999999978,9.574999999999937,1723.5,0.0,0,0.05000000756833081,0.3252107065377964
260,-884.0999999999976,9.209374999999929,1657.6875,0.0,0,0.05000000704256565,0.3543875461495999
261,-927.8999999999955,9.665624999999954,1739.8125,0.0,0,0.05000000655332493,0.3379592311775519
262,-883.7999999999965,9.20624999999995,1657.125,0.0,0,0.050000006098071315,0.35831678175988296
263,-901.7999999999967,9.393749999999937,1690.875,0.0,0,0.050000005674443765,0.3265863739161028
264,-893.6999999999987,9.30937499999992,1675.6875,0.0,0,0.05000000528024524,0.33707443944488963
265,-885.5999999999972,9.22499999999993,1660.5,0.0,0,0.05000000491343133,0.34864710964159007
266,-887.6999999999983,9.24687499999991,1664.4375,0.0,0,0.05000000457209966,0.35940842509994075
267,-912.2999999999988,9.503124999999931,1710.5625,0.0,0,0.05000000425447999,0.3238390170762108
268,-921.0000000000003,9.593749999999927,1726.875,0.0,0,0.05000000395892508,0.3254183850044178
269,-948.2999999999977,9.878124999999965,1778.0625,0.0,0,0.050000003683902096,0.3282289036704848
270,-899.699999999999,9.371874999999935,1686.9375,0.0,0,0.05000000342798472,0.33441386976175835
271,-902.9999999999982,9.40624999999992,1693.125,0.0,0,0.050000003189845696,0.2981690980597503
272,-925.4999999999966,9.640624999999948,1735.3125,0.0,0,0.05000000296824997,0.3328627402506148
273,-891.299999999997,9.284374999999939,1671.1875,0.0,0,0.0500000027620483,0.33297251483632456
274,-953.6999999999962,9.934374999999973,1788.1875,0.0,0,0.05000000257017128,0.3470059731664757
275,-918.8999999999984,9.571874999999936,1722.9375,0.0,0,0.050000002391623784,0.35035129241231416
276,-902.3999999999983,9.399999999999913,1692.0,0.0,0,0.050000002225479824,0.3241719658848726
277,-875.3999999999967,9.118749999999922,1641.375,0.0,0,0.050000002070877736,0.34516965748949185
278,-908.9999999999981,9.468749999999925,1704.375,0.0,0,0.050000001927015716,0.3535718311296983
279,-904.7999999999985,9.424999999999946,1696.5,0.0,0,0.05000000179314766,0.3389765670109126
280,-879.2999999999981,9.159374999999912,1648.6875,0.0,0,0.0500000016685793,0.3107621509788765
281,-886.1999999999974,9.231249999999932,1661.625,0.0,0,0.05000000155266459,0.29920374199023675
282,-901.4999999999981,9.390624999999918,1690.3125,0.0,0,0.05000000144480237,0.31093327424282
283,-906.5999999999966,9.443749999999937,1699.875,0.0,0,0.05000000134443324,0.3271761648874316
284,-893.3999999999979,9.306249999999933,1675.125,0.0,0,0.05000000125103667,0.3611708990453432
285,-945.8999999999983,9.85312499999996,1773.5625,0.0,0,0.050000001164128276,0.30595730426721274
286,-917.0999999999975,9.55312499999996,1719.5625,0.0,0,0.05000000108325733,0.3174409735740887
287,-905.3999999999972,9.431249999999933,1697.625,0.0,0,0.05000000100800441,0.34127310623621776
288,-906.8999999999982,9.446874999999938,1700.4375,0.0,0,0.050000000937979246,0.32774021902328565
289,-892.4999999999966,9.29687499999993,1673.4375,0.0,0,0.05000000087281867,0.3515018278784636
290,-915.2999999999967,9.53437499999993,1716.1875,0.0,0,0.05000000081218474,0.33821278013702893
291,-925.7999999999992,9.643749999999935,1735.875,0.0,0,0.05000000075576299,0.3172589259480851
292,-903.2999999999978,9.409374999999956,1693.6875,0.0,0,0.050000000703260813,0.37160267378720974
293,-879.2999999999982,9.159374999999944,1648.6875,0.0,0,0.050000000654405914,0.35168093827863534
294,-908.9999999999967,9.468749999999952,1704.375,0.0,0,0.050000000608944925,0.3526376136475139
295,-905.0999999999968,9.428124999999948,1697.0625,0.0,0,0.05000000056664206,0.33949269749120703
296,-917.0999999999977,9.553124999999945,1719.5625,0.0,0,0.050000000527277946,0.33765296234180114
297,-922.7999999999972,9.61249999999995,1730.25,0.0,0,0.05000000049064842,0.3464668064274722
298,-908.9999999999976,9.468749999999932,1704.375,0.0,0,0.05000000045656352,0.32131856790122887
299,-935.9999999999986,9.749999999999941,1755.0,0.0,0,0.05000000042484646,0.35181805325361587
300,-908.3999999999976,9.462499999999928,1703.25,0.0,0,0.050000000395332755,0.3222536667043136
301,-913.7999999999976,9.51874999999993,1713.375,0.0,0,0.05000000036786934,0.3518457802167783
302,-930.8999999999979,9.696874999999933,1745.4375,0.0,0,0.05000000034231379,0.38102739550587206
303,-911.6999999999974,9.496874999999957,1709.4375,0.0,0,0.050000000318533556,0.34891147108024195
304,-910.4999999999978,9.484374999999936,1707.1875,0.0,0,0.05000000029640532,0.336954712929825
305,-921.8999999999975,9.60312499999993,1728.5625,0.0,0,0.050000000275814305,0.3451075559275018
306,-911.6999999999964,9.496874999999942,1709.4375,0.0,0,0.050000000256653736,0.3740819336329069
307,-949.4999999999984,9.890624999999941,1780.3125,0.0,0,0.05000000023882423,0.3599531733482662
308,-897.2999999999963,9.346874999999953,1682.4375,0.0,0,0.050000000222233325,0.34688287449276284
309,-914.0999999999979,9.521874999999945,1713.9375,0.0,0,0.05000000020679497,0.3680713712496476
310,-897.5999999999981,9.349999999999934,1683.0,0.0,0,0.05000000019242911,0.35402769731978573
311,-942.2999999999968,9.815624999999962,1766.8125,0.0,0,0.050000000179061234,0.35973468428581123
312,-913.1999999999974,9.512499999999944,1712.25,0.0,0,0.05000000016662201,0.35553214739387234
313,-918.899999999998,9.571874999999933,1722.9375,0.0,0,0.05000000015504693,0.31851048946070176
314,-939.8999999999979,9.790624999999979,1762.3125,0.0,0,0.050000000144275955,0.3496720612307804
315,-906.2999999999969,9.44062499999993,1699.3125,0.0,0,0.050000000134253236,0.3358537905435595
316,-878.6999999999969,9.15312499999992,1647.5625,0.0,0,0.05000000012492679,0.3242957850737083
317,-916.499999999998,9.546874999999954,1718.4375,0.0,0,0.050000000116248236,0.3340494503681031
318,-917.6999999999981,9.55937499999994,1720.6875,0.0,0,0.05000000010817257,0.33630765959516995
319,-932.0999999999975,9.709374999999945,1747.6875,0.0,0,0.05000000010065792,0.3464576969595833
320,-968.3999999999969,10.087499999999974,1815.75,0.0,0,0.05000000009366531,0.3414729319461104
321,-939.5999999999966,9.787499999999943,1761.75,0.0,0,0.050000000087158464,0.32075585077723695
322,-902.399999999997,9.39999999999994,1692.0,0.0,0,0.05000000008110364,0.371996410160015
323,-913.7999999999976,9.518749999999942,1713.375,0.0,0,0.050000000075469446,0.340579690085724
324,-904.499999999997,9.42187499999993,1695.9375,0.0,0,0.05000000007022665,0.3276038437253899
325,-921.5999999999988,9.599999999999945,1728.0,0.0,0,0.05000000006534807,0.3272197960462007
326,-913.7999999999973,9.518749999999942,1713.375,0.0,0,0.050000000060808396,0.3434744000900537
327,-922.799999999998,9.612499999999958,1730.25,0.0,0,0.050000000056584094,0.3351699157359285
328,-897.5999999999949,9.349999999999918,1683.0,0.0,0,0.050000000052653246,0.3447373885350923
329,-893.0999999999985,9.303124999999925,1674.5625,0.0,0,0.05000000004899547,0.37720122625016506
330,-933.2999999999984,9.721874999999956,1749.9375,0.0,0,0.0500000000455918,0.3322498843901687
331,-899.0999999999982,9.365624999999937,1685.8125,0.0,0,0.05000000004242458,0.35993852141934135
332,-907.4999999999989,9.453124999999932,1701.5625,0.0,0,0.05000000003947738,0.37340366600805686
333,-914.6999999999973,9.528124999999944,1715.0625,0.0,0,0.05000000003673492,0.3597738926868058
334,-929.6999999999955,9.68437499999994,1743.1875,0.0,0,0.05000000003418298,0.3589762780867103
335,-899.6999999999998,9.371874999999932,1686.9375,0.0,0,0.05000000003180832,0.33737575868662034
336,-896.9999999999982,9.343749999999929,1681.875,0.0,0,0.050000000029598625,0.35690139768024287
337,-920.6999999999987,9.590624999999935,1726.3125,0.0,0,0.050000000027542436,0.334851797313119
338,-910.1999999999986,9.481249999999939,1706.625,0.0,0,0.050000000025629085,0.3262871549516502
339,-899.699999999999,9.371874999999918,1686.9375,0.0,0,0.050000000023848655,0.34036951585051917
340,-913.1999999999955,9.512499999999953,1712.25,0.0,0,0.05000000002219191,0.3500232505301634
341,-921.5999999999979,9.599999999999952,1728.0,0.0,0,0.05000000002065026,0.3500105458570437
342,-928.1999999999972,9.668749999999937,1740.375,0.0,0,0.05000000001921571,0.3668983016318331
343,-920.9999999999976,9.593749999999943,1726.875,0.0,0,0.05000000001788081,0.3480914431624115
344,-927.5999999999976,9.662499999999927,1739.25,0.0,0,0.050000000016638645,0.3514697738560951
345,-935.6999999999966,9.746874999999953,1754.4375,0.0,0,0.05000000001548277,0.3371296879266285
346,-911.0999999999958,9.490624999999943,1708.3125,0.0,0,0.0500000000144072,0.32420040705086045
347,-911.3999999999966,9.49374999999994,1708.875,0.0,0,0.05000000001340634,0.3527381451593505
348,-890.6999999999975,9.27812499999992,1670.0625,0.0,0,0.05000000001247502,0.3460398224130687
349,-908.3999999999997,9.46249999999993,1703.25,0.0,0,0.05000000001160839,0.3279359965533432
350,-914.3999999999994,9.524999999999924,1714.5,0.0,0,0.050000000010801966,0.34858297788434556
351,-905.099999999999,9.428124999999913,1697.0625,0.0,0,0.05000000001005156,0.33727525275511044
352,-929.9999999999993,9.687499999999927,1743.75,0.0,0,0.05000000000935329,0.32974763120679806
353,-921.599999999997,9.599999999999937,1728.0,0.0,0,0.05000000000870353,0.3584646828783055
354,-908.9999999999999,9.468749999999922,1704.375,0.0,0,0.0500000000080989,0.33456261589502295
355,-929.9999999999987,9.68749999999995,1743.75,0.0,0,0.05000000000753627,0.36159814964565967
356,-870.8999999999983,9.071874999999926,1632.9375,0.0,0,0.05000000000701274,0.3550211092353695
357,-920.6999999999977,9.590624999999939,1726.3125,0.0,0,0.05000000000652557,0.3578494962822232
358,-916.799999999998,9.549999999999933,1719.0,0.0,0,0.05000000000607224,0.35076242868478097
359,-913.1999999999975,9.512499999999934,1712.25,0.0,0,0.050000000005650413,0.3372480298677045
360,-900.5999999999945,9.381249999999925,1688.625,0.0,0,0.05000000000525788,0.34188995828024216
361,-906.8999999999961,9.446874999999952,1700.4375,0.0,0,0.050000000004892624,0.3481452600720028
362,-890.3999999999982,9.274999999999931,1669.5,0.0,0,0.050000000004552736,0.3371898397958527
363,-923.999999999998,9.624999999999943,1732.5,0.0,0,0.05000000000423646,0.3520607638172805
364,-930.5999999999997,9.693749999999936,1744.875,0.0,0,0.05000000000394216,0.32879354337540767
365,-880.1999999999957,9.168749999999935,1650.375,0.0,0,0.0500000000036683,0.35234907895533574
366,-927.299999999998,9.659374999999942,1738.6875,0.0,0,0.05000000000341347,0.36140986387617885
367,-912.2999999999971,9.503124999999965,1710.5625,0.0,0,0.05000000000317634,0.3458744064542568
368,-980.9999999999978,10.218749999999964,1839.375,0.0,0,0.05000000000295568,0.3516719473137831
369,-891.5999999999989,9.287499999999923,1671.75,0.0,0,0.05000000000275035,0.3148903729031897
370,-908.3999999999961,9.462499999999958,1703.25,0.0,0,0.05000000000255929,0.3227613271679729
371,-885.5999999999985,9.224999999999941,1660.5,0.0,0,0.050000000002381494,0.3556762300017807
372,-902.0999999999972,9.396874999999941,1691.4375,0.0,0,0.050000000002216057,0.3287776199842079
373,-889.7999999999978,9.268749999999924,1668.375,0.0,0,0.05000000000206211,0.34492804263201027
374,-901.4999999999994,9.390624999999917,1690.3125,0.0,0,0.05000000000191886,0.3435327533684257
375,-918.5999999999984,9.568749999999929,1722.375,0.0,0,0.050000000001785554,0.3329319170520951
376,-907.7999999999978,9.456249999999962,1702.125,0.0,0,0.050000000001661514,0.35847188883150616
377,-894.2999999999972,9.315624999999947,1676.8125,0.0,0,0.05000000000154609,0.34204040139189196
378,-910.1999999999956,9.48124999999995,1706.625,0.0,0,0.050000000001438685,0.3398309498249243
379,-893.3999999999983,9.306249999999919,1675.125,0.0,0,0.050000000001338744,0.34787420657877294
380,-879.2999999999953,9.159374999999944,1648.6875,0.0,0,0.05000000000124574,0.3361803974180172
381,-894.5999999999976,9.318749999999925,1677.375,0.0,0,0.0500000000011592,0.337184720300138
382,-920.0999999999963,9.584374999999945,1725.1875,0.0,0,0.050000000001078675,0.33958494811215334
383,-911.6999999999988,9.496874999999939,1709.4375,0.0,0,0.050000000001003735,0.3174838837546607
384,-898.4999999999995,9.35937499999993,1684.6875,0.0,0,0.050000000000934006,0.2981249450240284
385,-885.2999999999973,9.221874999999947,1659.9375,0.0,0,0.05000000000086913,0.32376270099646515
386,-889.4999999999983,9.265624999999936,1667.8125,0.0,0,0.050000000000808745,0.36455028435318837
387,-884.399999999998,9.212499999999919,1658.25,0.0,0,0.05000000000075257,0.313432222043371
388,-893.0999999999973,9.303124999999932,1674.5625,0.0,0,0.05000000000070028,0.31794262492718794
389,-917.3999999999971,9.556249999999944,1720.125,0.0,0,0.050000000000651634,0.333043736535021
390,-935.0999999999996,9.740624999999932,1753.3125,0.0,0,0.050000000000606365,0.36814891317238413
391,-923.3999999999991,9.618749999999947,1731.375,0.0,0,0.050000000000564246,0.33245974456787936
392,-897.5999999999968,9.349999999999955,1683.0,0.0,0,0.05000000000052505,0.3328443036828604
393,-882.6,9.19374999999991,1654.875,0.0,0,0.05000000000048857,0.3374273289253728
394,-905.9999999999967,9.43749999999994,1698.75,0.0,0,0.05000000000045463,0.34184458693489433
395,-905.9999999999969,9.437499999999948,1698.75,0.0,0,0.050000000000423046,0.31229960173368454
396,-923.9999999999976,9.62499999999996,1732.5,0.0,0,0.05000000000039366,0.3492250776073585
397,-874.7999999999975,9.112499999999912,1640.25,0.0,0,0.050000000000366314,0.33250606254571013
398,-895.4999999999981,9.328124999999964,1679.0625,0.0,0,0.05000000000034087,0.3384423396213808
399,-917.9999999999975,9.56249999999993,1721.25,0.0,0,0.05000000000031719,0.32701089274034734
400,-881.6999999999992,9.184374999999939,1653.1875,0.0,0,0.050000000000295156,0.3346425352876799
401,-918.299999999998,9.56562499999996,1721.8125,0.0,0,0.05000000000027465,0.3615149226039648
402,-917.0999999999989,9.553124999999927,1719.5625,0.0,0,0.05000000000025557,0.3333456337865856
403,-895.7999999999948,9.33124999999991,1679.625,0.0,0,0.05000000000023781,0.34811414597659474
404,-872.6999999999989,9.090624999999916,1636.3125,0.0,0,0.0500000000002213,0.3555036324283315
405,-903.5999999999972,9.412499999999943,1694.25,0.0,0,0.05000000000020592,0.33404881741541126
406,-908.6999999999979,9.465624999999934,1703.8125,0.0,0,0.05000000000019161,0.33618438446687327
407,-916.4999999999977,9.546874999999938,1718.4375,0.0,0,0.050000000000178305,0.32570755819065705
408,-892.1999999999969,9.293749999999935,1672.875,0.0,0,0.05000000000016592,0.3201707820615007
409,-918.8999999999961,9.571874999999926,1722.9375,0.0,0,0.05000000000015439,0.3015950774566995
410,-894.8999999999978,9.321874999999935,1677.9375,0.0,0,0.050000000000143666,0.3193701666314155
411,-914.0999999999964,9.52187499999996,1713.9375,0.0,0,0.05000000000013369,0.31548121665707896
412,-912.8999999999985,9.509374999999938,1711.6875,0.0,0,0.0500000000001244,0.34403089980801776
413,-939.2999999999985,9.784374999999963,1761.1875,0.0,0,0.05000000000011576,0.33429617289350266
414,-894.5999999999959,9.318749999999943,1677.375,0.0,0,0.050000000000107715,0.3578109745971031
415,-897.2999999999985,9.346874999999931,1682.4375,0.0,0,0.050000000000100235,0.31911861204490477
416,-923.6999999999971,9.62187499999994,1731.9375,0.0,0,0.05000000000009327,0.34381628037016426
417,-909.5999999999942,9.474999999999941,1705.5,0.0,0,0.050000000000086794,0.3043840427727749
418,-909.2999999999998,9.471874999999924,1704.9375,0.0,0,0.050000000000080765,0.35105466788841616
419,-895.4999999999992,9.32812499999993,1679.0625,0.0,0,0.05000000000007515,0.31988242621947494
420,-884.9999999999968,9.218749999999936,1659.375,0.0,0,0.05000000000006993,0.3342780524968273
421,-897.5999999999973,9.349999999999927,1683.0,0.0,0,0.050000000000065076,0.3414735914001034
422,-902.0999999999979,9.396874999999914,1691.4375,0.0,0,0.05000000000006055,0.31816367607874174
423,-894.5999999999967,9.318749999999946,1677.375,0.0,0,0.05000000000005635,0.3081962306518108
424,-922.7999999999973,9.612499999999947,1730.25,0.0,0,0.05000000000005243,0.33199456832371654
425,-907.7999999999969,9.456249999999962,1702.125,0.0,0,0.05000000000004879,0.3076161538509445
426,-924.8999999999968,9.63437499999995,1734.1875,0.0,0,0.050000000000045404,0.33836866268474197
427,-895.4999999999994,9.3281249999999,1679.0625,0.0,0,0.05000000000004225,0.34737682197656894
428,-929.6999999999971,9.68437499999994,1743.1875,0.0,0,0.05000000000003931,0.337401643783475
429,-928.1999999999962,9.66874999999993,1740.375,0.0,0,0.050000000000036585,0.33387179465240074
430,-927.5999999999968,9.662499999999946,1739.25,0.0,0,0.05000000000003404,0.3402318617122041
431,-923.999999999997,9.62499999999994,1732.5,0.0,0,0.05000000000003168,0.3318550730822608
432,-898.7999999999967,9.362499999999939,1685.25,0.0,0,0.05000000000002948,0.3235951282394429
433,-892.4999999999962,9.29687499999993,1673.4375,0.0,0,0.050000000000027425,0.331932087480608
434,-917.3999999999976,9.556249999999958,1720.125,0.0,0,0.050000000000025524,0.33264232357032597
435,-915.8999999999982,9.540624999999931,1717.3125,0.0,0,0.05000000000002375,0.3281890508046167
436,-909.2999999999938,9.471874999999953,1704.9375,0.0,0,0.0500000000000221,0.32991274828091266
437,-911.6999999999973,9.496874999999942,1709.4375,0.0,0,0.05000000000002056,0.32844354139330484
438,-913.2000000000008,9.512499999999898,1712.25,0.0,0,0.05000000000001914,0.3509756304375413
439,-926.0999999999976,9.646874999999936,1736.4375,0.0,0,0.05000000000001781,0.349586125370115
440,-860.9999999999989,8.968749999999917,1614.375,0.0,0,0.05000000000001657,0.3396446176649382
441,-932.0999999999947,9.709374999999978,1747.6875,0.0,0,0.05000000000001542,0.29832706441067985
442,-869.0999999999998,9.053124999999902,1629.5625,0.0,0,0.05000000000001435,0.34040829701245656
443,-960.2999999999962,10.003124999999974,1800.5625,0.0,0,0.05000000000001335,0.33125858063447394
444,-924.2999999999969,9.628124999999951,1733.0625,0.0,0,0.05000000000001242,0.33815426785084934
445,-878.7000000000013,9.153124999999921,1647.5625,0.0,0,0.05000000000001156,0.3135794488350964
446,-885.2999999999976,9.221874999999931,1659.9375,0.0,0,0.05000000000001076,0.3355561515575068
447,-944.9999999999973,9.843749999999941,1771.875,0.0,0,0.05000000000001001,0.3120003134995285
448,-920.9999999999975,9.593749999999922,1726.875,0.0,0,0.050000000000009315,0.35101030221622853
449,-906.8999999999977,9.446874999999945,1700.4375,0.0,0,0.05000000000000867,0.32177971310965303
450,-904.199999999996,9.418749999999926,1695.375,0.0,0,0.050000000000008066,0.35323911185583307
451,-878.3999999999983,9.149999999999944,1647.0,0.0,0,0.050000000000007504,0.3619568276995172
452,-903.2999999999986,9.40937499999992,1693.6875,0.0,0,0.05000000000000698,0.3347590402725877
453,-904.7999999999986,9.42499999999994,1696.5,0.0,0,0.0500000000000065,0.30634919765094915
454,-923.0999999999971,9.615624999999941,1730.8125,0.0,0,0.05000000000000605,0.33009342903581756
455,-923.3999999999977,9.618749999999949,1731.375,0.0,0,0.05000000000000563,0.30788708850741386
456,-884.9999999999985,9.218749999999925,1659.375,0.0,0,0.05000000000000524,0.335367863604592
457,-916.7999999999967,9.549999999999963,1719.0,0.0,0,0.050000000000004874,0.3403868826157931
458,-930.2999999999961,9.690624999999958,1744.3125,0.0,0,0.050000000000004534,0.3681367035386049
459,-891.5999999999982,9.287499999999937,1671.75,0.0,0,0.05000000000000422,0.33471787376846707
460,-918.8999999999976,9.57187499999993,1722.9375,0.0,0,0.05000000000000393,0.336535514673839
461,-891.2999999999971,9.284374999999931,1671.1875,0.0,0,0.05000000000000365,0.3413362466626697
462,-925.4999999999978,9.640624999999947,1735.3125,0.0,0,0.0500000000000034,0.3231778281326923
463,-889.7999999999972,9.268749999999928,1668.375,0.0,0,0.05000000000000317,0.3340862835602214
464,-939.2999999999965,9.784374999999969,1761.1875,0.0,0,0.050000000000002945,0.3424478556132979
465,-946.7999999999984,9.86249999999996,1775.25,0.0,0,0.050000000000002744,0.3420065619206677
466,-942.8999999999985,9.821874999999975,1767.9375,0.0,0,0.05000000000000255,0.33408963512111867
467,-913.4999999999994,9.515624999999929,1712.8125,0.0,0,0.050000000000002376,0.38259624331258235
468,-921.5999999999976,9.599999999999957,1728.0,0.0,0,0.05000000000000221,0.349950538855046
469,-867.5999999999989,9.037499999999916,1626.75,0.0,0,0.05000000000000206,0.35510156942634946
470,-925.4999999999981,9.64062499999994,1735.3125,0.0,0,0.05000000000000191,0.33741355490767294
471,-896.6999999999982,9.34062499999993,1681.3125,0.0,0,0.05000000000000178,0.3333958234327535
472,-939.5999999999977,9.787499999999959,1761.75,0.0,0,0.050000000000001654,0.3098781397436849
473,-882.2999999999989,9.190624999999919,1654.3125,0.0,0,0.05000000000000154,0.3460477967125674
474,-913.4999999999981,9.515624999999932,1712.8125,0.0,0,0.05000000000000143,0.3558913796208799
475,-929.9999999999972,9.687499999999938,1743.75,0.0,0,0.050000000000001335,0.29542435854155985
476,-904.1999999999978,9.418749999999935,1695.375,0.0,0,0.050000000000001245,0.3402220544457022
477,-912.8999999999972,9.509374999999896,1711.6875,0.0,0,0.050000000000001155,0.33576714107249345
478,-899.3999999999976,9.368749999999938,1686.375,0.0,0,0.05000000000000108,0.34929114961996677
479,-895.4999999999981,9.328124999999911,1679.0625,0.0,0,0.050000000000001,0.32741551328346963
480,-926.9999999999967,9.656249999999964,1738.125,0.0,0,0.05000000000000093,0.31276504303742614
481,-916.799999999997,9.549999999999939,1719.0,0.0,0,0.05000000000000087,0.32054231664321076
482,-917.9999999999977,9.562499999999936,1721.25,0.0,0,0.05000000000000081,0.3287255588091082
483,-896.699999999998,9.340624999999921,1681.3125,0.0,0,0.05000000000000075,0.3396111389984273
484,-891.8999999999992,9.290624999999938,1672.3125,0.0,0,0.0500000000000007,0.3363968007421742
485,-904.1999999999979,9.418749999999916,1695.375,0.0,0,0.050000000000000655,0.33003872791305183
486,-890.0999999999956,9.271874999999946,1668.9375,0.0,0,0.050000000000000606,0.3190628639163656
487,-908.0999999999975,9.459374999999955,1702.6875,0.0,0,0.050000000000000565,0.34596727247763837
488,-890.0999999999979,9.27187499999994,1668.9375,0.0,0,0.05000000000000052,0.3359649711340252
489,-919.1999999999982,9.57499999999993,1723.5,0.0,0,0.05000000000000049,0.3527810364185522
490,-901.1999999999981,9.387499999999934,1689.75,0.0,0,0.050000000000000454,0.33450772779372834
491,-929.3999999999969,9.681249999999952,1742.625,0.0,0,0.050000000000000426,0.3509439017778883
492,-879.2999999999985,9.159374999999931,1648.6875,0.0,0,0.05000000000000039,0.3575489332795971
493,-947.6999999999973,9.87187499999994,1776.9375,0.0,0,0.05000000000000037,0.3300011361224784
494,-915.3000000000001,9.534374999999915,1716.1875,0.0,0,0.05000000000000034,0.3441372675872925
495,-891.2999999999964,9.284374999999914,1671.1875,0.0,0,0.05000000000000032,0.322393262381148
496,-907.1999999999973,9.449999999999948,1701.0,0.0,0,0.050000000000000294,0.3302478800838192
497,-919.4999999999975,9.578124999999948,1724.0625,0.0,0,0.05000000000000027,0.32864023919165547
498,-934.1999999999979,9.731249999999948,1751.625,0.0,0,0.05000000000000026,0.34513462244843446
499,-891.2999999999967,9.284374999999951,1671.1875,0.0,0,0.05000000000000024,0.35328774272153773
500,-897.5999999999979,9.349999999999909,1683.0,0.0,0,0.050000000000000225,0.3237319136814525
501,-911.9999999999997,9.499999999999938,1710.0,0.0,0,0.05000000000000021,0.32284700204100875
502,-896.9999999999972,9.34374999999994,1681.875,0.0,0,0.05000000000000019,0.3055240864503301
503,-935.9999999999991,9.749999999999963,1755.0,0.0,0,0.05000000000000018,0.3305141708089246
504,-882.2999999999977,9.190624999999915,1654.3125,0.0,0,0.05000000000000017,0.3368334297142509
505,-905.0999999999981,9.42812499999994,1697.0625,0.0,0,0.050000000000000155,0.3450692674248583
506,-902.3999999999984,9.399999999999915,1692.0,0.0,0,0.05000000000000015,0.3719431169900215
507,-878.699999999996,9.153124999999935,1647.5625,0.0,0,0.050000000000000135,0.3283465839068716
508,-894.2999999999979,9.315624999999923,1676.8125,0.0,0,0.05000000000000013,0.33141447677173547
509,-948.8999999999974,9.884374999999958,1779.1875,0.0,0,0.05000000000000012,0.3375589091123806
510,-900.8999999999975,9.384374999999947,1689.1875,0.0,0,0.05000000000000011,0.33726984339041843
511,-897.5999999999966,9.349999999999946,1683.0,0.0,0,0.0500000000000001,0.33893740519156884
512,-879.5999999999952,9.16249999999994,1649.25,0.0,0,0.05000000000000009,0.33456954959159096
513,-908.9999999999977,9.468749999999948,1704.375,0.0,0,0.050000000000000086,0.34413674180395903
514,-913.1999999999979,9.512499999999944,1712.25,0.0,0,0.050000000000000086,0.34061949658725
515,-884.0999999999976,9.209374999999929,1657.6875,0.0,0,0.05000000000000008,0.3231313116331067
516,-910.1999999999973,9.481249999999944,1706.625,0.0,0,0.05000000000000007,0.34202720989576646
517,-924.2999999999972,9.628124999999931,1733.0625,0.0,0,0.050000000000000065,0.3671253372604648
518,-902.9999999999982,9.406249999999932,1693.125,0.0,0,0.050000000000000065,0.3464744079909805
519,-918.8999999999983,9.571874999999942,1722.9375,0.0,0,0.05000000000000006,0.34752815971668394
520,-926.0999999999984,9.646874999999932,1736.4375,0.0,0,0.05000000000000006,0.3532719874806288
521,-919.1999999999975,9.57499999999994,1723.5,0.0,0,0.05000000000000005,0.3458646440412849
522,-891.5999999999965,9.287499999999943,1671.75,0.0,0,0.05000000000000005,0.3144642274981985
523,-925.7999999999982,9.643749999999926,1735.875,0.0,0,0.050000000000000044,0.30040829470898545
524,-896.6999999999977,9.340624999999942,1681.3125,0.0,0,0.050000000000000044,0.30420187818817795
525,-894.2999999999979,9.315624999999923,1676.8125,0.0,0,0.05000000000000004,0.3375292306610694
526,-922.1999999999966,9.606249999999982,1729.125,0.0,0,0.05000000000000004,0.3499755264311615
527,-900.8999999999974,9.384374999999945,1689.1875,0.0,0,0.05000000000000004,0.34516379662478963
528,-897.5999999999996,9.349999999999904,1683.0,0.0,0,0.05000000000000003,0.3286783169748055
529,-962.9999999999957,10.03124999999996,1805.625,0.0,0,0.05000000000000003,0.3430605365894735
530,-911.3999999999979,9.493749999999938,1708.875,0.0,0,0.05000000000000003,0.33049912377674545
531,-924.5999999999977,9.631249999999952,1733.625,0.0,0,0.050000000000000024,0.3391025696130883
532,-926.9999999999981,9.656249999999936,1738.125,0.0,0,0.050000000000000024,0.3417374186217785
533,-911.3999999999968,9.493749999999933,1708.875,0.0,0,0.050000000000000024,0.3204845220419682
534,-941.699999999997,9.809374999999957,1765.6875,0.0,0,0.050000000000000024,0.3482726101194405
535,-910.4999999999968,9.484374999999964,1707.1875,0.0,0,0.050000000000000024,0.3174191947560757
536,-916.7999999999972,9.54999999999994,1719.0,0.0,0,0.05000000000000002,0.3403841122881406
537,-899.3999999999978,9.368749999999917,1686.375,0.0,0,0.05000000000000002,0.3313563825459116
538,-916.1999999999988,9.543749999999946,1717.875,0.0,0,0.05000000000000002,0.33545663608755505
539,-929.0999999999988,9.678124999999925,1742.0625,0.0,0,0.05000000000000002,0.3490597010952317
540,-925.1999999999974,9.637499999999948,1734.75,0.0,0,0.05000000000000002,0.34651847294428284
541,-854.3999999999991,8.899999999999915,1602.0,0.0,0,0.05000000000000002,0.3140264538427194
542,-927.8999999999982,9.665624999999924,1739.8125,0.0,0,0.05000000000000002,0.32864037082116637
543,-941.6999999999995,9.80937499999995,1765.6875,0.0,0,0.05000000000000001,0.33133906941446994
544,-913.7999999999976,9.518749999999933,1713.375,0.0,0,0.05000000000000001,0.3378555408006327
545,-911.9999999999986,9.499999999999941,1710.0,0.0,0,0.05000000000000001,0.3488788111264714
546,-911.9999999999989,9.499999999999938,1710.0,0.0,0,0.05000000000000001,0.3329119284482052
547,-920.6999999999986,9.590624999999926,1726.3125,0.0,0,0.05000000000000001,0.3342980041996472
548,-921.2999999999988,9.596874999999951,1727.4375,0.0,0,0.05000000000000001,0.35241518737230865
549,-915.2999999999956,9.534374999999953,1716.1875,0.0,0,0.05000000000000001,0.338287865008331
550,-914.399999999999,9.524999999999922,1714.5,0.0,0,0.05000000000000001,0.3536263110478305
551,-906.5999999999985,9.443749999999914,1699.875,0.0,0,0.05000000000000001,0.3311496562634905
552,-938.399999999998,9.774999999999952,1759.5,0.0,0,0.05000000000000001,0.32049804522345465
553,-896.9999999999987,9.343749999999934,1681.875,0.0,0,0.05000000000000001,0.33142537418235507
554,-898.4999999999975,9.359374999999927,1684.6875,0.0,0,0.05000000000000001,0.3253234954861303
555,-904.7999999999977,9.424999999999937,1696.5,0.0,0,0.05000000000000001,0.33267932983839676
556,-902.0999999999997,9.396874999999923,1691.4375,0.0,0,0.05000000000000001,0.3675063614112635
557,-924.9000000000002,9.634374999999915,1734.1875,0.0,0,0.05000000000000001,0.34401290860647954
558,-892.499999999999,9.296874999999927,1673.4375,0.0,0,0.05,0.33809827155847516
559,-921.8999999999969,9.603124999999936,1728.5625,0.0,0,0.05,0.3367254077405151
560,-874.1999999999985,9.106249999999912,1639.125,0.0,0,0.05,0.35673662637256914
561,-944.3999999999957,9.837499999999958,1770.75,0.0,0,0.05,0.3305407857108447
562,-899.9999999999987,9.374999999999913,1687.5,0.0,0,0.05,0.34395796991367306
563,-897.8999999999988,9.35312499999993,1683.5625,0.0,0,0.05,0.34249697263973455
564,-911.099999999999,9.490624999999929,1708.3125,0.0,0,0.05,0.3250509296595636
565,-923.0999999999975,9.615624999999934,1730.8125,0.0,0,0.05,0.3633151093860053
566,-899.3999999999975,9.36874999999993,1686.375,0.0,0,0.05,0.32204406819202835
567,-896.9999999999986,9.34374999999994,1681.875,0.0,0,0.05,0.3275963036395195
568,-896.3999999999932,9.337499999999944,1680.75,0.0,0,0.05,0.35240184657482637
569,-887.0999999999981,9.240624999999918,1663.3125,0.0,0,0.05,0.34331023505268
570,-896.9999999999967,9.343749999999947,1681.875,0.0,0,0.05,0.36379745750325837
571,-912.2999999999984,9.503124999999937,1710.5625,0.0,0,0.05,0.3328182983677834
572,-879.2999999999998,9.15937499999991,1648.6875,0.0,0,0.05,0.3509611868247804
573,-915.8999999999975,9.540624999999924,1717.3125,0.0,0,0.05,0.3589277571532875
574,-913.199999999997,9.512499999999957,1712.25,0.0,0,0.05,0.32645217737493415
575,-897.5999999999974,9.349999999999918,1683.0,0.0,0,0.05,0.3375929349929922
576,-905.3999999999983,9.431249999999912,1697.625,0.0,0,0.05,0.35075251258547524
577,-925.1999999999966,9.637499999999944,1734.75,0.0,0,0.05,0.34826060067862274
578,-919.1999999999966,9.57499999999995,1723.5,0.0,0,0.05,0.3538664528427439
579,-912.8999999999976,9.50937499999994,1711.6875,0.0,0,0.05,0.3271605300717056
580,-900.5999999999988,9.38124999999994,1688.625,0.0,0,0.05,0.29675962717479304
581,-925.7999999999972,9.643749999999939,1735.875,0.0,0,0.05,0.3167790423716522
582,-878.9999999999973,9.156249999999917,1648.125,0.0,0,0.05,0.33431160126605797
583,-888.8999999999967,9.259374999999919,1666.6875,0.0,0,0.05,0.33145561520424155
584,-909.2999999999979,9.471874999999944,1704.9375,0.0,0,0.05,0.29518977178053724
585,-902.9999999999969,9.406249999999947,1693.125,0.0,0,0.05,0.33198508612501126
586,-933.899999999998,9.72812499999997,1751.0625,0.0,0,0.05,0.32088568853731786
587,-914.9999999999977,9.531249999999929,1715.625,0.0,0,0.05,0.3493203972207589
588,-918.5999999999996,9.568749999999937,1722.375,0.0,0,0.05,0.31936916379878916
589,-905.9999999999962,9.43749999999993,1698.75,0.0,0,0.05,0.3287807183495412
590,-882.8999999999982,9.19687499999993,1655.4375,0.0,0,0.05,0.31730441828775735
591,-908.3999999999997,9.46249999999993,1703.25,0.0,0,0.05,0.33388469682282046
592,-905.0999999999973,9.428124999999952,1697.0625,0.0,0,0.05,0.3251243603157086
593,-907.7999999999978,9.456249999999962,1702.125,0.0,0,0.05,0.3459778841998842
594,-931.1999999999981,9.699999999999958,1746.0,0.0,0,0.05,0.32730596294988773
595,-913.1999999999977,9.512499999999944,1712.25,0.0,0,0.05,0.3080870399510281
596,-886.4999999999968,9.234374999999895,1662.1875,0.0,0,0.05,0.32683657187606313
597,-913.7999999999995,9.518749999999931,1713.375,0.0,0,0.05,0.35969460401684045
598,-949.1999999999982,9.887499999999946,1779.75,0.0,0,0.05,0.3238667124261459
599,-907.1999999999988,9.449999999999928,1701.0,0.0,0,0.05,0.31800808697524996
600,-896.9999999999966,9.343749999999934,1681.875,0.0,0,0.05,0.3470266114402976
601,-914.9999999999965,9.531249999999947,1715.625,0.0,0,0.05,0.32414013156667354
602,-913.1999999999987,9.51249999999993,1712.25,0.0,0,0.05,0.3335982817328639
603,-919.1999999999975,9.57499999999994,1723.5,0.0,0,0.05,0.3197136400008781
604,-882.5999999999975,9.193749999999925,1654.875,0.0,0,0.05,0.33585137745572463
605,-940.1999999999979,9.793749999999966,1762.875,0.0,0,0.05,0.3478719486441049
606,-873.2999999999984,9.096874999999931,1637.4375,0.0,0,0.05,0.33515640215223863
607,-876.5999999999982,9.131249999999909,1643.625,0.0,0,0.05,0.33625259088973203
608,-920.0999999999966,9.584374999999934,1725.1875,0.0,0,0.05,0.3451390537329846
609,-923.6999999999979,9.62187499999992,1731.9375,0.0,0,0.05,0.33018670672447314
610,-934.1999999999978,9.73124999999995,1751.625,0.0,0,0.05,0.34821404836968417
611,-922.7999999999995,9.612499999999931,1730.25,0.0,0,0.05,0.35464045703928504
612,-900.5999999999987,9.381249999999927,1688.625,0.0,0,0.05,0.35122658500137427
613,-895.1999999999962,9.324999999999942,1678.5,0.0,0,0.05,0.34748494411922165
614,-919.7999999999977,9.581249999999939,1724.625,0.0,0,0.05,0.3103316224697563
615,-916.799999999997,9.549999999999939,1719.0,0.0,0,0.05,0.3219589299056679
616,-893.9999999999977,9.312499999999929,1676.25,0.0,0,0.05,0.3286444556485448
617,-935.6999999999992,9.746874999999939,1754.4375,0.0,0,0.05,0.32936383442332345
618,-927.8999999999967,9.665624999999979,1739.8125,0.0,0,0.05,0.33921263763267134
619,-893.0999999999964,9.303124999999934,1674.5625,0.0,0,0.05,0.3681404337959571
620,-913.7999999999997,9.518749999999946,1713.375,0.0,0,0.05,0.3191386885268407
621,-914.9999999999978,9.531249999999936,1715.625,0.0,0,0.05,0.35551854490509466
622,-910.1999999999975,9.48124999999994,1706.625,0.0,0,0.05,0.3369265544331736
623,-920.6999999999975,9.59062499999994,1726.3125,0.0,0,0.05,0.33000899377382464
624,-913.7999999999979,9.518749999999947,1713.375,0.0,0,0.05,0.3043384706860201
625,-905.6999999999972,9.434374999999951,1698.1875,0.0,0,0.05,0.3440033714959605
626,-915.5999999999968,9.537499999999955,1716.75,0.0,0,0.05,0.35421270485449996
627,-860.399999999999,8.96249999999992,1613.25,0.0,0,0.05,0.34887975341019534
628,-897.299999999995,9.346874999999955,1682.4375,0.0,0,0.05,0.33506380788361034
629,-910.1999999999961,9.48124999999994,1706.625,0.0,0,0.05,0.3483134258693705
630,-917.9999999999972,9.562499999999968,1721.25,0.0,0,0.05,0.3527195796629207
631,-894.8999999999983,9.321874999999949,1677.9375,0.0,0,0.05,0.36538771693853456
632,-893.099999999996,9.303124999999929,1674.5625,0.0,0,0.05,0.29830450983200635
633,-905.6999999999969,9.434374999999935,1698.1875,0.0,0,0.05,0.36186694249821205
634,-890.3999999999976,9.274999999999938,1669.5,0.0,0,0.05,0.32083827754637845
635,-904.1999999999973,9.418749999999935,1695.375,0.0,0,0.05,0.34011322078812456
636,-944.9999999999973,9.843749999999966,1771.875,0.0,0,0.05,0.3583956598562913
637,-938.0999999999992,9.771874999999921,1758.9375,0.0,0,0.05,0.32183500046117436
638,-935.9999999999974,9.749999999999961,1755.0,0.0,0,0.05,0.32582600500641595
639,-883.4999999999985,9.203124999999918,1656.5625,0.0,0,0.05,0.3847889940564831
640,-904.4999999999956,9.421874999999945,1695.9375,0.0,0,0.05,0.3397373190253145
641,-933.299999999998,9.721874999999974,1749.9375,0.0,0,0.05,0.31832953923795787
642,-910.1999999999972,9.481249999999935,1706.625,0.0,0,0.05,0.3533379242548512
643,-927.5999999999982,9.662499999999948,1739.25,0.0,0,0.05,0.3398861003522244
644,-887.9999999999987,9.249999999999925,1665.0,0.0,0,0.05,0.36039753558838533
645,-906.8999999999972,9.446874999999942,1700.4375,0.0,0,0.05,0.336444883643546
646,-923.0999999999975,9.615624999999941,1730.8125,0.0,0,0.05,0.34522860734206107
647,-898.1999999999978,9.356249999999932,1684.125,0.0,0,0.05,0.37174561203250456
648,-923.3999999999987,9.618749999999947,1731.375,0.0,0,0.05,0.342013852406914
649,-890.399999999998,9.274999999999926,1669.5,0.0,0,0.05,0.3110425375919375
650,-898.4999999999959,9.359374999999947,1684.6875,0.0,0,0.05,0.35566813411294584
651,-932.1000000000001,9.709374999999934,1747.6875,0.0,0,0.05,0.3652338862626089
652,-948.8999999999984,9.884374999999919,1779.1875,0.0,0,0.05,0.34485144189351963
653,-883.7999999999964,9.206249999999924,1657.125,0.0,0,0.05,0.3323257093731728
654,-891.8999999999987,9.290624999999922,1672.3125,0.0,0,0.05,0.3299119209405035
655,-922.1999999999991,9.606249999999928,1729.125,0.0,0,0.05,0.32303054845477974
656,-945.8999999999985,9.853124999999924,1773.5625,0.0,0,0.05,0.32262676302343607
657,-887.699999999998,9.24687499999994,1664.4375,0.0,0,0.05,0.3137114318812059
658,-944.0999999999972,9.834374999999964,1770.1875,0.0,0,0.05,0.3633223699405789
659,-877.799999999998,9.143749999999924,1645.875,0.0,0,0.05,0.34683243153720267
660,-923.3999999999992,9.618749999999944,1731.375,0.0,0,0.05,0.33056073756371107
661,-882.2999999999998,9.190624999999935,1654.3125,0.0,0,0.05,0.3370691763107768
662,-899.9999999999993,9.374999999999917,1687.5,0.0,0,0.05,0.3409849740099162
663,-909.8999999999968,9.478124999999952,1706.0625,0.0,0,0.05,0.3855392480269074
664,-895.7999999999975,9.331249999999924,1679.625,0.0,0,0.05,0.3683363739349362
665,-918.6000000000003,9.56874999999992,1722.375,0.0,0,0.05,0.321396596569361
666,-914.0999999999964,9.521874999999957,1713.9375,0.0,0,0.05,0.3431920124528309
667,-911.0999999999964,9.490624999999952,1708.3125,0.0,0,0.05,0.34754669355332024
668,-953.9999999999972,9.937499999999952,1788.75,0.0,0,0.05,0.32801929672973024
669,-936.2999999999959,9.753124999999937,1755.5625,0.0,0,0.05,0.33890807827831143
670,-905.0999999999979,9.428124999999937,1697.0625,0.0,0,0.05,0.3271907147537503
671,-871.1999999999985,9.07499999999992,1633.5,0.0,0,0.05,0.3573905208768944
672,-903.8999999999985,9.41562499999993,1694.8125,0.0,0,0.05,0.34434661992515125
673,-935.999999999999,9.74999999999996,1755.0,0.0,0,0.05,0.33631376666016877
674,-901.1999999999975,9.387499999999946,1689.75,0.0,0,0.05,0.3489586680041005
675,-914.0999999999952,9.521874999999968,1713.9375,0.0,0,0.05,0.33492426547066617
676,-876.9000000000001,9.134374999999908,1644.1875,0.0,0,0.05,0.3302875268790457
677,-890.0999999999993,9.271874999999941,1668.9375,0.0,0,0.05,0.3198267661759423
678,-926.3999999999974,9.649999999999949,1737.0,0.0,0,0.05,0.3369606648054388
679,-896.0999999999971,9.334374999999925,1680.1875,0.0,0,0.05,0.34113967919515237
680,-965.3999999999967,10.056249999999952,1810.125,0.0,0,0.05,0.32360330848799396
681,-893.099999999998,9.303124999999932,1674.5625,0.0,0,0.05,0.3419404340649231
682,-929.3999999999976,9.681249999999933,1742.625,0.0,0,0.05,0.36225187476310466
683,-890.3999999999958,9.274999999999936,1669.5,0.0,0,0.05,0.3309141762244205
684,-913.7999999999972,9.518749999999947,1713.375,0.0,0,0.05,0.32748413723376063
685,-889.4999999999961,9.265624999999947,1667.8125,0.0,0,0.05,0.3200533549249586
686,-934.4999999999994,9.734374999999932,1752.1875,0.0,0,0.05,0.36297479619065093
687,-911.099999999997,9.490624999999964,1708.3125,0.0,0,0.05,0.3489909939933568
688,-874.7999999999994,9.112499999999937,1640.25,0.0,0,0.05,0.3532456606729991
689,-923.9999999999969,9.624999999999952,1732.5,0.0,0,0.05,0.34583677780400546
690,-926.3999999999972,9.649999999999935,1737.0,0.0,0,0.05,0.3157571875438508
691,-897.8999999999988,9.353124999999928,1683.5625,0.0,0,0.05,0.3432696308164547
692,-927.8999999999968,9.66562499999996,1739.8125,0.0,0,0.05,0.32510523348011905
693,-904.7999999999961,9.424999999999958,1696.5,0.0,0,0.05,0.35953044584538374
694,-909.2999999999985,9.471874999999933,1704.9375,0.0,0,0.05,0.3468255500153949
695,-922.8000000000013,9.612499999999924,1730.25,0.0,0,0.05,0.33727771747443414
696,-912.2999999999963,9.50312499999995,1710.5625,0.0,0,0.05,0.3370458235498518
697,-900.8999999999984,9.384374999999924,1689.1875,0.0,0,0.05,0.3560998470729424
698,-947.6999999999958,9.87187499999997,1776.9375,0.0,0,0.05,0.3308831029468112
699,-939.8999999999979,9.790624999999974,1762.3125,0.0,0,0.05,0.3502805051083366
700,-897.6,9.349999999999929,1683.0,0.0,0,0.05,0.3691697049885988
701,-898.1999999999992,9.356249999999934,1684.125,0.0,0,0.05,0.31554821192079946
702,-923.1000000000001,9.615624999999943,1730.8125,0.0,0,0.05,0.32542326554086887
703,-931.199999999996,9.699999999999951,1746.0,0.0,0,0.05,0.3421874328154243
704,-901.7999999999977,9.393749999999944,1690.875,0.0,0,0.05,0.33048540228046475
705,-921.299999999998,9.596874999999942,1727.4375,0.0,0,0.05,0.3371910177326451
706,-908.9999999999962,9.468749999999957,1704.375,0.0,0,0.05,0.35192686400583223
707,-877.4999999999991,9.140624999999925,1645.3125,0.0,0,0.05,0.3390922201228225
708,-902.0999999999963,9.396874999999946,1691.4375,0.0,0,0.05,0.34567930191341373
709,-933.5999999999983,9.724999999999948,1750.5,0.0,0,0.05,0.3426100787603193
710,-903.8999999999968,9.415624999999956,1694.8125,0.0,0,0.05,0.3446312007442531
711,-924.599999999997,9.631249999999945,1733.625,0.0,0,0.05,0.34857232321260706
712,-913.199999999998,9.51249999999994,1712.25,0.0,0,0.05,0.34114601431000563
713,-934.7999999999993,9.737499999999947,1752.75,0.0,0,0.05,0.3619778270522753
714,-879.8999999999963,9.16562499999994,1649.8125,0.0,0,0.05,0.35315792832213144
715,-883.7999999999967,9.206249999999944,1657.125,0.0,0,0.05,0.32986572622321547
716,-920.3999999999972,9.58749999999993,1725.75,0.0,0,0.05,0.359267854411155
717,-867.2999999999977,9.034374999999919,1626.1875,0.0,0,0.05,0.35569619964808225
718,-899.6999999999979,9.371874999999916,1686.9375,0.0,0,0.05,0.33814979813113394
719,-935.9999999999965,9.749999999999957,1755.0,0.0,0,0.05,0.3613076737667951
720,-896.6999999999967,9.340624999999926,1681.3125,0.0,0,0.05,0.32197665714451834
721,-903.5999999999992,9.412499999999927,1694.25,0.0,0,0.05,0.3248459362787091
722,-870.5999999999987,9.068749999999925,1632.375,0.0,0,0.05,0.3362561741067717
723,-905.9999999999972,9.437499999999915,1698.75,0.0,0,0.05,0.34985193392882746
724,-899.9999999999981,9.374999999999936,1687.5,0.0,0,0.05,0.33618858107624366
725,-904.4999999999993,9.421874999999913,1695.9375,0.0,0,0.05,0.3329770678292132
726,-916.4999999999984,9.546874999999938,1718.4375,0.0,0,0.05,0.3495543682585574
727,-912.5999999999979,9.506249999999948,1711.125,0.0,0,0.05,0.3255204399633739
728,-920.0999999999976,9.584374999999941,1725.1875,0.0,0,0.05,0.3400336352383925
729,-941.6999999999962,9.809374999999944,1765.6875,0.0,0,0.05,0.3091990137110568
730,-914.0999999999984,9.52187499999994,1713.9375,0.0,0,0.05,0.3510947524776889
731,-916.799999999997,9.549999999999962,1719.0,0.0,0,0.05,0.3610432018784599
732,-926.6999999999974,9.653124999999926,1737.5625,0.0,0,0.05,0.3580542013566527
733,-911.9999999999975,9.499999999999895,1710.0,0.0,0,0.05,0.34286723073261477
734,-887.3999999999974,9.243749999999928,1663.875,0.0,0,0.05,0.35945115690636964
735,-920.6999999999983,9.590624999999935,1726.3125,0.0,0,0.05,0.3641905673676067
736,-892.1999999999986,9.293749999999905,1672.875,0.0,0,0.05,0.352803856615598
737,-915.5999999999966,9.537499999999943,1716.75,0.0,0,0.05,0.34000374698597524
738,-909.2999999999968,9.471874999999926,1704.9375,0.0,0,0.05,0.32828356676683246
739,-928.4999999999974,9.671874999999948,1740.9375,0.0,0,0.05,0.3340288262064051
740,-922.4999999999972,9.60937499999994,1729.6875,0.0,0,0.05,0.33181529851216407
741,-914.999999999998,9.531249999999929,1715.625,0.0,0,0.05,0.3415125113291045
742,-872.3999999999984,9.087499999999915,1635.75,0.0,0,0.05,0.345315933941553
743,-879.3000000000001,9.159374999999908,1648.6875,0.0,0,0.05,0.3171297441184935
744,-908.9999999999942,9.46874999999994,1704.375,0.0,0,0.05,0.3203317512240675
745,-910.5000000000001,9.484374999999917,1707.1875,0.0,0,0.05,0.3332544147554371
746,-896.999999999996,9.343749999999948,1681.875,0.0,0,0.05,0.3092500903798888
747,-876.599999999997,9.131249999999921,1643.625,0.0,0,0.05,0.3279307081001914
748,-915.2999999999962,9.534374999999953,1716.1875,0.0,0,0.05,0.35386868696142404
749,-925.7999999999954,9.643749999999939,1735.875,0.0,0,0.05,0.35635304494450487
750,-893.9999999999973,9.312499999999929,1676.25,0.0,0,0.05,0.3204662023474359
751,-896.9999999999983,9.343749999999913,1681.875,0.0,0,0.05,0.3328382820253157
752,-894.899999999998,9.32187499999995,1677.9375,0.0,0,0.05,0.3250123767751373
753,-916.4999999999978,9.546874999999938,1718.4375,0.0,0,0.05,0.3427138710446242
754,-883.7999999999984,9.206249999999926,1657.125,0.0,0,0.05,0.35053067119378184
755,-902.9999999999967,9.406249999999941,1693.125,0.0,0,0.05,0.3620032371642689
756,-919.4999999999972,9.57812499999994,1724.0625,0.0,0,0.05,0.32205025432631373
757,-898.7999999999977,9.362499999999915,1685.25,0.0,0,0.05,0.3235835130999072
758,-916.7999999999955,9.549999999999946,1719.0,0.0,0,0.05,0.32906748204388553
759,-878.6999999999982,9.153124999999932,1647.5625,0.0,0,0.05,0.33171935175907696
760,-898.7999999999985,9.36249999999992,1685.25,0.0,0,0.05,0.339412738977828
761,-879.6,9.162499999999902,1649.25,0.0,0,0.05,0.32309702317644323
762,-900.8999999999983,9.384374999999928,1689.1875,0.0,0,0.05,0.3239158362020842
763,-913.4999999999981,9.515624999999954,1712.8125,0.0,0,0.05,0.32474015165223846
764,-915.5999999999973,9.537499999999945,1716.75,0.0,0,0.05,0.3497023312969961
765,-916.1999999999981,9.543749999999934,1717.875,0.0,0,0.05,0.3417564673297521
766,-921.5999999999989,9.599999999999936,1728.0,0.0,0,0.05,0.33023891446646303
767,-918.8999999999983,9.571874999999935,1722.9375,0.0,0,0.05,0.3114435431521593
768,-924.5999999999973,9.63124999999994,1733.625,0.0,0,0.05,0.3417946857607199
769,-931.7999999999973,9.706249999999946,1747.125,0.0,0,0.05,0.3324592074120624
770,-897.8999999999992,9.353124999999935,1683.5625,0.0,0,0.05,0.3057251140423533
771,-932.6999999999986,9.715624999999942,1748.8125,0.0,0,0.05,0.33224800560726886
772,-895.4999999999992,9.328124999999924,1679.0625,0.0,0,0.05,0.3277533112455987
773,-886.1999999999981,9.23124999999993,1661.625,0.0,0,0.05,0.3084942371274034
774,-894.2999999999989,9.315624999999915,1676.8125,0.0,0,0.05,0.3166477997373376
775,-885.2999999999981,9.221874999999926,1659.9375,0.0,0,0.05,0.3020055228844285
776,-936.299999999997,9.753124999999955,1755.5625,0.0,0,0.05,0.36283212723210456
777,-918.2999999999973,9.565624999999939,1721.8125,0.0,0,0.05,0.32906117672876767
778,-887.0999999999983,9.240624999999946,1663.3125,0.0,0,0.05,0.32372370268114736
779,-878.399999999998,9.149999999999919,1647.0,0.0,0,0.05,0.330974403463511
780,-899.3999999999975,9.36874999999993,1686.375,0.0,0,0.05,0.3228466322749025
781,-903.2999999999976,9.40937499999995,1693.6875,0.0,0,0.05,0.3382213634749254
782,-908.3999999999977,9.462499999999931,1703.25,0.0,0,0.05,0.3291195789222709
783,-917.0999999999963,9.553124999999946,1719.5625,0.0,0,0.05,0.33010373083460665
784,-908.3999999999978,9.462499999999935,1703.25,0.0,0,0.05,0.30929400016967623
785,-898.1999999999989,9.356249999999932,1684.125,0.0,0,0.05,0.3148433722452157
786,-896.399999999999,9.337499999999913,1680.75,0.0,0,0.05,0.3433550144856175
787,-921.8999999999978,9.603124999999912,1728.5625,0.0,0,0.05,0.3093246255018231
788,-878.9999999999993,9.156249999999924,1648.125,0.0,0,0.05,0.31365988382862675
789,-933.0000000000003,9.718749999999918,1749.375,0.0,0,0.05,0.3187990124803036
790,-923.3999999999986,9.618749999999949,1731.375,0.0,0,0.05,0.31109966684339774
791,-939.8999999999985,9.790624999999931,1762.3125,0.0,0,0.05,0.31964868531148466
792,-899.9999999999951,9.374999999999925,1687.5,0.0,0,0.05,0.31187337117993996
793,-973.499999999997,10.140624999999973,1825.3125,0.0,0,0.05,0.35716719537869923
794,-915.8999999999976,9.540624999999945,1717.3125,0.0,0,0.05,0.3331631821735452
795,-916.7999999999962,9.549999999999939,1719.0,0.0,0,0.05,0.36865282892249523
796,-922.199999999997,9.606249999999932,1729.125,0.0,0,0.05,0.3275036730700069
797,-904.4999999999972,9.42187499999995,1695.9375,0.0,0,0.05,0.37006755284965037
798,-899.0999999999983,9.365624999999916,1685.8125,0.0,0,0.05,0.34602514697342285
799,-915.8999999999976,9.54062499999993,1717.3125,0.0,0,0.05,0.3148646144248131
800,-901.4999999999965,9.390624999999929,1690.3125,0.0,0,0.05,0.3127790111065325
801,-871.5000000000003,9.07812499999994,1634.0625,0.0,0,0.05,0.32617175657716063
802,-915.2999999999975,9.534374999999939,1716.1875,0.0,0,0.05,0.30942571769054567
803,-880.199999999998,9.16874999999992,1650.375,0.0,0,0.05,0.36565981368637746
804,-917.6999999999975,9.55937499999996,1720.6875,0.0,0,0.05,0.33139920042206844
805,-943.4999999999978,9.828124999999945,1769.0625,0.0,0,0.05,0.3592860076524731
806,-934.1999999999981,9.731249999999944,1751.625,0.0,0,0.05,0.3664614915589078
807,-919.1999999999978,9.574999999999939,1723.5,0.0,0,0.05,0.3304608050112923
808,-897.2999999999978,9.346874999999935,1682.4375,0.0,0,0.05,0.33891126014706163
809,-911.0999999999977,9.490624999999937,1708.3125,0.0,0,0.05,0.3232004120221568
810,-933.2999999999982,9.72187499999994,1749.9375,0.0,0,0.05,0.3376871815003041
811,-897.8999999999987,9.353124999999933,1683.5625,0.0,0,0.05,0.35477434958124326
812,-969.299999999997,10.096874999999974,1817.4375,0.0,0,0.05,0.31847801539115606
813,-929.3999999999979,9.681249999999977,1742.625,0.0,0,0.05,0.32952230454215575
814,-859.1999999999997,8.949999999999903,1611.0,0.0,0,0.05,0.3578721641511139
815,-932.3999999999976,9.712499999999967,1748.25,0.0,0,0.05,0.3487990818995362
816,-907.7999999999977,9.456249999999947,1702.125,0.0,0,0.05,0.3520971533583684
817,-925.1999999999962,9.637499999999953,1734.75,0.0,0,0.05,0.32878113188780844
818,-904.4999999999969,9.421874999999929,1695.9375,0.0,0,0.05,0.320269369173588
819,-912.6,9.50624999999993,1711.125,0.0,0,0.05,0.33639247589744625
820,-902.0999999999982,9.396874999999952,1691.4375,0.0,0,0.05,0.35081049647285706
821,-912.2999999999981,9.503124999999931,1710.5625,0.0,0,0.05,0.36553464245258105
822,-920.3999999999967,9.587499999999958,1725.75,0.0,0,0.05,0.31518003574779463
823,-902.9999999999969,9.406249999999954,1693.125,0.0,0,0.05,0.34394235716511806
824,-927.9000000000013,9.665624999999924,1739.8125,0.0,0,0.05,0.33650690551536777
825,-852.5999999999983,8.881249999999921,1598.625,0.0,0,0.05,0.3509072510034053
826,-909.8999999999969,9.47812499999993,1706.0625,0.0,0,0.05,0.3521984762667368
827,-920.3999999999967,9.587499999999942,1725.75,0.0,0,0.05,0.33985080634657705
828,-920.0999999999967,9.584374999999943,1725.1875,0.0,0,0.05,0.34225155844146177
829,-885.5999999999979,9.224999999999929,1660.5,0.0,0,0.05,0.32227086491054957
830,-918.2999999999997,9.565624999999937,1721.8125,0.0,0,0.05,0.31220960552390253
831,-920.9999999999975,9.593749999999954,1726.875,0.0,0,0.05,0.31629149530910783
832,-896.6999999999975,9.340624999999932,1681.3125,0.0,0,0.05,0.31771859519907997
833,-892.4999999999966,9.296874999999947,1673.4375,0.0,0,0.05,0.3415736630662448
834,-905.6999999999975,9.434374999999946,1698.1875,0.0,0,0.05,0.3462226354620523
835,-932.0999999999967,9.709374999999959,1747.6875,0.0,0,0.05,0.31986864999764497
836,-945.5999999999957,9.849999999999975,1773.0,0.0,0,0.05,0.3083491766825318
837,-878.0999999999977,9.14687499999992,1646.4375,0.0,0,0.05,0.31282819191304345
838,-857.4000000000007,8.9312499999999,1607.625,0.0,0,0.05,0.3634553433240702
839,-925.1999999999962,9.637499999999942,1734.75,0.0,0,0.05,0.3297612761768202
840,-896.3999999999972,9.337499999999958,1680.75,0.0,0,0.05,0.3462055161414254
841,-942.2999999999979,9.815624999999931,1766.8125,0.0,0,0.05,0.3496373778829972
842,-913.4999999999986,9.515624999999952,1712.8125,0.0,0,0.05,0.327651296933699
843,-905.3999999999999,9.43124999999992,1697.625,0.0,0,0.05,0.33690494923438463
844,-899.0999999999973,9.365624999999934,1685.8125,0.0,0,0.05,0.3290236489692082
845,-916.7999999999972,9.549999999999944,1719.0,0.0,0,0.05,0.3250712425448
846,-907.7999999999965,9.45624999999994,1702.125,0.0,0,0.05,0.32233581152848073
847,-915.2999999999984,9.53437499999994,1716.1875,0.0,0,0.05,0.3202308834685634
848,-915.8999999999978,9.540624999999967,1717.3125,0.0,0,0.05,0.34133491770674784
849,-887.0999999999982,9.240624999999934,1663.3125,0.0,0,0.05,0.3412300071782536
850,-935.9999999999992,9.749999999999963,1755.0,0.0,0,0.05,0.3471621895622876
851,-891.2999999999976,9.284374999999915,1671.1875,0.0,0,0.05,0.3249265205529001
852,-900.8999999999991,9.38437499999992,1689.1875,0.0,0,0.05,0.3259252857002947
853,-872.9999999999982,9.09374999999991,1636.875,0.0,0,0.05,0.32778508034534753
854,-918.3000000000002,9.565624999999935,1721.8125,0.0,0,0.05,0.34103586653557916
855,-911.1000000000005,9.490624999999902,1708.3125,0.0,0,0.05,0.36707797958515587
856,-910.4999999999973,9.484374999999938,1707.1875,0.0,0,0.05,0.315477542196297
857,-911.9999999999961,9.499999999999941,1710.0,0.0,0,0.05,0.3263095335646843
858,-884.6999999999952,9.215624999999932,1658.8125,0.0,0,0.05,0.2999404050771975
859,-900.5999999999975,9.381249999999948,1688.625,0.0,0,0.05,0.3534687624882079
860,-900.8999999999971,9.384374999999958,1689.1875,0.0,0,0.05,0.3242973844882929
861,-897.2999999999968,9.346874999999962,1682.4375,0.0,0,0.05,0.3122129381944736
862,-923.0999999999974,9.61562499999995,1730.8125,0.0,0,0.05,0.322916059423652
863,-893.9999999999975,9.31249999999992,1676.25,0.0,0,0.05,0.3169991572102946
864,-871.1999999999981,9.074999999999903,1633.5,0.0,0,0.05,0.3284163992593272
865,-927.2999999999963,9.659374999999953,1738.6875,0.0,0,0.05,0.3132948383481966
866,-931.4999999999981,9.70312499999992,1746.5625,0.0,0,0.05,0.33314737734488314
867,-891.2999999999978,9.28437499999994,1671.1875,0.0,0,0.05,0.33854929019903973
868,-905.3999999999982,9.431249999999938,1697.625,0.0,0,0.05,0.32536960223482714
869,-930.5999999999974,9.693749999999968,1744.875,0.0,0,0.05,0.3178038546815515
870,-911.6999999999979,9.496874999999935,1709.4375,0.0,0,0.05,0.330636249586112
871,-910.4999999999934,9.484374999999963,1707.1875,0.0,0,0.05,0.33862151452857586
872,-868.1999999999987,9.043749999999928,1627.875,0.0,0,0.05,0.34626650138137244
873,-909.2999999999979,9.47187499999995,1704.9375,0.0,0,0.05,0.32037310236030153
874,-917.999999999999,9.562499999999929,1721.25,0.0,0,0.05,0.32012256698993347
875,-894.8999999999988,9.321874999999928,1677.9375,0.0,0,0.05,0.3387921996155961
876,-920.0999999999968,9.584374999999929,1725.1875,0.0,0,0.05,0.34006755074693096
877,-924.5999999999974,9.631249999999937,1733.625,0.0,0,0.05,0.3371199751324538
878,-910.799999999994,9.487499999999953,1707.75,0.0,0,0.05,0.31847989423097006
879,-922.4999999999956,9.60937499999996,1729.6875,0.0,0,0.05,0.32571215311375756
880,-971.6999999999978,10.121874999999964,1821.9375,0.0,0,0.05,0.33946025449161726
881,-916.7999999999987,9.54999999999994,1719.0,0.0,0,0.05,0.3322356299341967
882,-897.5999999999965,9.349999999999945,1683.0,0.0,0,0.05,0.31773211422065895
883,-936.899999999997,9.759374999999963,1756.6875,0.0,0,0.05,0.3434991437786569
884,-926.6999999999989,9.653124999999935,1737.5625,0.0,0,0.05,0.3287631642797755
885,-856.4999999999982,8.92187499999992,1605.9375,0.0,0,0.05,0.35040651181091864
886,-953.0999999999959,9.928124999999973,1787.0625,0.0,0,0.05,0.3472680833708081
887,-884.9999999999976,9.218749999999936,1659.375,0.0,0,0.05,0.3188740039968656
888,-899.0999999999984,9.365624999999913,1685.8125,0.0,0,0.05,0.3290566048377918
889,-908.6999999999963,9.465624999999946,1703.8125,0.0,0,0.05,0.3296617329948478
890,-894.2999999999965,9.315624999999947,1676.8125,0.0,0,0.05,0.3462497647308434
891,-892.7999999999969,9.299999999999931,1674.0,0.0,0,0.05,0.30973277517283954
892,-893.9999999999975,9.31249999999993,1676.25,0.0,0,0.05,0.3190810048073116
893,-918.8999999999995,9.571874999999933,1722.9375,0.0,0,0.05,0.3157022938132286
894,-915.899999999998,9.540624999999947,1717.3125,0.0,0,0.05,0.3472067607049313
895,-879.8999999999965,9.165624999999944,1649.8125,0.0,0,0.05,0.3424912560886393
896,-883.7999999999971,9.206249999999937,1657.125,0.0,0,0.05,0.34645409882068634
897,-941.0999999999992,9.80312499999995,1764.5625,0.0,0,0.05,0.35131941712978815
898,-914.999999999998,9.531249999999941,1715.625,0.0,0,0.05,0.3255435184109956
899,-923.0999999999952,9.615624999999966,1730.8125,0.0,0,0.05,0.34292717654671934
900,-921.5999999999977,9.599999999999966,1728.0,0.0,0,0.05,0.33971766396943065
901,-890.6999999999973,9.278124999999926,1670.0625,0.0,0,0.05,0.37312276219535206
902,-919.1999999999979,9.574999999999932,1723.5,0.0,0,0.05,0.3190212224972331
903,-908.3999999999974,9.462499999999924,1703.25,0.0,0,0.05,0.35745720309205353
904,-901.4999999999992,9.390624999999936,1690.3125,0.0,0,0.05,0.31779283268584146
905,-927.899999999997,9.665624999999954,1739.8125,0.0,0,0.05,0.34550352367158566
906,-904.1999999999972,9.418749999999935,1695.375,0.0,0,0.05,0.34584440652074083
907,-881.6999999999978,9.18437499999994,1653.1875,0.0,0,0.05,0.3516938344730685
908,-924.599999999999,9.631249999999936,1733.625,0.0,0,0.05,0.3343340231674827
909,-892.1999999999991,9.293749999999923,1672.875,0.0,0,0.05,0.32854401368854774
910,-910.1999999999995,9.481249999999928,1706.625,0.0,0,0.05,0.32724781677437326
911,-904.4999999999983,9.421874999999943,1695.9375,0.0,0,0.05,0.3453716248170369
912,-874.5000000000007,9.109374999999932,1639.6875,0.0,0,0.05,0.348987465362168
913,-919.1999999999963,9.574999999999951,1723.5,0.0,0,0.05,0.3358597623753465
914,-907.799999999998,9.456249999999924,1702.125,0.0,0,0.05,0.32367759860224193
915,-921.2999999999973,9.596874999999931,1727.4375,0.0,0,0.05,0.33135719457641244
916,-914.6999999999965,9.52812499999994,1715.0625,0.0,0,0.05,0.3547338374114285
917,-906.2999999999988,9.440624999999917,1699.3125,0.0,0,0.05,0.36317756623029707
918,-914.6999999999978,9.52812499999995,1715.0625,0.0,0,0.05,0.33915533606583875
919,-920.3999999999971,9.587499999999947,1725.75,0.0,0,0.05,0.34576154817413124
920,-901.1999999999979,9.38749999999994,1689.75,0.0,0,0.05,0.3284462402264277
921,-910.4999999999967,9.484374999999952,1707.1875,0.0,0,0.05,0.3415459906992813
922,-904.1999999999948,9.418749999999951,1695.375,0.0,0,0.05,0.34365651591473984
923,-904.4999999999959,9.421874999999938,1695.9375,0.0,0,0.05,0.3482816230505705
924,-910.1999999999989,9.481249999999923,1706.625,0.0,0,0.05,0.3354841131096085
925,-938.3999999999984,9.774999999999933,1759.5,0.0,0,0.05,0.3473042693765213
926,-890.9999999999978,9.281249999999918,1670.625,0.0,0,0.05,0.33514766710706884
927,-861.2999999999985,8.97187499999992,1614.9375,0.0,0,0.05,0.3417772215842787
928,-930.8999999999979,9.696874999999933,1745.4375,0.0,0,0.05,0.3051633114305635
929,-897.8999999999991,9.353124999999936,1683.5625,0.0,0,0.05,0.3386717345074026
930,-879.8999999999982,9.165624999999924,1649.8125,0.0,0,0.05,0.3671749196325739
931,-906.2999999999989,9.440624999999937,1699.3125,0.0,0,0.05,0.35074456714921526
932,-915.3000000000002,9.534374999999917,1716.1875,0.0,0,0.05,0.3555140274162922
933,-913.4999999999972,9.515624999999947,1712.8125,0.0,0,0.05,0.31806722063467735
934,-910.199999999997,9.48124999999993,1706.625,0.0,0,0.05,0.3042416060239904
935,-966.8999999999969,10.071874999999944,1812.9375,0.0,0,0.05,0.32909555004702673
936,-938.3999999999965,9.77499999999996,1759.5,0.0,0,0.05,0.2993110307673406
937,-895.7999999999932,9.331249999999944,1679.625,0.0,0,0.05,0.3297338494203157
938,-915.899999999997,9.540624999999933,1717.3125,0.0,0,0.05,0.33026028056629003
939,-910.499999999997,9.484374999999948,1707.1875,0.0,0,0.05,0.3522004380873922
940,-902.699999999997,9.403124999999939,1692.5625,0.0,0,0.05,0.35738063170315904
941,-899.6999999999987,9.371874999999928,1686.9375,0.0,0,0.05,0.3274476539291855
942,-893.3999999999963,9.30624999999993,1675.125,0.0,0,0.05,0.30968743357289996
943,-936.5999999999996,9.75624999999994,1756.125,0.0,0,0.05,0.35000031906594004
944,-883.7999999999992,9.20624999999994,1657.125,0.0,0,0.05,0.334057040947179
945,-913.7999999999957,9.518749999999939,1713.375,0.0,0,0.05,0.3798188608139753
946,-915.5999999999974,9.53749999999992,1716.75,0.0,0,0.05,0.3318459793252663
947,-902.0999999999974,9.396874999999941,1691.4375,0.0,0,0.05,0.34271290889527234
948,-888.8999999999967,9.259374999999919,1666.6875,0.0,0,0.05,0.3084303129102207
949,-896.6999999999982,9.340624999999916,1681.3125,0.0,0,0.05,0.33021302562103505
950,-879.8999999999979,9.165624999999913,1649.8125,0.0,0,0.05,0.32285437865389716
951,-977.3999999999978,10.181249999999952,1832.625,0.0,0,0.05,0.31270985052817396
952,-927.2999999999973,9.659374999999937,1738.6875,0.0,0,0.05,0.3285173116096606
953,-890.6999999999986,9.278124999999918,1670.0625,0.0,0,0.05,0.3017500322105156
954,-914.9999999999978,9.531249999999956,1715.625,0.0,0,0.05,0.3250993640524232
955,-893.0999999999977,9.303124999999936,1674.5625,0.0,0,0.05,0.3346625446290192
956,-890.9999999999986,9.281249999999918,1670.625,0.0,0,0.05,0.3214709123544809
957,-927.8999999999993,9.66562499999994,1739.8125,0.0,0,0.05,0.33485302999098265
958,-875.3999999999972,9.118749999999922,1641.375,0.0,0,0.05,0.34495970122516156
959,-935.6999999999973,9.746874999999957,1754.4375,0.0,0,0.05,0.34087785561569034
960,-932.3999999999961,9.712499999999944,1748.25,0.0,0,0.05,0.31644777537375274
961,-938.0999999999964,9.771874999999937,1758.9375,0.0,0,0.05,0.3207693776477956
962,-964.7999999999965,10.049999999999953,1809.0,0.0,0,0.05,0.331380309138654
963,-895.1999999999965,9.324999999999928,1678.5,0.0,0,0.05,0.3275748366696967
964,-893.6999999999994,9.309374999999934,1675.6875,0.0,0,0.05,0.32084493813001447
965,-916.199999999998,9.54374999999995,1717.875,0.0,0,0.05,0.3096886820573774
966,-894.8999999999968,9.321874999999924,1677.9375,0.0,0,0.05,0.3201943865511566
967,-910.4999999999975,9.484374999999932,1707.1875,0.0,0,0.05,0.35751784616667365
968,-908.099999999998,9.45937499999994,1702.6875,0.0,0,0.05,0.367805983307254
969,-878.3999999999999,9.149999999999935,1647.0,0.0,0,0.05,0.3419329418024669
970,-896.9999999999982,9.343749999999917,1681.875,0.0,0,0.05,0.3409949970431626
971,-889.1999999999988,9.262499999999912,1667.25,0.0,0,0.05,0.3469931313354108
972,-947.9999999999973,9.874999999999966,1777.5,0.0,0,0.05,0.35159748040864036
973,-920.0999999999971,9.584374999999953,1725.1875,0.0,0,0.05,0.33969308885538746
974,-916.799999999998,9.549999999999933,1719.0,0.0,0,0.05,0.3425904889125377
975,-920.9999999999965,9.593749999999938,1726.875,0.0,0,0.05,0.31908012655977575
976,-911.3999999999969,9.493749999999947,1708.875,0.0,0,0.05,0.33846502335638634
977,-920.9999999999986,9.593749999999952,1726.875,0.0,0,0.05,0.3230126530966825
978,-898.7999999999979,9.36249999999993,1685.25,0.0,0,0.05,0.35268935394059453
979,-908.9999999999973,9.468749999999947,1704.375,0.0,0,0.05,0.3296551397949871
980,-892.4999999999966,9.296874999999932,1673.4375,0.0,0,0.05,0.34391351541400783
981,-970.7999999999976,10.112499999999956,1820.25,0.0,0,0.05,0.35346963843848145
982,-889.4999999999975,9.265624999999945,1667.8125,0.0,0,0.05,0.36155040175136594
983,-885.8999999999976,9.228124999999938,1661.0625,0.0,0,0.05,0.34572351297570597
984,-927.2999999999986,9.659374999999933,1738.6875,0.0,0,0.05,0.31966977268457414
985,-930.5999999999985,9.693749999999929,1744.875,0.0,0,0.05,0.3645928500116699
986,-910.1999999999994,9.48124999999993,1706.625,0.0,0,0.05,0.35467729961706534
987,-901.799999999998,9.393749999999937,1690.875,0.0,0,0.05,0.32973129433683224
988,-904.1999999999982,9.418749999999939,1695.375,0.0,0,0.05,0.3681738810458531
989,-917.9999999999978,9.562499999999938,1721.25,0.0,0,0.05,0.3240269185561273
990,-898.1999999999973,9.356249999999955,1684.125,0.0,0,0.05,0.3525710782708807
991,-935.3999999999982,9.743749999999942,1753.875,0.0,0,0.05,0.32855803962383007
992,-924.0000000000001,9.624999999999943,1732.5,0.0,0,0.05,0.32422183805869687
993,-919.7999999999969,9.581249999999955,1724.625,0.0,0,0.05,0.3514634638817774
994,-888.2999999999963,9.253124999999958,1665.5625,0.0,0,0.05,0.33804867767935826
995,-885.2999999999995,9.221874999999931,1659.9375,0.0,0,0.05,0.33204571975188124
996,-881.9999999999984,9.187499999999917,1653.75,0.0,0,0.05,0.3338918601317952
997,-918.2999999999975,9.565624999999946,1721.8125,0.0,0,0.05,0.3337141273646719
998,-895.4999999999972,9.328124999999934,1679.0625,0.0,0,0.05,0.3068694105734014
999,-905.0999999999981,9.428124999999934,1697.0625,0.0,0,0.05,0.34421216936575044
1000,-929.4000000000002,9.681249999999915,1742.625,0.0,0,0.05,0.3440316738612536
1001,-892.4999999999983,9.29687499999991,1673.4375,0.0,0,0.05,0.3598173067232387
1002,-902.999999999999,9.406249999999917,1693.125,0.0,0,0.05,0.3294456149089254
1003,-883.4999999999952,9.203124999999956,1656.5625,0.0,0,0.05,0.3481163065518356
1004,-918.5999999999971,9.568749999999936,1722.375,0.0,0,0.05,0.32574664727112074
1005,-878.6999999999986,9.153124999999921,1647.5625,0.0,0,0.05,0.3283250987219314
1006,-883.1999999999964,9.19999999999992,1656.0,0.0,0,0.05,0.36145254677782457
1007,-924.0000000000002,9.624999999999922,1732.5,0.0,0,0.05,0.31851964950458045
1008,-928.5000000000003,9.671874999999936,1740.9375,0.0,0,0.05,0.3431946411884079
1009,-880.1999999999996,9.168749999999923,1650.375,0.0,0,0.05,0.33353616749453874
1010,-901.499999999999,9.390624999999945,1690.3125,0.0,0,0.05,0.31487694619637396
1011,-900.5999999999973,9.38124999999994,1688.625,0.0,0,0.05,0.34505670773279334
1012,-946.7999999999976,9.862499999999956,1775.25,0.0,0,0.05,0.3347875570671426
1013,-926.9999999999976,9.656249999999929,1738.125,0.0,0,0.05,0.3416046604410642
1014,-878.0999999999988,9.146874999999925,1646.4375,0.0,0,0.05,0.3346940645430651
1015,-907.799999999998,9.456249999999917,1702.125,0.0,0,0.05,0.33929783812620573
1016,-881.6999999999978,9.184374999999942,1653.1875,0.0,0,0.05,0.3219154518666781
1017,-926.6999999999953,9.65312499999995,1737.5625,0.0,0,0.05,0.3212965083515478
1018,-900.899999999998,9.384374999999933,1689.1875,0.0,0,0.05,0.31621598393863276
1019,-894.5999999999971,9.318749999999921,1677.375,0.0,0,0.05,0.3357675905675731
1020,-869.9999999999975,9.062499999999922,1631.25,0.0,0,0.05,0.31465414988083973
1021,-897.2999999999977,9.346874999999917,1682.4375,0.0,0,0.05,0.31585293055460273
1022,-887.099999999997,9.240624999999946,1663.3125,0.0,0,0.05,0.3823174375730256
1023,-893.9999999999985,9.3124999999999,1676.25,0.0,0,0.05,0.3511744749473615
1024,-938.6999999999965,9.778124999999967,1760.0625,0.0,0,0.05,0.31301440592958696
1025,-902.0999999999987,9.396874999999934,1691.4375,0.0,0,0.05,0.31644449894730414
1026,-907.7999999999981,9.456249999999937,1702.125,0.0,0,0.05,0.31722688106561286
1027,-899.0999999999989,9.365624999999913,1685.8125,0.0,0,0.05,0.30151157005069157
1028,-908.1000000000001,9.459374999999929,1702.6875,0.0,0,0.05,0.32728467670579753
1029,-886.7999999999979,9.23749999999993,1662.75,0.0,0,0.05,0.32406443631690407
1030,-886.4999999999932,9.234374999999956,1662.1875,0.0,0,0.05,0.35383948321040304
1031,-928.7999999999978,9.674999999999958,1741.5,0.0,0,0.05,0.312476102495566
1032,-894.8999999999985,9.321874999999928,1677.9375,0.0,0,0.05,0.31349478038545286
1033,-933.8999999999959,9.72812499999995,1751.0625,0.0,0,0.05,0.33336233019104433
1034,-886.799999999998,9.237499999999903,1662.75,0.0,0,0.05,0.3290752496001207
1035,-892.7999999999973,9.299999999999914,1674.0,0.0,0,0.05,0.3343164260292219
1036,-929.9999999999974,9.687499999999972,1743.75,0.0,0,0.05,0.3555285626039323
1037,-938.399999999997,9.774999999999956,1759.5,0.0,0,0.05,0.33660370628349484
1038,-905.0999999999967,9.428124999999941,1697.0625,0.0,0,0.05,0.3385253375292652
1039,-925.1999999999979,9.637499999999962,1734.75,0.0,0,0.05,0.3430517193654345
1040,-925.1999999999962,9.637499999999948,1734.75,0.0,0,0.05,0.32916128114383253
1041,-926.3999999999982,9.649999999999952,1737.0,0.0,0,0.05,0.3539376672822982
1042,-940.4999999999984,9.796874999999966,1763.4375,0.0,0,0.05,0.34443325510817685
1043,-889.4999999999986,9.265624999999913,1667.8125,0.0,0,0.05,0.33279565889388324
1044,-872.6999999999989,9.09062499999992,1636.3125,0.0,0,0.05,0.34955571541148756
1045,-893.3999999999986,9.306249999999919,1675.125,0.0,0,0.05,0.3265833491459489
1046,-934.4999999999972,9.73437499999995,1752.1875,0.0,0,0.05,0.351803736999217
1047,-911.699999999996,9.496874999999946,1709.4375,0.0,0,0.05,0.3279628747763733
1048,-902.0999999999974,9.396874999999948,1691.4375,0.0,0,0.05,0.34045702514445614
1049,-893.0999999999993,9.303124999999929,1674.5625,0.0,0,0.05,0.32887921906593776
1050,-894.5999999999987,9.318749999999913,1677.375,0.0,0,0.05,0.3289284128126585
1051,-949.1999999999961,9.887499999999967,1779.75,0.0,0,0.05,0.3408343443181366
1052,-879.8999999999986,9.16562499999992,1649.8125,0.0,0,0.05,0.3415934609042274
1053,-882.2999999999984,9.190624999999917,1654.3125,0.0,0,0.05,0.32088164122413015
1054,-888.8999999999962,9.259374999999935,1666.6875,0.0,0,0.05,0.31852569532994596
1055,-911.099999999997,9.49062499999994,1708.3125,0.0,0,0.05,0.3464926742948592
1056,-916.4999999999959,9.546874999999972,1718.4375,0.0,0,0.05,0.3537991707523664
1057,-938.0999999999968,9.77187499999998,1758.9375,0.0,0,0.05,0.3386962380156749
1058,-922.4999999999992,9.609374999999918,1729.6875,0.0,0,0.05,0.33452818722774585
1059,-910.1999999999983,9.481249999999937,1706.625,0.0,0,0.05,0.3589144548918638
1060,-885.299999999998,9.221874999999933,1659.9375,0.0,0,0.05,0.3608541456051171
1061,-913.499999999997,9.515624999999954,1712.8125,0.0,0,0.05,0.32924276256105967
1062,-930.2999999999955,9.69062499999994,1744.3125,0.0,0,0.05,0.36882350145218273
1063,-881.9999999999966,9.187499999999924,1653.75,0.0,0,0.05,0.36352246637042196
1064,-923.0999999999984,9.615624999999936,1730.8125,0.0,0,0.05,0.3278219711759852
1065,-887.9999999999977,9.249999999999938,1665.0,0.0,0,0.05,0.34692968495397103
1066,-903.8999999999977,9.415624999999945,1694.8125,0.0,0,0.05,0.31755486158654095
1067,-914.6999999999979,9.528124999999946,1715.0625,0.0,0,0.05,0.3381159670650959
1068,-914.6999999999978,9.528124999999944,1715.0625,0.0,0,0.05,0.3567288753317876
1069,-890.3999999999966,9.274999999999945,1669.5,0.0,0,0.05,0.3469330303526173
1070,-913.7999999999975,9.51874999999994,1713.375,0.0,0,0.05,0.34928097386016616
1071,-920.699999999998,9.590624999999939,1726.3125,0.0,0,0.05,0.3253971577466776
1072,-931.7999999999977,9.706249999999939,1747.125,0.0,0,0.05,0.3311800925888949
1073,-925.4999999999977,9.640624999999954,1735.3125,0.0,0,0.05,0.3276998336582134
1074,-909.2999999999975,9.471874999999944,1704.9375,0.0,0,0.05,0.34173329597752955
1075,-881.6999999999985,9.184374999999923,1653.1875,0.0,0,0.05,0.3457404369384878
1076,-909.5999999999976,9.47499999999997,1705.5,0.0,0,0.05,0.31669326463921205
1077,-898.4999999999982,9.359374999999918,1684.6875,0.0,0,0.05,0.3388501026719395
1078,-930.2999999999994,9.69062499999993,1744.3125,0.0,0,0.05,0.32366226044897406
1079,-904.799999999999,9.424999999999908,1696.5,0.0,0,0.05,0.3303627639232824
1080,-914.9999999999975,9.53124999999994,1715.625,0.0,0,0.05,0.33338542761177653
1081,-896.0999999999972,9.334374999999932,1680.1875,0.0,0,0.05,0.3364154546159423
1082,-897.2999999999984,9.34687499999993,1682.4375,0.0,0,0.05,0.3452622239322712
1083,-904.7999999999979,9.424999999999947,1696.5,0.0,0,0.05,0.3442654104437679
1084,-896.9999999999992,9.343749999999924,1681.875,0.0,0,0.05,0.3071763756219298
1085,-932.3999999999985,9.712499999999942,1748.25,0.0,0,0.05,0.31654751574517126
1086,-921.8999999999974,9.603124999999931,1728.5625,0.0,0,0.05,0.34140209957129425
1087,-890.9999999999974,9.28124999999992,1670.625,0.0,0,0.05,0.3315131251286301
1088,-919.7999999999976,9.581249999999912,1724.625,0.0,0,0.05,0.35506846137448317
1089,-926.3999999999962,9.649999999999968,1737.0,0.0,0,0.05,0.34971296213463776
1090,-911.6999999999967,9.496874999999934,1709.4375,0.0,0,0.05,0.34485907484777273
1091,-948.2999999999977,9.878124999999967,1778.0625,0.0,0,0.05,0.3569724381228702
1092,-927.5999999999991,9.662499999999934,1739.25,0.0,0,0.05,0.3264801682852623
1093,-885.8999999999985,9.22812499999994,1661.0625,0.0,0,0.05,0.3438167637110584
1094,-920.399999999998,9.587499999999933,1725.75,0.0,0,0.05,0.31407319439264636
1095,-883.1999999999979,9.199999999999925,1656.0,0.0,0,0.05,0.3553960082379894
1096,-900.8999999999966,9.384374999999944,1689.1875,0.0,0,0.05,0.34477263085233667
1097,-895.4999999999976,9.328124999999943,1679.0625,0.0,0,0.05,0.3258483144816839
1098,-905.6999999999972,9.434374999999939,1698.1875,0.0,0,0.05,0.3271359637017465
1099,-862.799999999999,8.987499999999915,1617.75,0.0,0,0.05,0.3370582222628097
1100,-939.8999999999968,9.790624999999961,1762.3125,0.0,0,0.05,0.33283875514753164
1101,-899.6999999999989,9.371874999999916,1686.9375,0.0,0,0.05,0.34283580274528097
1102,-895.1999999999983,9.324999999999916,1678.5,0.0,0,0.05,0.32972680444363506
1103,-912.8999999999958,9.509374999999965,1711.6875,0.0,0,0.05,0.3396269337636315
1104,-935.0999999999981,9.740624999999957,1753.3125,0.0,0,0.05,0.32427885622407
1105,-921.299999999996,9.596874999999958,1727.4375,0.0,0,0.05,0.3212361999373469
1106,-894.8999999999985,9.321874999999935,1677.9375,0.0,0,0.05,0.33753717470293243
1107,-909.2999999999975,9.47187499999993,1704.9375,0.0,0,0.05,0.3540313694005211
1108,-908.9999999999974,9.468749999999945,1704.375,0.0,0,0.05,0.34072599791300795
1109,-919.7999999999992,9.581249999999942,1724.625,0.0,0,0.05,0.33849479090939794
1110,-929.3999999999987,9.681249999999935,1742.625,0.0,0,0.05,0.3111296553837342
1111,-914.9999999999965,9.531249999999945,1715.625,0.0,0,0.05,0.312541030983751
1112,-897.5999999999973,9.349999999999945,1683.0,0.0,0,0.05,0.3570932159924673
1113,-919.1999999999979,9.574999999999948,1723.5,0.0,0,0.05,0.3383683614872603
1114,-895.4999999999984,9.328124999999927,1679.0625,0.0,0,0.05,0.3409552701852388
1115,-872.0999999999982,9.084374999999937,1635.1875,0.0,0,0.05,0.3294556868314329
1116,-919.7999999999982,9.581249999999958,1724.625,0.0,0,0.05,0.3544566655272825
1117,-915.5999999999977,9.537499999999937,1716.75,0.0,0,0.05,0.3457420520743148
1118,-884.6999999999977,9.215624999999939,1658.8125,0.0,0,0.05,0.345138324274578
1119,-907.7999999999976,9.456249999999935,1702.125,0.0,0,0.05,0.32343414364796547
1120,-899.0999999999972,9.365624999999955,1685.8125,0.0,0,0.05,0.3524468671944406
1121,-899.3999999999977,9.368749999999933,1686.375,0.0,0,0.05,0.3662690841541108
1122,-897.299999999998,9.346874999999937,1682.4375,0.0,0,0.05,0.3382850430595378
1123,-908.0999999999974,9.459374999999941,1702.6875,0.0,0,0.05,0.34879535059444605
1124,-915.2999999999978,9.534374999999956,1716.1875,0.0,0,0.05,0.35623883722970884
1125,-912.299999999997,9.503124999999965,1710.5625,0.0,0,0.05,0.333145046642878
1126,-911.6999999999975,9.496874999999934,1709.4375,0.0,0,0.05,0.3480001287276132
1127,-899.3999999999963,9.36874999999995,1686.375,0.0,0,0.05,0.32140808051659003
1128,-947.9999999999959,9.874999999999966,1777.5,0.0,0,0.05,0.3068206748666449
1129,-894.5999999999965,9.318749999999959,1677.375,0.0,0,0.05,0.3322430215491396
1130,-908.699999999997,9.465624999999946,1703.8125,0.0,0,0.05,0.31349950642324986
1131,-905.9999999999962,9.43749999999993,1698.75,0.0,0,0.05,0.3224440162949678
1132,-917.0999999999966,9.553124999999952,1719.5625,0.0,0,0.05,0.3102507249866095
1133,-923.9999999999973,9.624999999999929,1732.5,0.0,0,0.05,0.3285214255667395
1134,-890.3999999999965,9.274999999999954,1669.5,0.0,0,0.05,0.332774139335379
1135,-865.1999999999989,9.012499999999916,1622.25,0.0,0,0.05,0.3470720824371609
1136,-927.8999999999991,9.665624999999938,1739.8125,0.0,0,0.05,0.33792801470909684
1137,-923.3999999999986,9.618749999999952,1731.375,0.0,0,0.05,0.3193514748942107
1138,-932.6999999999997,9.71562499999995,1748.8125,0.0,0,0.05,0.3327673938435813
1139,-902.999999999997,9.406249999999945,1693.125,0.0,0,0.05,0.32038468616083265
1140,-883.4999999999985,9.203124999999917,1656.5625,0.0,0,0.05,0.30444719520294006
1141,-895.7999999999986,9.331249999999931,1679.625,0.0,0,0.05,0.34672396613233203
1142,-899.999999999999,9.374999999999936,1687.5,0.0,0,0.05,0.33572488150352403
1143,-928.4999999999973,9.671874999999957,1740.9375,0.0,0,0.05,0.3466589061025944
1144,-884.9999999999973,9.218749999999948,1659.375,0.0,0,0.05,0.3331294475744168
1145,-917.3999999999983,9.556249999999938,1720.125,0.0,0,0.05,0.3300979093519143
1146,-898.7999999999992,9.36249999999993,1685.25,0.0,0,0.05,0.3447510447042684
1147,-907.7999999999973,9.456249999999926,1702.125,0.0,0,0.05,0.3290000205756062
1148,-905.699999999998,9.434374999999948,1698.1875,0.0,0,0.05,0.3171731551591721
1149,-929.7000000000004,9.684374999999921,1743.1875,0.0,0,0.05,0.3338364132679999
1150,-893.0999999999991,9.303124999999948,1674.5625,0.0,0,0.05,0.35009472207166253
1151,-913.7999999999987,9.518749999999917,1713.375,0.0,0,0.05,0.33148232337811756
1152,-873.8999999999983,9.103124999999931,1638.5625,0.0,0,0.05,0.3201474622823298
1153,-923.0999999999975,9.615624999999959,1730.8125,0.0,0,0.05,0.3380704799744611
1154,-911.6999999999986,9.496874999999923,1709.4375,0.0,0,0.05,0.334249097119189
1155,-921.599999999998,9.59999999999994,1728.0,0.0,0,0.05,0.34292568215686414
1156,-917.0999999999985,9.553124999999929,1719.5625,0.0,0,0.05,0.3412131280690018
1157,-928.499999999998,9.67187499999993,1740.9375,0.0,0,0.05,0.33996660021754604
1158,-920.9999999999972,9.593749999999956,1726.875,0.0,0,0.05,0.3546654223981831
1159,-939.2999999999964,9.784374999999958,1761.1875,0.0,0,0.05,0.3454054798310002
1160,-911.3999999999984,9.493749999999919,1708.875,0.0,0,0.05,0.3417397795089831
1161,-912.599999999999,9.506249999999914,1711.125,0.0,0,0.05,0.3497824515733454
1162,-920.0999999999995,9.584374999999923,1725.1875,0.0,0,0.05,0.35497342569029167
1163,-920.6999999999975,9.590624999999946,1726.3125,0.0,0,0.05,0.3510106083057407
1164,-910.199999999998,9.481249999999932,1706.625,0.0,0,0.05,0.3605782258220845
1165,-900.5999999999995,9.381249999999932,1688.625,0.0,0,0.05,0.35978453213142025
1166,-956.0999999999992,9.959374999999953,1792.6875,0.0,0,0.05,0.3292391230429833
1167,-886.1999999999977,9.23124999999994,1661.625,0.0,0,0.05,0.33957789230367375
1168,-875.3999999999983,9.118749999999935,1641.375,0.0,0,0.05,0.3683382698800415
1169,-895.7999999999969,9.331249999999933,1679.625,0.0,0,0.05,0.32378215645439923
1170,-909.5999999999984,9.47499999999993,1705.5,0.0,0,0.05,0.3443900939025399
1171,-911.9999999999967,9.499999999999947,1710.0,0.0,0,0.05,0.33725027225187254
1172,-905.0999999999956,9.428124999999923,1697.0625,0.0,0,0.05,0.3534859335826089
1173,-936.8999999999967,9.759374999999958,1756.6875,0.0,0,0.05,0.3233136218610323
1174,-918.599999999998,9.568749999999952,1722.375,0.0,0,0.05,0.3432482899632305
1175,-917.3999999999945,9.556249999999965,1720.125,0.0,0,0.05,0.3249132646377095
1176,-907.1999999999989,9.449999999999935,1701.0,0.0,0,0.05,0.3397687053618332
1177,-865.7999999999979,9.018749999999919,1623.375,0.0,0,0.05,0.36255975621235037
1178,-872.6999999999965,9.090624999999926,1636.3125,0.0,0,0.05,0.3377967156055901
1179,-867.5999999999996,9.0374999999999,1626.75,0.0,0,0.05,0.36277175524478983
1180,-905.3999999999962,9.43124999999996,1697.625,0.0,0,0.05,0.33035735201297534
1181,-929.099999999998,9.678124999999934,1742.0625,0.0,0,0.05,0.3461757814563397
1182,-915.8999999999972,9.540624999999949,1717.3125,0.0,0,0.05,0.3278191701043397
1183,-943.5000000000003,9.828124999999943,1769.0625,0.0,0,0.05,0.3300442412961274
1184,-908.3999999999969,9.462499999999936,1703.25,0.0,0,0.05,0.33050461530995867
1185,-920.9999999999972,9.59374999999994,1726.875,0.0,0,0.05,0.322157244104892
1186,-890.9999999999984,9.281249999999934,1670.625,0.0,0,0.05,0.3463946993307521
1187,-908.6999999999977,9.46562499999993,1703.8125,0.0,0,0.05,0.3491580389853981
1188,-907.4999999999993,9.453124999999943,1701.5625,0.0,0,0.05,0.35613019835824766
1189,-894.9000000000001,9.321874999999922,1677.9375,0.0,0,0.05,0.3334439632534567
1190,-904.1999999999967,9.418749999999957,1695.375,0.0,0,0.05,0.3111279441923317
1191,-911.0999999999963,9.490624999999937,1708.3125,0.0,0,0.05,0.34873370007715293
1192,-928.7999999999992,9.674999999999931,1741.5,0.0,0,0.05,0.3180316805736058
1193,-898.4999999999981,9.359374999999925,1684.6875,0.0,0,0.05,0.33186624344024396
1194,-886.7999999999996,9.237499999999923,1662.75,0.0,0,0.05,0.35042764444111124
1195,-879.8999999999982,9.165624999999919,1649.8125,0.0,0,0.05,0.3358053393765456
1196,-936.8999999999967,9.759374999999958,1756.6875,0.0,0,0.05,0.3360633785732918
1197,-923.6999999999988,9.621874999999934,1731.9375,0.0,0,0.05,0.3327487283127589
1198,-897.5999999999972,9.349999999999941,1683.0,0.0,0,0.05,0.29926359199711844
1199,-892.7999999999986,9.299999999999923,1674.0,0.0,0,0.05,0.3580986246828818
1200,-937.4999999999972,9.765624999999956,1757.8125,0.0,0,0.05,0.3517013203145729
1201,-974.6999999999969,10.153124999999973,1827.5625,0.0,0,0.05,0.3274641084019095
1202,-929.6999999999994,9.684374999999955,1743.1875,0.0,0,0.05,0.3225154231923322
1203,-908.0999999999981,9.459374999999941,1702.6875,0.0,0,0.05,0.3259555921682881
1204,-903.8999999999985,9.415624999999919,1694.8125,0.0,0,0.05,0.32172292318815987
1205,-974.699999999997,10.153124999999946,1827.5625,0.0,0,0.05,0.33898988558600346
1206,-920.3999999999974,9.58749999999994,1725.75,0.0,0,0.05,0.33705286108371285
1207,-929.4000000000002,9.681249999999915,1742.625,0.0,0,0.05,0.3608820868552559
1208,-929.9999999999977,9.687499999999927,1743.75,0.0,0,0.05,0.3216306935478416
1209,-924.8999999999965,9.63437499999993,1734.1875,0.0,0,0.05,0.33595024466307627
1210,-910.799999999998,9.487499999999931,1707.75,0.0,0,0.05,0.3435598451954623
1211,-915.5999999999991,9.537499999999929,1716.75,0.0,0,0.05,0.3342219710350037
1212,-911.3999999999985,9.493749999999963,1708.875,0.0,0,0.05,0.3459515788540658
1213,-905.0999999999984,9.428124999999937,1697.0625,0.0,0,0.05,0.3366794021231019
1214,-878.099999999998,9.14687499999991,1646.4375,0.0,0,0.05,0.33114549822380973
1215,-877.4999999999964,9.140624999999936,1645.3125,0.0,0,0.05,0.3259016397357401
1216,-910.1999999999978,9.481249999999944,1706.625,0.0,0,0.05,0.35508584047978126
1217,-908.6999999999981,9.465624999999926,1703.8125,0.0,0,0.05,0.35220974139972694
1218,-922.199999999996,9.606249999999958,1729.125,0.0,0,0.05,0.35695679389043816
1219,-917.999999999997,9.56249999999996,1721.25,0.0,0,0.05,0.37906818641867074
1220,-932.9999999999972,9.718749999999979,1749.375,0.0,0,0.05,0.32609922031147615
1221,-903.2999999999979,9.409374999999955,1693.6875,0.0,0,0.05,0.34967820457596743
1222,-907.1999999999965,9.449999999999962,1701.0,0.0,0,0.05,0.321174086506168
1223,-914.6999999999967,9.528124999999942,1715.0625,0.0,0,0.05,0.3516062795701954
1224,-884.9999999999983,9.218749999999927,1659.375,0.0,0,0.05,0.3599616992727129
1225,-875.9999999999982,9.124999999999929,1642.5,0.0,0,0.05,0.34046808805109724
1226,-902.399999999998,9.399999999999954,1692.0,0.0,0,0.05,0.34018951984018914
1227,-899.3999999999987,9.36874999999994,1686.375,0.0,0,0.05,0.3150543761232661
1228,-873.2999999999986,9.096874999999915,1637.4375,0.0,0,0.05,0.34969806387865293
1229,-934.1999999999983,9.73124999999995,1751.625,0.0,0,0.05,0.33609816095946976
1230,-894.5999999999979,9.318749999999945,1677.375,0.0,0,0.05,0.3260619505153348
1231,-911.6999999999981,9.496874999999958,1709.4375,0.0,0,0.05,0.3479331069936355
1232,-923.3999999999967,9.618749999999947,1731.375,0.0,0,0.05,0.32536568062690396
1233,-886.1999999999982,9.23124999999992,1661.625,0.0,0,0.05,0.36324030181082584
1234,-903.2999999999978,9.409374999999931,1693.6875,0.0,0,0.05,0.33665805579577057
1235,-910.4999999999964,9.484374999999954,1707.1875,0.0,0,0.05,0.34329704265110195
1236,-905.3999999999961,9.431249999999947,1697.625,0.0,0,0.05,0.34635338043380115
1237,-914.099999999998,9.521874999999952,1713.9375,0.0,0,0.05,0.3468000535025365
1238,-872.999999999998,9.093749999999936,1636.875,0.0,0,0.05,0.3506338396575302
1239,-927.5999999999981,9.662499999999955,1739.25,0.0,0,0.05,0.3179564234929987
1240,-889.4999999999997,9.26562499999992,1667.8125,0.0,0,0.05,0.3298895721375528
1241,-893.9999999999985,9.312499999999929,1676.25,0.0,0,0.05,0.3202652527692003
1242,-895.7999999999968,9.331249999999919,1679.625,0.0,0,0.05,0.3256423169746995
1243,-923.6999999999975,9.621874999999937,1731.9375,0.0,0,0.05,0.3203415763357447
1244,-923.9999999999978,9.624999999999956,1732.5,0.0,0,0.05,0.34723692488753133
1245,-895.1999999999977,9.324999999999935,1678.5,0.0,0,0.05,0.3102597606316623
1246,-909.5999999999973,9.47499999999994,1705.5,0.0,0,0.05,0.3276636241366052
1247,-931.7999999999972,9.706249999999942,1747.125,0.0,0,0.05,0.3401622146471507
1248,-920.9999999999967,9.593749999999932,1726.875,0.0,0,0.05,0.3479174942554285
1249,-920.3999999999972,9.587499999999933,1725.75,0.0,0,0.05,0.31743368140111367
1250,-947.0999999999974,9.865624999999937,1775.8125,0.0,0,0.05,0.3460217687146117
1251,-888.2999999999982,9.253124999999928,1665.5625,0.0,0,0.05,0.3268430107040331
1252,-898.7999999999961,9.362499999999956,1685.25,0.0,0,0.05,0.3181994826843341
1253,-903.2999999999992,9.409374999999917,1693.6875,0.0,0,0.05,0.369829175197002
1254,-939.8999999999966,9.790624999999952,1762.3125,0.0,0,0.05,0.31522715230886306
1255,-919.7999999999968,9.58124999999994,1724.625,0.0,0,0.05,0.3254686038889405
1256,-910.7999999999976,9.487499999999942,1707.75,0.0,0,0.05,0.34211737900041045
1257,-893.0999999999985,9.303124999999936,1674.5625,0.0,0,0.05,0.3389169429221915
1258,-923.399999999996,9.618749999999944,1731.375,0.0,0,0.05,0.32069066021487946
1259,-920.3999999999985,9.587499999999935,1725.75,0.0,0,0.05,0.3242446824546076
1260,-898.4999999999965,9.35937499999994,1684.6875,0.0,0,0.05,0.3336941240200152
1261,-906.8999999999978,9.446874999999935,1700.4375,0.0,0,0.05,0.3345076547935605
1262,-952.7999999999993,9.924999999999944,1786.5,0.0,0,0.05,0.33263270867367584
1263,-915.8999999999987,9.540624999999933,1717.3125,0.0,0,0.05,0.3400757738440815
1264,-890.3999999999985,9.274999999999926,1669.5,0.0,0,0.05,0.331463939929381
1265,-905.0999999999975,9.42812499999993,1697.0625,0.0,0,0.05,0.35389898918155166
1266,-900.5999999999982,9.381249999999964,1688.625,0.0,0,0.05,0.34430058180975415
1267,-898.7999999999992,9.362499999999917,1685.25,0.0,0,0.05,0.34041022654208875
1268,-918.2999999999979,9.565624999999937,1721.8125,0.0,0,0.05,0.3231388902498616
1269,-911.6999999999987,9.49687499999992,1709.4375,0.0,0,0.05,0.3229575341877838
1270,-882.5999999999976,9.193749999999904,1654.875,0.0,0,0.05,0.3238897858342777
1271,-915.2999999999969,9.534374999999956,1716.1875,0.0,0,0.05,0.34964571242324183
1272,-898.1999999999972,9.356249999999939,1684.125,0.0,0,0.05,0.318352462646241
1273,-905.3999999999987,9.431249999999942,1697.625,0.0,0,0.05,0.30869705758264493
1274,-877.1999999999991,9.137499999999921,1644.75,0.0,0,0.05,0.3356170096175952
1275,-887.3999999999975,9.243749999999908,1663.875,0.0,0,0.05,0.33966057600660454
1276,-911.6999999999991,9.49687499999993,1709.4375,0.0,0,0.05,0.3018048601276759
1277,-908.3999999999978,9.462499999999938,1703.25,0.0,0,0.05,0.309641494979668
1278,-925.4999999999973,9.640624999999948,1735.3125,0.0,0,0.05,0.3391530422752516
1279,-912.2999999999964,9.503124999999933,1710.5625,0.0,0,0.05,0.34239740079889697
1280,-920.399999999997,9.587499999999935,1725.75,0.0,0,0.05,0.31192235828170345
1281,-918.2999999999982,9.565624999999946,1721.8125,0.0,0,0.05,0.34193547049847745
1282,-911.3999999999978,9.493749999999947,1708.875,0.0,0,0.05,0.32075024556058146
1283,-894.8999999999976,9.321874999999945,1677.9375,0.0,0,0.05,0.3323407686393087
1284,-910.7999999999964,9.48749999999996,1707.75,0.0,0,0.05,0.319261878159725
1285,-923.0999999999977,9.61562499999994,1730.8125,0.0,0,0.05,0.3102215467020869
1286,-922.4999999999969,9.609374999999947,1729.6875,0.0,0,0.05,0.32897974578405004
1287,-913.4999999999975,9.515624999999948,1712.8125,0.0,0,0.05,0.320868630360605
1288,-952.4999999999987,9.921874999999925,1785.9375,0.0,0,0.05,0.323093630383826
1289,-896.0999999999977,9.334374999999936,1680.1875,0.0,0,0.05,0.3575713942810479
1290,-874.4999999999964,9.109374999999938,1639.6875,0.0,0,0.05,0.34110860564849443
1291,-893.9999999999991,9.312499999999911,1676.25,0.0,0,0.05,0.32738942784360714
1292,-905.0999999999959,9.42812499999997,1697.0625,0.0,0,0.05,0.345226699913231
1293,-911.3999999999976,9.493749999999944,1708.875,0.0,0,0.05,0.31031417248046234
1294,-867.2999999999987,9.034374999999926,1626.1875,0.0,0,0.05,0.3099573040406944
1295,-911.099999999998,9.49062499999993,1708.3125,0.0,0,0.05,0.3360513502680179
1296,-928.1999999999978,9.668749999999942,1740.375,0.0,0,0.05,0.3482110529258433
1297,-901.799999999998,9.393749999999935,1690.875,0.0,0,0.05,0.3155912543595251
1298,-947.0999999999958,9.865624999999975,1775.8125,0.0,0,0.05,0.35054787116435665
1299,-933.2999999999995,9.721874999999939,1749.9375,0.0,0,0.05,0.3251955578362362
1300,-932.999999999997,9.718749999999979,1749.375,0.0,0,0.05,0.345911703672674
1301,-909.8999999999971,9.478124999999952,1706.0625,0.0,0,0.05,0.32405796241946516
1302,-906.299999999997,9.44062499999994,1699.3125,0.0,0,0.05,0.3197548697961287
1303,-904.7999999999976,9.424999999999944,1696.5,0.0,0,0.05,0.33954795689011613
1304,-891.8999999999969,9.290624999999935,1672.3125,0.0,0,0.05,0.33384939263471297
1305,-886.199999999999,9.231249999999948,1661.625,0.0,0,0.05,0.3127102732554906
1306,-914.6999999999982,9.528124999999926,1715.0625,0.0,0,0.05,0.31794232060460165
1307,-875.3999999999985,9.118749999999924,1641.375,0.0,0,0.05,0.32138737043262355
1308,-907.7999999999971,9.456249999999937,1702.125,0.0,0,0.05,0.31660757864721945
1309,-933.2999999999984,9.721874999999946,1749.9375,0.0,0,0.05,0.3346170163144254
1310,-880.1999999999982,9.168749999999939,1650.375,0.0,0,0.05,0.31597031091546846
1311,-925.7999999999975,9.643749999999947,1735.875,0.0,0,0.05,0.3331707140586028
1312,-911.699999999998,9.496874999999957,1709.4375,0.0,0,0.05,0.34698172183189957
1313,-931.7999999999982,9.706249999999926,1747.125,0.0,0,0.05,0.3499251552753978
1314,-889.4999999999976,9.265624999999924,1667.8125,0.0,0,0.05,0.35314480209102234
1315,-906.599999999998,9.443749999999927,1699.875,0.0,0,0.05,0.3312188667814351
1316,-898.7999999999989,9.362499999999917,1685.25,0.0,0,0.05,0.32246386820657386
1317,-917.9999999999976,9.562499999999943,1721.25,0.0,0,0.05,0.32184836935872835
1318,-896.9999999999994,9.343749999999918,1681.875,0.0,0,0.05,0.327834358257759
1319,-895.4999999999969,9.32812499999995,1679.0625,0.0,0,0.05,0.34438794639168513
1320,-902.3999999999978,9.399999999999935,1692.0,0.0,0,0.05,0.3319779141392145
1321,-952.4999999999957,9.921874999999968,1785.9375,0.0,0,0.05,0.3301807863637805
1322,-875.6999999999967,9.121874999999926,1641.9375,0.0,0,0.05,0.32676422415922085
1323,-931.799999999999,9.706249999999935,1747.125,0.0,0,0.05,0.36175402802829115
1324,-858.899999999998,8.946874999999926,1610.4375,0.0,0,0.05,0.3329883456799305
1325,-933.2999999999979,9.721874999999935,1749.9375,0.0,0,0.05,0.3400346832453377
1326,-894.5999999999988,9.318749999999918,1677.375,0.0,0,0.05,0.3417793966260635
1327,-869.399999999998,9.056249999999908,1630.125,0.0,0,0.05,0.3324912716531091
1328,-914.3999999999977,9.524999999999949,1714.5,0.0,0,0.05,0.3524722852433721
1329,-916.7999999999975,9.549999999999944,1719.0,0.0,0,0.05,0.3286283088589294
1330,-909.5999999999971,9.474999999999929,1705.5,0.0,0,0.05,0.35522009160680074
1331,-890.9999999999969,9.281249999999917,1670.625,0.0,0,0.05,0.34297398458648887
1332,-936.5999999999967,9.756249999999946,1756.125,0.0,0,0.05,0.3807587383263227
1333,-925.1999999999967,9.637499999999955,1734.75,0.0,0,0.05,0.33314992443968855
1334,-898.1999999999974,9.356249999999928,1684.125,0.0,0,0.05,0.3567871985801806
1335,-903.5999999999965,9.412499999999934,1694.25,0.0,0,0.05,0.3244281691033393
1336,-923.3999999999972,9.618749999999942,1731.375,0.0,0,0.05,0.31192898007058023
1337,-925.4999999999983,9.64062499999996,1735.3125,0.0,0,0.05,0.3205331747006211
1338,-897.9000000000005,9.353124999999931,1683.5625,0.0,0,0.05,0.3157643298566755
1339,-895.7999999999971,9.331249999999942,1679.625,0.0,0,0.05,0.3159559560267048
1340,-929.399999999998,9.681249999999949,1742.625,0.0,0,0.05,0.3451624545165234
1341,-926.3999999999992,9.649999999999936,1737.0,0.0,0,0.05,0.33124460307363834
1342,-914.999999999998,9.531249999999947,1715.625,0.0,0,0.05,0.3284283876108626
1343,-890.999999999997,9.281249999999913,1670.625,0.0,0,0.05,0.33529876940883696
1344,-923.0999999999974,9.615624999999934,1730.8125,0.0,0,0.05,0.34302211563723783
1345,-917.0999999999987,9.553124999999934,1719.5625,0.0,0,0.05,0.2995153895061877
1346,-894.599999999998,9.318749999999916,1677.375,0.0,0,0.05,0.3306923624438544
1347,-939.5999999999997,9.78749999999994,1761.75,0.0,0,0.05,0.33371078097261486
1348,-915.8999999999971,9.540624999999933,1717.3125,0.0,0,0.05,0.34078948792691033
1349,-903.5999999999988,9.41249999999994,1694.25,0.0,0,0.05,0.35047416635788975
1350,-900.2999999999963,9.378124999999951,1688.0625,0.0,0,0.05,0.31458499000614715
1351,-910.2000000000004,9.481249999999903,1706.625,0.0,0,0.05,0.3324806549948537
1352,-882.5999999999979,9.193749999999925,1654.875,0.0,0,0.05,0.3499494141071207
1353,-902.3999999999983,9.399999999999915,1692.0,0.0,0,0.05,0.3355963783235186
1354,-883.7999999999984,9.206249999999923,1657.125,0.0,0,0.05,0.3508998221303854
1355,-905.0999999999984,9.428124999999934,1697.0625,0.0,0,0.05,0.36248919835262416
1356,-910.8000000000003,9.487499999999905,1707.75,0.0,0,0.05,0.31632215751645465
1357,-906.5999999999981,9.443749999999943,1699.875,0.0,0,0.05,0.3231155102348162
1358,-900.299999999998,9.378124999999951,1688.0625,0.0,0,0.05,0.3551318783157816
1359,-902.9999999999945,9.406249999999932,1693.125,0.0,0,0.05,0.3136650904185242
1360,-913.499999999998,9.515624999999943,1712.8125,0.0,0,0.05,0.3374127881187532
1361,-912.2999999999985,9.503124999999935,1710.5625,0.0,0,0.05,0.3438769037628339
1362,-899.9999999999975,9.374999999999936,1687.5,0.0,0,0.05,0.3295716287464731
1363,-911.6999999999978,9.49687499999995,1709.4375,0.0,0,0.05,0.3253313341643661
1364,-915.5999999999971,9.53749999999995,1716.75,0.0,0,0.05,0.3445683950972226
1365,-883.799999999998,9.206249999999919,1657.125,0.0,0,0.05,0.33530340504625605
1366,-905.999999999997,9.43749999999994,1698.75,0.0,0,0.05,0.3208997287425316
1367,-930.0000000000008,9.68749999999994,1743.75,0.0,0,0.05,0.3322230293881148
1368,-882.8999999999982,9.196874999999904,1655.4375,0.0,0,0.05,0.3194875352653778
1369,-895.4999999999981,9.328124999999966,1679.0625,0.0,0,0.05,0.33137217028480437
1370,-925.7999999999971,9.643749999999955,1735.875,0.0,0,0.05,0.35391232047178267
1371,-943.8,9.831249999999942,1769.625,0.0,0,0.05,0.33045252248282647
1372,-927.2999999999969,9.659374999999976,1738.6875,0.0,0,0.05,0.3168791538828777
1373,-921.5999999999984,9.599999999999946,1728.0,0.0,0,0.05,0.3249069895543572
1374,-917.3999999999987,9.556249999999936,1720.125,0.0,0,0.05,0.32704729881758493
1375,-893.3999999999971,9.306249999999931,1675.125,0.0,0,0.05,0.33629008876418487
1376,-882.2999999999992,9.190624999999933,1654.3125,0.0,0,0.05,0.3444282962319752
1377,-911.0999999999965,9.490624999999945,1708.3125,0.0,0,0.05,0.3236263505855782
1378,-896.0999999999968,9.334374999999946,1680.1875,0.0,0,0.05,0.3347631745868259
1379,-898.8,9.362499999999924,1685.25,0.0,0,0.05,0.31523019240444733
1380,-884.999999999998,9.21874999999994,1659.375,0.0,0,0.05,0.31102523459638987
1381,-903.5999999999979,9.412499999999952,1694.25,0.0,0,0.05,0.34650018681875533
1382,-898.7999999999967,9.362499999999967,1685.25,0.0,0,0.05,0.352647939350249
1383,-884.0999999999985,9.209374999999934,1657.6875,0.0,0,0.05,0.3146335969420357
1384,-891.8999999999968,9.290624999999922,1672.3125,0.0,0,0.05,0.32880463965961504
1385,-856.7999999999981,8.924999999999926,1606.5,0.0,0,0.05,0.3366021134631915
1386,-918.2999999999968,9.56562499999994,1721.8125,0.0,0,0.05,0.3361921410748942
1387,-930.8999999999986,9.696874999999928,1745.4375,0.0,0,0.05,0.32511906978260313
1388,-912.5999999999984,9.506249999999921,1711.125,0.0,0,0.05,0.3255651103073938
1389,-912.5999999999979,9.506249999999936,1711.125,0.0,0,0.05,0.33093095320380395
1390,-883.7999999999981,9.206249999999919,1657.125,0.0,0,0.05,0.3490787621173594
1391,-918.5999999999976,9.568749999999948,1722.375,0.0,0,0.05,0.35904615993818473
1392,-923.6999999999975,9.621874999999946,1731.9375,0.0,0,0.05,0.3382196860180961
1393,-878.9999999999982,9.156249999999917,1648.125,0.0,0,0.05,0.33253085668095284
1394,-890.099999999998,9.271874999999918,1668.9375,0.0,0,0.05,0.3252020138264116
1395,-888.8999999999977,9.25937499999994,1666.6875,0.0,0,0.05,0.3409421187152879
1396,-927.5999999999992,9.662499999999941,1739.25,0.0,0,0.05,0.34354950996736683
1397,-918.8999999999987,9.571874999999942,1722.9375,0.0,0,0.05,0.342848678264353
1398,-893.0999999999971,9.303124999999941,1674.5625,0.0,0,0.05,0.3517223416982839
1399,-878.3999999999983,9.14999999999994,1647.0,0.0,0,0.05,0.35243417120331694
1400,-932.0999999999975,9.709374999999971,1747.6875,0.0,0,0.05,0.300897311941824
1401,-895.4999999999981,9.328124999999925,1679.0625,0.0,0,0.05,0.34620816281272304
1402,-928.1999999999973,9.66874999999997,1740.375,0.0,0,0.05,0.3281159406372656
1403,-902.6999999999971,9.40312499999995,1692.5625,0.0,0,0.05,0.3511873616423044
1404,-889.7999999999977,9.26874999999994,1668.375,0.0,0,0.05,0.32987883921402195
1405,-920.0999999999983,9.584374999999959,1725.1875,0.0,0,0.05,0.32195393575044967
1406,-939.8999999999975,9.790624999999972,1762.3125,0.0,0,0.05,0.32809543314441625
1407,-868.5000000000009,9.046874999999913,1628.4375,0.0,0,0.05,0.3301076314619018
1408,-937.4999999999982,9.765624999999952,1757.8125,0.0,0,0.05,0.3516078778490838
1409,-897.5999999999987,9.349999999999929,1683.0,0.0,0,0.05,0.3055046493653208
1410,-887.6999999999981,9.246874999999939,1664.4375,0.0,0,0.05,0.31872165848294065
1411,-912.2999999999982,9.503124999999935,1710.5625,0.0,0,0.05,0.32068757939980264
1412,-891.599999999999,9.28749999999992,1671.75,0.0,0,0.05,0.31955492751051984
1413,-901.4999999999968,9.390624999999945,1690.3125,0.0,0,0.05,0.3094157492948903
1414,-876.299999999998,9.128124999999924,1643.0625,0.0,0,0.05,0.3370657330068449
1415,-910.1999999999979,9.481249999999934,1706.625,0.0,0,0.05,0.3462413260195818
1416,-904.199999999996,9.41874999999994,1695.375,0.0,0,0.05,0.324997883859194
1417,-906.8999999999991,9.446874999999942,1700.4375,0.0,0,0.05,0.3098214624604831
1418,-898.7999999999984,9.36249999999993,1685.25,0.0,0,0.05,0.3348363433188448
1419,-907.4999999999983,9.453124999999934,1701.5625,0.0,0,0.05,0.336061540670279
1420,-961.1999999999986,10.012499999999948,1802.25,0.0,0,0.05,0.32752182689598863
1421,-915.5999999999955,9.537499999999946,1716.75,0.0,0,0.05,0.33009209035274883
1422,-933.5999999999976,9.724999999999964,1750.5,0.0,0,0.05,0.342236074179204
1423,-902.3999999999992,9.399999999999933,1692.0,0.0,0,0.05,0.32596640178105896
1424,-877.1999999999963,9.137499999999925,1644.75,0.0,0,0.05,0.33128527351137665
1425,-901.4999999999975,9.39062499999993,1690.3125,0.0,0,0.05,0.3122430772572342
1426,-869.0999999999982,9.053124999999921,1629.5625,0.0,0,0.05,0.32634880345625183
1427,-885.2999999999973,9.221874999999953,1659.9375,0.0,0,0.05,0.33005712200990983
1428,-913.1999999999982,9.512499999999925,1712.25,0.0,0,0.05,0.33431874830793173
1429,-905.3999999999978,9.431249999999924,1697.625,0.0,0,0.05,0.33908086309933827
1430,-903.2999999999989,9.409374999999915,1693.6875,0.0,0,0.05,0.329962670792722
1431,-904.1999999999983,9.418749999999914,1695.375,0.0,0,0.05,0.31083291629846727
1432,-921.2999999999964,9.596874999999951,1727.4375,0.0,0,0.05,0.35296902941643366
1433,-895.7999999999956,9.331249999999953,1679.625,0.0,0,0.05,0.33086550204445503
1434,-884.0999999999966,9.209374999999918,1657.6875,0.0,0,0.05,0.3359507452334381
1435,-905.0999999999968,9.428124999999948,1697.0625,0.0,0,0.05,0.3390963661846601
1436,-918.8999999999995,9.571874999999938,1722.9375,0.0,0,0.05,0.36584496723177534
1437,-914.0999999999974,9.521874999999953,1713.9375,0.0,0,0.05,0.32667177909881706
1438,-945.5999999999974,9.849999999999968,1773.0,0.0,0,0.05,0.32750718959917624
1439,-899.3999999999999,9.368749999999926,1686.375,0.0,0,0.05,0.33473571022041143
1440,-907.4999999999977,9.453124999999936,1701.5625,0.0,0,0.05,0.3165326275966234
1441,-890.3999999999983,9.27499999999991,1669.5,0.0,0,0.05,0.3406548476829711
1442,-882.8999999999972,9.196874999999936,1655.4375,0.0,0,0.05,0.32098881673171287
1443,-938.4,9.774999999999944,1759.5,0.0,0,0.05,0.32532935166317556
1444,-901.7999999999981,9.393749999999914,1690.875,0.0,0,0.05,0.32008901327434514
1445,-928.1999999999972,9.668749999999939,1740.375,0.0,0,0.05,0.3400857018772513
1446,-913.1999999999979,9.512499999999939,1712.25,0.0,0,0.05,0.32078302460722624
1447,-869.3999999999983,9.056249999999928,1630.125,0.0,0,0.05,0.34880619395213824
1448,-921.8999999999976,9.603124999999945,1728.5625,0.0,0,0.05,0.3237002352873484
1449,-922.7999999999979,9.612499999999963,1730.25,0.0,0,0.05,0.32627975401054654
1450,-912.2999999999982,9.50312499999993,1710.5625,0.0,0,0.05,0.3331371171813872
1451,-913.2000000000005,9.512499999999916,1712.25,0.0,0,0.05,0.33056768374000156
1452,-936.5999999999971,9.756249999999946,1756.125,0.0,0,0.05,0.3451726990286261
1453,-880.499999999998,9.171874999999922,1650.9375,0.0,0,0.05,0.318397976571901
1454,-916.4999999999982,9.546874999999932,1718.4375,0.0,0,0.05,0.3517136004960371
1455,-915.5999999999965,9.537499999999946,1716.75,0.0,0,0.05,0.3493507450394746
1456,-882.8999999999983,9.196874999999903,1655.4375,0.0,0,0.05,0.3361693589068535
1457,-872.9999999999987,9.093749999999922,1636.875,0.0,0,0.05,0.3272359454486933
1458,-898.1999999999998,9.356249999999926,1684.125,0.0,0,0.05,0.32543119094851947
1459,-922.1999999999967,9.606249999999948,1729.125,0.0,0,0.05,0.3402202430750347
1460,-896.3999999999994,9.337499999999928,1680.75,0.0,0,0.05,0.31178252609808826
1461,-887.0999999999987,9.240624999999916,1663.3125,0.0,0,0.05,0.3377804687815822
1462,-898.4999999999973,9.359374999999925,1684.6875,0.0,0,0.05,0.34177887772934307
1463,-906.3,9.440624999999919,1699.3125,0.0,0,0.05,0.3158382407700022
1464,-899.6999999999981,9.371874999999935,1686.9375,0.0,0,0.05,0.35402643805783657
1465,-912.5999999999974,9.506249999999962,1711.125,0.0,0,0.05,0.33628786174683933
1466,-928.1999999999985,9.668749999999918,1740.375,0.0,0,0.05,0.3483244073680706
1467,-891.2999999999985,9.284374999999928,1671.1875,0.0,0,0.05,0.30842987071308825
1468,-892.4999999999978,9.296874999999956,1673.4375,0.0,0,0.05,0.3183266869202877
1469,-912.2999999999967,9.503124999999924,1710.5625,0.0,0,0.05,0.34436991638503966
1470,-919.1999999999974,9.574999999999939,1723.5,0.0,0,0.05,0.31589535774870053
1471,-931.7999999999986,9.706249999999942,1747.125,0.0,0,0.05,0.3324365169379032
1472,-898.7999999999985,9.36249999999995,1685.25,0.0,0,0.05,0.35141164277576736
1473,-864.3000000000002,9.00312499999991,1620.5625,0.0,0,0.05,0.33231162436099515
1474,-895.4999999999973,9.328124999999945,1679.0625,0.0,0,0.05,0.3420207401453
1475,-930.8999999999984,9.696874999999938,1745.4375,0.0,0,0.05,0.3067055568357723
1476,-890.6999999999989,9.278124999999902,1670.0625,0.0,0,0.05,0.30783223445630736
1477,-948.8999999999976,9.884374999999961,1779.1875,0.0,0,0.05,0.3542970049660653
1478,-946.7999999999975,9.86249999999996,1775.25,0.0,0,0.05,0.32988156285395637
1479,-907.7999999999973,9.456249999999926,1702.125,0.0,0,0.05,0.3543912925886818
1480,-908.9999999999981,9.468749999999947,1704.375,0.0,0,0.05,0.32794682472012937
1481,-885.8999999999985,9.228124999999917,1661.0625,0.0,0,0.05,0.32516181972912617
1482,-914.6999999999973,9.5281249999999,1715.0625,0.0,0,0.05,0.31831737325733733
1483,-918.5999999999971,9.568749999999937,1722.375,0.0,0,0.05,0.32196208437283835
1484,-904.4999999999967,9.421874999999943,1695.9375,0.0,0,0.05,0.34530477929446435
1485,-915.5999999999979,9.537499999999932,1716.75,0.0,0,0.05,0.34197745732186985
1486,-873.8999999999965,9.103124999999936,1638.5625,0.0,0,0.05,0.32376934960484505
1487,-908.9999999999967,9.468749999999947,1704.375,0.0,0,0.05,0.35273712946929864
1488,-922.5,9.609374999999929,1729.6875,0.0,0,0.05,0.340236914364828
1489,-887.9999999999999,9.249999999999918,1665.0,0.0,0,0.05,0.3316099141879628
1490,-914.6999999999974,9.52812499999994,1715.0625,0.0,0,0.05,0.3260334146648852
1491,-909.2999999999967,9.471874999999933,1704.9375,0.0,0,0.05,0.34564683522201245
1492,-909.8999999999985,9.478124999999933,1706.0625,0.0,0,0.05,0.3541387688368559
1493,-887.0999999999984,9.240624999999916,1663.3125,0.0,0,0.05,0.33147040529228333
1494,-908.9999999999994,9.468749999999934,1704.375,0.0,0,0.05,0.29969739433791903
1495,-908.3999999999984,9.462499999999919,1703.25,0.0,0,0.05,0.33649698331848615
1496,-920.0999999999985,9.584374999999936,1725.1875,0.0,0,0.05,0.31880063206578296
1497,-932.9999999999985,9.718749999999929,1749.375,0.0,0,0.05,0.33189815770213804
1498,-933.8999999999984,9.728124999999944,1751.0625,0.0,0,0.05,0.32701948707302414
1499,-896.3999999999978,9.337499999999936,1680.75,0.0,0,0.05,0.37045295069304607
1500,-935.3999999999987,9.74374999999996,1753.875,0.0,0,0.05,0.32638799265130525
1501,-952.4999999999973,9.921874999999954,1785.9375,0.0,0,0.05,0.3454789221002203
1502,-930.899999999997,9.696874999999944,1745.4375,0.0,0,0.05,0.3267756414754937
1503,-935.0999999999966,9.740624999999982,1753.3125,0.0,0,0.05,0.32563834317132
1504,-884.6999999999966,9.21562499999993,1658.8125,0.0,0,0.05,0.3422630166169256
1505,-966.2999999999989,10.065624999999946,1811.8125,0.0,0,0.05,0.3162557396520343
1506,-933.8999999999958,9.728124999999949,1751.0625,0.0,0,0.05,0.3314935536434253
1507,-868.499999999996,9.046874999999932,1628.4375,0.0,0,0.05,0.3474681496464958
1508,-902.0999999999984,9.396874999999934,1691.4375,0.0,0,0.05,0.3369231503715532
1509,-885.299999999998,9.221874999999935,1659.9375,0.0,0,0.05,0.33881331400738823
1510,-901.499999999999,9.390624999999936,1690.3125,0.0,0,0.05,0.32138548617044255
1511,-896.3999999999993,9.337499999999931,1680.75,0.0,0,0.05,0.33125038702144394
1512,-919.7999999999982,9.58124999999992,1724.625,0.0,0,0.05,0.31745974811621835
1513,-898.4999999999967,9.359374999999954,1684.6875,0.0,0,0.05,0.32907113992712567
1514,-911.9999999999989,9.499999999999929,1710.0,0.0,0,0.05,0.34280537627637386
1515,-900.599999999999,9.381249999999936,1688.625,0.0,0,0.05,0.34823008715692494
1516,-913.1999999999972,9.51249999999995,1712.25,0.0,0,0.05,0.3487351167740093
1517,-915.5999999999956,9.53749999999995,1716.75,0.0,0,0.05,0.33370611668150457
1518,-923.0999999999991,9.615624999999941,1730.8125,0.0,0,0.05,0.36265256005960206
1519,-926.6999999999963,9.653124999999953,1737.5625,0.0,0,0.05,0.3491947307303134
1520,-917.3999999999972,9.556249999999936,1720.125,0.0,0,0.05,0.32473219245051343
1521,-896.3999999999993,9.337499999999935,1680.75,0.0,0,0.05,0.33185892749784723
1522,-902.9999999999975,9.406249999999972,1693.125,0.0,0,0.05,0.3484970248976929
1523,-909.8999999999978,9.47812499999994,1706.0625,0.0,0,0.05,0.3342636306821886
1524,-894.5999999999979,9.318749999999966,1677.375,0.0,0,0.05,0.3273683629516098
1525,-897.2999999999976,9.346874999999928,1682.4375,0.0,0,0.05,0.35538959689955746
1526,-893.0999999999981,9.303124999999943,1674.5625,0.0,0,0.05,0.33635413428871996
1527,-898.7999999999968,9.362499999999962,1685.25,0.0,0,0.05,0.33518924733830824
1528,-914.0999999999989,9.521874999999941,1713.9375,0.0,0,0.05,0.3492049390864041
1529,-934.7999999999987,9.737499999999924,1752.75,0.0,0,0.05,0.34853391631816827
1530,-925.1999999999985,9.637499999999942,1734.75,0.0,0,0.05,0.3141870532133099
1531,-903.5999999999976,9.412499999999914,1694.25,0.0,0,0.05,0.3340134588742836
1532,-905.3999999999965,9.431249999999944,1697.625,0.0,0,0.05,0.33692667384424974
1533,-915.5999999999957,9.537499999999952,1716.75,0.0,0,0.05,0.33121272162016896
1534,-926.3999999999967,9.64999999999995,1737.0,0.0,0,0.05,0.3143127779114164
1535,-908.6999999999971,9.465624999999928,1703.8125,0.0,0,0.05,0.34257261738595035
1536,-883.1999999999977,9.199999999999928,1656.0,0.0,0,0.05,0.3076115149435484
1537,-900.2999999999973,9.378124999999926,1688.0625,0.0,0,0.05,0.3593811262605919
1538,-876.8999999999984,9.13437499999992,1644.1875,0.0,0,0.05,0.30907226172793245
1539,-954.8999999999955,9.946874999999968,1790.4375,0.0,0,0.05,0.3254537116787914
1540,-939.8999999999971,9.790624999999922,1762.3125,0.0,0,0.05,0.3234744778575583
1541,-927.2999999999977,9.659374999999958,1738.6875,0.0,0,0.05,0.3316638813664516
1542,-920.3999999999975,9.587499999999928,1725.75,0.0,0,0.05,0.3357373259547684
1543,-908.0999999999974,9.459374999999927,1702.6875,0.0,0,0.05,0.3180169904138893
1544,-905.6999999999965,9.434374999999942,1698.1875,0.0,0,0.05,0.3341390174580738
1545,-902.6999999999975,9.403124999999948,1692.5625,0.0,0,0.05,0.33584046199296913
1546,-924.2999999999981,9.628124999999928,1733.0625,0.0,0,0.05,0.33195227045669323
1547,-909.2999999999981,9.471874999999926,1704.9375,0.0,0,0.05,0.332594359283232
1548,-924.9000000000004,9.634374999999947,1734.1875,0.0,0,0.05,0.318169745306174
1549,-893.9999999999972,9.312499999999924,1676.25,0.0,0,0.05,0.32930238509757653
1550,-908.6999999999971,9.465624999999939,1703.8125,0.0,0,0.05,0.30858241281109966
1551,-896.3999999999976,9.337499999999938,1680.75,0.0,0,0.05,0.33395882518703324
1552,-938.7000000000007,9.778124999999935,1760.0625,0.0,0,0.05,0.307555594910971
1553,-905.6999999999965,9.434374999999948,1698.1875,0.0,0,0.05,0.32546997867110705
1554,-897.2999999999965,9.346874999999931,1682.4375,0.0,0,0.05,0.3556931818576737
1555,-897.2999999999998,9.346874999999926,1682.4375,0.0,0,0.05,0.33089360747382873
1556,-908.6999999999974,9.465624999999951,1703.8125,0.0,0,0.05,0.2977889208485269
1557,-900.2999999999975,9.37812499999992,1688.0625,0.0,0,0.05,0.31078473950425783
1558,-919.1999999999969,9.574999999999957,1723.5,0.0,0,0.05,0.3236703353106148
1559,-904.7999999999977,9.42499999999995,1696.5,0.0,0,0.05,0.32934529953636227
1560,-903.5999999999985,9.412499999999913,1694.25,0.0,0,0.05,0.338911131857377
1561,-897.5999999999985,9.349999999999948,1683.0,0.0,0,0.05,0.31883553338444065
1562,-918.2999999999981,9.565624999999928,1721.8125,0.0,0,0.05,0.3195111152767721
1563,-883.1999999999955,9.199999999999948,1656.0,0.0,0,0.05,0.3233270848221663
1564,-898.4999999999987,9.359374999999918,1684.6875,0.0,0,0.05,0.3265421452673359
1565,-890.0999999999984,9.271874999999927,1668.9375,0.0,0,0.05,0.31895772743866674
1566,-923.3999999999963,9.61874999999995,1731.375,0.0,0,0.05,0.3509283655167868
1567,-896.6999999999973,9.34062499999993,1681.3125,0.0,0,0.05,0.31875585488871566
1568,-924.8999999999959,9.634374999999952,1734.1875,0.0,0,0.05,0.32988159582536253
1569,-890.399999999997,9.274999999999926,1669.5,0.0,0,0.05,0.31833842953460084
1570,-932.3999999999978,9.712499999999961,1748.25,0.0,0,0.05,0.32891895642711055
1571,-923.3999999999974,9.618749999999936,1731.375,0.0,0,0.05,0.336062662763935
1572,-896.699999999997,9.340624999999946,1681.3125,0.0,0,0.05,0.3349513177190804
1573,-873.8999999999971,9.10312499999992,1638.5625,0.0,0,0.05,0.3068208479193143
1574,-897.8999999999966,9.353124999999942,1683.5625,0.0,0,0.05,0.3355199646825592
1575,-872.3999999999986,9.087499999999924,1635.75,0.0,0,0.05,0.33470794868448545
1576,-906.899999999998,9.446874999999944,1700.4375,0.0,0,0.05,0.3393303000626879
1577,-898.4999999999986,9.35937499999992,1684.6875,0.0,0,0.05,0.3207530743132035
1578,-855.5999999999999,8.912499999999905,1604.25,0.0,0,0.05,0.3202701552900382
1579,-962.6999999999963,10.028124999999958,1805.0625,0.0,0,0.05,0.3219334281101409
1580,-899.3999999999974,9.368749999999936,1686.375,0.0,0,0.05,0.34174575061640805
1581,-884.3999999999975,9.212499999999935,1658.25,0.0,0,0.05,0.3144592464177145
1582,-886.499999999998,9.234374999999917,1662.1875,0.0,0,0.05,0.34106858266621
1583,-909.5999999999966,9.474999999999948,1705.5,0.0,0,0.05,0.3403548263504894
1584,-930.9000000000004,9.696874999999933,1745.4375,0.0,0,0.05,0.32171742234689493
1585,-901.1999999999966,9.387499999999951,1689.75,0.0,0,0.05,0.3185148592520919
1586,-915.5999999999991,9.537499999999932,1716.75,0.0,0,0.05,0.3533654584808068
1587,-912.299999999998,9.503124999999955,1710.5625,0.0,0,0.05,0.33953185078894926
1588,-918.2999999999985,9.565624999999924,1721.8125,0.0,0,0.05,0.32351315390422114
1589,-887.9999999999961,9.24999999999996,1665.0,0.0,0,0.05,0.3448900823584861
1590,-910.7999999999959,9.48749999999994,1707.75,0.0,0,0.05,0.3176127689347292
1591,-869.0999999999984,9.053124999999904,1629.5625,0.0,0,0.05,0.33784977676243416
1592,-927.599999999998,9.662499999999964,1739.25,0.0,0,0.05,0.3234836371563789
1593,-981.5999999999979,10.224999999999962,1840.5,0.0,0,0.05,0.3263758828501321
1594,-918.5999999999993,9.568749999999927,1722.375,0.0,0,0.05,0.3326480441675004
1595,-891.599999999998,9.287499999999932,1671.75,0.0,0,0.05,0.3182479796051565
1596,-890.6999999999999,9.278124999999918,1670.0625,0.0,0,0.05,0.34311825338647595
1597,-892.1999999999963,9.293749999999923,1672.875,0.0,0,0.05,0.33337834966368973
1598,-934.4999999999976,9.73437499999995,1752.1875,0.0,0,0.05,0.3292544999625534
1599,-933.599999999999,9.724999999999934,1750.5,0.0,0,0.05,0.3316601800266653
1600,-908.0999999999987,9.459374999999918,1702.6875,0.0,0,0.05,0.34600450487859136
1601,-908.6999999999978,9.46562499999994,1703.8125,0.0,0,0.05,0.3354827506105519
1602,-914.3999999999991,9.524999999999931,1714.5,0.0,0,0.05,0.34752862939818036
1603,-910.7999999999978,9.487499999999937,1707.75,0.0,0,0.05,0.3430264115954439
1604,-926.0999999999958,9.646874999999975,1736.4375,0.0,0,0.05,0.34988000326169033
1605,-941.9999999999978,9.812499999999968,1766.25,0.0,0,0.05,0.3246426911636566
1606,-947.9999999999976,9.874999999999966,1777.5,0.0,0,0.05,0.33338270888456867
1607,-911.099999999997,9.49062499999996,1708.3125,0.0,0,0.05,0.31998625707088246
1608,-899.3999999999979,9.368749999999936,1686.375,0.0,0,0.05,0.3428549570600606
1609,-939.5999999999999,9.78749999999995,1761.75,0.0,0,0.05,0.34135755630623965
1610,-904.7999999999973,9.42499999999995,1696.5,0.0,0,0.05,0.33972323844985414
1611,-929.1000000000009,9.67812499999993,1742.0625,0.0,0,0.05,0.3058383674257331
1612,-919.1999999999974,9.574999999999958,1723.5,0.0,0,0.05,0.3478588864000307
1613,-894.5999999999976,9.318749999999925,1677.375,0.0,0,0.05,0.35572607613479096
1614,-898.1999999999953,9.356249999999939,1684.125,0.0,0,0.05,0.3350665388266659
1615,-903.8999999999988,9.415624999999935,1694.8125,0.0,0,0.05,0.3313451026255886
1616,-868.4999999999986,9.04687499999992,1628.4375,0.0,0,0.05,0.31984231737701013
1617,-903.5999999999977,9.412499999999955,1694.25,0.0,0,0.05,0.3310333352277262
1618,-901.1999999999973,9.38749999999994,1689.75,0.0,0,0.05,0.3233292620008191
1619,-914.0999999999973,9.521874999999955,1713.9375,0.0,0,0.05,0.35669630262483326
1620,-870.3000000000002,9.065624999999937,1631.8125,0.0,0,0.05,0.35406987935097683
1621,-917.6999999999974,9.559374999999939,1720.6875,0.0,0,0.05,0.319299402858855
1622,-919.4999999999973,9.578124999999932,1724.0625,0.0,0,0.05,0.339674044188319
1623,-884.9999999999985,9.218749999999925,1659.375,0.0,0,0.05,0.343107375750939
1624,-904.4999999999985,9.421874999999918,1695.9375,0.0,0,0.05,0.32573691273315086
1625,-904.1999999999992,9.41874999999994,1695.375,0.0,0,0.05,0.3154129138475077
1626,-902.6999999999989,9.40312499999992,1692.5625,0.0,0,0.05,0.34484320166520777
1627,-920.9999999999977,9.593749999999936,1726.875,0.0,0,0.05,0.33047892794323463
1628,-910.499999999999,9.484374999999927,1707.1875,0.0,0,0.05,0.3239392377384421
1629,-885.8999999999983,9.22812499999993,1661.0625,0.0,0,0.05,0.31708641283524536
1630,-871.7999999999984,9.081249999999914,1634.625,0.0,0,0.05,0.31901500014484757
1631,-918.8999999999988,9.571874999999947,1722.9375,0.0,0,0.05,0.3264390880604171
1632,-908.3999999999963,9.462499999999938,1703.25,0.0,0,0.05,0.30658264298302434
1633,-919.1999999999973,9.574999999999939,1723.5,0.0,0,0.05,0.32276904083684915
1634,-877.499999999998,9.140624999999924,1645.3125,0.0,0,0.05,0.32512497926234374
1635,-935.3999999999974,9.743749999999954,1753.875,0.0,0,0.05,0.3191267234738916
1636,-895.1999999999986,9.324999999999948,1678.5,0.0,0,0.05,0.3389848208934483
1637,-926.0999999999985,9.64687499999995,1736.4375,0.0,0,0.05,0.32618083478365506
1638,-883.7999999999965,9.206249999999942,1657.125,0.0,0,0.05,0.3112013180067556
1639,-909.8999999999968,9.478124999999938,1706.0625,0.0,0,0.05,0.3428974330270042
1640,-907.7999999999971,9.456249999999937,1702.125,0.0,0,0.05,0.3242022088314924
1641,-931.7999999999985,9.706249999999937,1747.125,0.0,0,0.05,0.32655044682841333
1642,-915.5999999999982,9.537499999999955,1716.75,0.0,0,0.05,0.32580409762449564
1643,-903.299999999997,9.409374999999955,1693.6875,0.0,0,0.05,0.3204343043319467
1644,-920.3999999999996,9.587499999999904,1725.75,0.0,0,0.05,0.32171117467805743
1645,-910.1999999999975,9.48124999999993,1706.625,0.0,0,0.05,0.306180181990688
1646,-922.199999999997,9.606249999999935,1729.125,0.0,0,0.05,0.3554907619228794
1647,-878.099999999998,9.146874999999925,1646.4375,0.0,0,0.05,0.3478119048807356
1648,-932.9999999999975,9.71874999999995,1749.375,0.0,0,0.05,0.3392145451210025
1649,-910.1999999999966,9.481249999999962,1706.625,0.0,0,0.05,0.34684393833287885
1650,-899.6999999999973,9.371874999999928,1686.9375,0.0,0,0.05,0.3466919065504852
1651,-901.1999999999973,9.387499999999932,1689.75,0.0,0,0.05,0.31288198366657727
1652,-930.0000000000008,9.68749999999994,1743.75,0.0,0,0.05,0.31272115299943837
1653,-883.7999999999967,9.206249999999933,1657.125,0.0,0,0.05,0.32685275718104095
1654,-895.4999999999992,9.328124999999915,1679.0625,0.0,0,0.05,0.310925370744533
1655,-886.1999999999982,9.231249999999928,1661.625,0.0,0,0.05,0.31814148061805303
1656,-916.499999999997,9.546874999999945,1718.4375,0.0,0,0.05,0.3273568968469691
1657,-906.8999999999979,9.446874999999944,1700.4375,0.0,0,0.05,0.32032885543174217
1658,-904.7999999999959,9.424999999999947,1696.5,0.0,0,0.05,0.3671510514906711
1659,-916.4999999999985,9.546874999999929,1718.4375,0.0,0,0.05,0.32386587950038825
1660,-897.8999999999982,9.353124999999912,1683.5625,0.0,0,0.05,0.3490513649562167
1661,-919.1999999999979,9.574999999999932,1723.5,0.0,0,0.05,0.3756651422319313
1662,-892.199999999997,9.29374999999994,1672.875,0.0,0,0.05,0.3246696372801024
1663,-936.5999999999975,9.756249999999952,1756.125,0.0,0,0.05,0.32616501583510804
1664,-872.0999999999958,9.084374999999936,1635.1875,0.0,0,0.05,0.33315228557524584
1665,-933.2999999999996,9.721874999999946,1749.9375,0.0,0,0.05,0.3151904449280765
1666,-900.2999999999986,9.378124999999919,1688.0625,0.0,0,0.05,0.3498737940461271
1667,-902.3999999999984,9.399999999999917,1692.0,0.0,0,0.05,0.3342629994964227
1668,-893.6999999999991,9.30937499999991,1675.6875,0.0,0,0.05,0.330498762594329
1669,-903.2999999999963,9.409374999999942,1693.6875,0.0,0,0.05,0.3291582682273454
1670,-917.399999999998,9.556249999999935,1720.125,0.0,0,0.05,0.34515147434754506
1671,-910.4999999999978,9.484374999999934,1707.1875,0.0,0,0.05,0.32088293322982886
1672,-921.599999999999,9.599999999999927,1728.0,0.0,0,0.05,0.33543245230490965
1673,-871.7999999999988,9.08124999999992,1634.625,0.0,0,0.05,0.34415261471747527
1674,-878.3999999999984,9.149999999999926,1647.0,0.0,0,0.05,0.34444673366120293
1675,-922.4999999999975,9.60937499999994,1729.6875,0.0,0,0.05,0.34014138402417304
1676,-868.1999999999985,9.043749999999925,1627.875,0.0,0,0.05,0.3296874570401592
1677,-894.2999999999992,9.315624999999923,1676.8125,0.0,0,0.05,0.33053842802635497
1678,-920.3999999999978,9.587499999999924,1725.75,0.0,0,0.05,0.3258741923400925
1679,-897.2999999999978,9.346874999999935,1682.4375,0.0,0,0.05,0.33251851827113166
1680,-926.0999999999975,9.646874999999945,1736.4375,0.0,0,0.05,0.31817309730168847
1681,-942.0000000000008,9.812499999999932,1766.25,0.0,0,0.05,0.31187877911660405
1682,-878.9999999999958,9.156249999999947,1648.125,0.0,0,0.05,0.3304393163985676
1683,-906.299999999999,9.440624999999923,1699.3125,0.0,0,0.05,0.31150902420178883
1684,-873.5999999999982,9.099999999999918,1638.0,0.0,0,0.05,0.331988672260195
1685,-908.9999999999987,9.468749999999925,1704.375,0.0,0,0.05,0.32061441196387425
1686,-913.4999999999982,9.515624999999954,1712.8125,0.0,0,0.05,0.3372454803540475
1687,-922.4999999999969,9.609374999999941,1729.6875,0.0,0,0.05,0.321393811604422
1688,-916.1999999999978,9.543749999999957,1717.875,0.0,0,0.05,0.3037313838670444
1689,-929.0999999999998,9.678124999999945,1742.0625,0.0,0,0.05,0.32089517624634833
1690,-905.9999999999962,9.437499999999929,1698.75,0.0,0,0.05,0.3305019361743083
1691,-893.6999999999979,9.309374999999923,1675.6875,0.0,0,0.05,0.31257985457777976
1692,-903.5999999999983,9.412499999999921,1694.25,0.0,0,0.05,0.3141222418027206
1693,-920.9999999999969,9.593749999999938,1726.875,0.0,0,0.05,0.3236832225746993
1694,-908.9999999999975,9.468749999999936,1704.375,0.0,0,0.05,0.3546989153760175
1695,-899.3999999999982,9.36874999999992,1686.375,0.0,0,0.05,0.2950253119226545
1696,-892.7999999999964,9.299999999999912,1674.0,0.0,0,0.05,0.32989288139570916
1697,-911.399999999998,9.493749999999938,1708.875,0.0,0,0.05,0.3400630657457643
1698,-871.4999999999981,9.078124999999924,1634.0625,0.0,0,0.05,0.34269689687320753
1699,-893.3999999999982,9.306249999999917,1675.125,0.0,0,0.05,0.35568770569645697
1700,-908.6999999999991,9.465624999999932,1703.8125,0.0,0,0.05,0.30584850397685337
1701,-892.1999999999966,9.293749999999939,1672.875,0.0,0,0.05,0.32626093135525785
1702,-916.7999999999969,9.549999999999935,1719.0,0.0,0,0.05,0.33823761665779684
1703,-909.8999999999999,9.478124999999917,1706.0625,0.0,0,0.05,0.360018912392358
1704,-904.7999999999978,9.42499999999993,1696.5,0.0,0,0.05,0.31693441880763407
1705,-895.1999999999979,9.324999999999926,1678.5,0.0,0,0.05,0.33036299620548054
1706,-911.0999999999966,9.490624999999941,1708.3125,0.0,0,0.05,0.32994245622410545
1707,-912.899999999997,9.509374999999954,1711.6875,0.0,0,0.05,0.3354988849721849
1708,-879.2999999999986,9.15937499999992,1648.6875,0.0,0,0.05,0.3260504114752015
1709,-938.6999999999967,9.778124999999967,1760.0625,0.0,0,0.05,0.2966153248989334
1710,-904.1999999999979,9.41874999999994,1695.375,0.0,0,0.05,0.3169527994494678
1711,-884.0999999999962,9.20937499999994,1657.6875,0.0,0,0.05,0.3293594046961516
1712,-909.8999999999982,9.47812499999994,1706.0625,0.0,0,0.05,0.32527048976367545
1713,-906.2999999999989,9.440624999999928,1699.3125,0.0,0,0.05,0.3429675730928365
1714,-917.3999999999977,9.556249999999938,1720.125,0.0,0,0.05,0.320006945475729
1715,-959.6999999999965,9.996874999999958,1799.4375,0.0,0,0.05,0.32646008872220084
1716,-897.5999999999979,9.349999999999913,1683.0,0.0,0,0.05,0.3514328024246626
1717,-889.4999999999959,9.265624999999948,1667.8125,0.0,0,0.05,0.305852731420762
1718,-935.3999999999994,9.743749999999933,1753.875,0.0,0,0.05,0.3447490793290652
1719,-873.2999999999981,9.096874999999919,1637.4375,0.0,0,0.05,0.33681248527848057
1720,-925.4999999999961,9.640624999999954,1735.3125,0.0,0,0.05,0.3436756385852479
1721,-884.6999999999995,9.215624999999907,1658.8125,0.0,0,0.05,0.337989635579288
1722,-905.9999999999973,9.437499999999932,1698.75,0.0,0,0.05,0.31711760066553124
1723,-928.199999999997,9.66874999999995,1740.375,0.0,0,0.05,0.3355195758553843
1724,-901.7999999999969,9.393749999999926,1690.875,0.0,0,0.05,0.3304735217967795
1725,-947.9999999999975,9.87499999999996,1777.5,0.0,0,0.05,0.34057880300097165
1726,-923.6999999999978,9.621874999999957,1731.9375,0.0,0,0.05,0.3300504526951247
1727,-898.4999999999985,9.359374999999918,1684.6875,0.0,0,0.05,0.35400623809546233
1728,-892.7999999999988,9.299999999999901,1674.0,0.0,0,0.05,0.3614288931919469
1729,-924.8999999999975,9.634374999999954,1734.1875,0.0,0,0.05,0.34693541191000904
1730,-896.0999999999993,9.334374999999929,1680.1875,0.0,0,0.05,0.3487632360930244
1731,-923.999999999999,9.624999999999929,1732.5,0.0,0,0.05,0.33310105402746965
1732,-921.5999999999979,9.599999999999952,1728.0,0.0,0,0.05,0.36067812140099703
1733,-872.399999999999,9.087499999999924,1635.75,0.0,0,0.05,0.34299755012099115
1734,-904.4999999999972,9.421874999999941,1695.9375,0.0,0,0.05,0.3275571707894819
1735,-908.3999999999967,9.462499999999958,1703.25,0.0,0,0.05,0.3715888487899469
1736,-934.1999999999961,9.731249999999935,1751.625,0.0,0,0.05,0.36335037959636085
1737,-929.3999999999963,9.681249999999968,1742.625,0.0,0,0.05,0.33847892254384027
1738,-942.8999999999992,9.821874999999938,1767.9375,0.0,0,0.05,0.31831923683898317
1739,-900.8999999999988,9.384374999999935,1689.1875,0.0,0,0.05,0.36677206110519667
1740,-873.599999999999,9.09999999999992,1638.0,0.0,0,0.05,0.3271877069440153
1741,-930.8999999999992,9.696874999999933,1745.4375,0.0,0,0.05,0.3474818652909663
1742,-919.7999999999976,9.581249999999928,1724.625,0.0,0,0.05,0.34936621117198635
1743,-893.0999999999979,9.303124999999945,1674.5625,0.0,0,0.05,0.3287556607845343
1744,-940.8000000000005,9.799999999999931,1764.0,0.0,0,0.05,0.3331422949106329
1745,-937.1999999999981,9.762499999999925,1757.25,0.0,0,0.05,0.34482682169828976
1746,-868.4999999999986,9.046874999999922,1628.4375,0.0,0,0.05,0.34582349669395224
1747,-859.1999999999987,8.949999999999914,1611.0,0.0,0,0.05,0.36219243868254125
1748,-901.1999999999979,9.387499999999934,1689.75,0.0,0,0.05,0.3399758080020547
1749,-904.7999999999967,9.424999999999958,1696.5,0.0,0,0.05,0.3525424098699457
1750,-899.3999999999947,9.368749999999922,1686.375,0.0,0,0.05,0.32661098609161043
1751,-906.8999999999987,9.446874999999913,1700.4375,0.0,0,0.05,0.33321471073561243
1752,-894.2999999999982,9.315624999999944,1676.8125,0.0,0,0.05,0.3073544230415589
1753,-857.0999999999989,8.928124999999923,1607.0625,0.0,0,0.05,0.3455065600211836
1754,-944.0999999999984,9.83437499999996,1770.1875,0.0,0,0.05,0.34763780526506405
1755,-924.2999999999977,9.62812499999996,1733.0625,0.0,0,0.05,0.33325995580396717
1756,-896.6999999999978,9.3406249999999,1681.3125,0.0,0,0.05,0.3433110790844593
1757,-930.2999999999971,9.69062499999996,1744.3125,0.0,0,0.05,0.3296820482239127
1758,-911.0999999999979,9.490624999999921,1708.3125,0.0,0,0.05,0.332845767483943
1759,-935.0999999999971,9.740624999999918,1753.3125,0.0,0,0.05,0.3694717919195278
1760,-893.699999999998,9.30937499999993,1675.6875,0.0,0,0.05,0.3296964057203796
1761,-890.3999999999976,9.27499999999994,1669.5,0.0,0,0.05,0.35496337173196174
1762,-927.6000000000004,9.662499999999937,1739.25,0.0,0,0.05,0.3539070189361357
1763,-906.5999999999987,9.443749999999937,1699.875,0.0,0,0.05,0.3360704038085209
1764,-923.999999999997,9.624999999999936,1732.5,0.0,0,0.05,0.3033124138290683
1765,-884.0999999999985,9.209374999999923,1657.6875,0.0,0,0.05,0.34733635809065566
1766,-884.3999999999979,9.212499999999904,1658.25,0.0,0,0.05,0.330672364262864
1767,-927.5999999999968,9.662499999999959,1739.25,0.0,0,0.05,0.3347197543622719
1768,-897.9000000000004,9.353124999999931,1683.5625,0.0,0,0.05,0.3512731356649763
1769,-909.2999999999975,9.471874999999947,1704.9375,0.0,0,0.05,0.32902523123969635
1770,-913.7999999999976,9.518749999999942,1713.375,0.0,0,0.05,0.3305220647766772
1771,-895.499999999998,9.32812499999993,1679.0625,0.0,0,0.05,0.36003412957717146
1772,-890.0999999999966,9.27187499999992,1668.9375,0.0,0,0.05,0.3066751786869847
1773,-918.8999999999997,9.571874999999922,1722.9375,0.0,0,0.05,0.3254687128174636
1774,-897.2999999999987,9.346874999999937,1682.4375,0.0,0,0.05,0.3340876437620156
1775,-962.099999999997,10.021874999999973,1803.9375,0.0,0,0.05,0.32014439108574555
1776,-909.8999999999977,9.478124999999931,1706.0625,0.0,0,0.05,0.3458410491132074
1777,-912.8999999999969,9.509374999999961,1711.6875,0.0,0,0.05,0.3156131903020044
1778,-921.2999999999986,9.596874999999926,1727.4375,0.0,0,0.05,0.33334415969956255
1779,-896.9999999999987,9.34374999999992,1681.875,0.0,0,0.05,0.35182551468929485
1780,-928.4999999999982,9.67187499999993,1740.9375,0.0,0,0.05,0.3371484490318431
1781,-916.4999999999989,9.54687499999994,1718.4375,0.0,0,0.05,0.3339297685927401
1782,-923.999999999997,9.624999999999957,1732.5,0.0,0,0.05,0.3269868118533244
1783,-917.0999999999968,9.553124999999952,1719.5625,0.0,0,0.05,0.35162693672399553
1784,-915.5999999999976,9.537499999999973,1716.75,0.0,0,0.05,0.34492906391517153
1785,-900.5999999999976,9.381249999999937,1688.625,0.0,0,0.05,0.3366715469397604
1786,-918.2999999999973,9.565624999999937,1721.8125,0.0,0,0.05,0.3341277206885732
1787,-896.9999999999974,9.34374999999993,1681.875,0.0,0,0.05,0.3378372107270277
1788,-869.6999999999979,9.059374999999909,1630.6875,0.0,0,0.05,0.3264903236801426
1789,-921.5999999999975,9.599999999999952,1728.0,0.0,0,0.05,0.3724411679380056
1790,-937.1999999999986,9.762499999999946,1757.25,0.0,0,0.05,0.33200459878684746
1791,-891.8999999999972,9.29062499999994,1672.3125,0.0,0,0.05,0.3443960575128181
1792,-919.1999999999964,9.574999999999944,1723.5,0.0,0,0.05,0.3217625163702501
1793,-910.7999999999965,9.487499999999947,1707.75,0.0,0,0.05,0.32339936926857465
1794,-926.3999999999983,9.649999999999952,1737.0,0.0,0,0.05,0.3432808690652665
1795,-905.0999999999977,9.428124999999937,1697.0625,0.0,0,0.05,0.33676942537228266
1796,-930.5999999999984,9.69374999999993,1744.875,0.0,0,0.05,0.32447790454348757
1797,-877.4999999999984,9.14062499999994,1645.3125,0.0,0,0.05,0.3394267361973309
1798,-896.6999999999994,9.340624999999926,1681.3125,0.0,0,0.05,0.32157115259518226
1799,-919.1999999999977,9.574999999999946,1723.5,0.0,0,0.05,0.321874134718544
1800,-943.8000000000001,9.831249999999942,1769.625,0.0,0,0.05,0.3312208183678902
1801,-916.1999999999972,9.543749999999953,1717.875,0.0,0,0.05,0.33686009115642973
1802,-928.7999999999972,9.674999999999965,1741.5,0.0,0,0.05,0.3394917469575173
1803,-900.2999999999992,9.378124999999915,1688.0625,0.0,0,0.05,0.34289784140677915
1804,-937.7999999999978,9.768749999999965,1758.375,0.0,0,0.05,0.3482680715465297
1805,-892.199999999998,9.293749999999914,1672.875,0.0,0,0.05,0.3342524266956995
1806,-893.099999999997,9.303124999999946,1674.5625,0.0,0,0.05,0.31308490584294
1807,-923.9999999999969,9.624999999999957,1732.5,0.0,0,0.05,0.33650542279291484
1808,-892.1999999999975,9.29374999999995,1672.875,0.0,0,0.05,0.33886374197900293
1809,-916.7999999999972,9.549999999999944,1719.0,0.0,0,0.05,0.36717027644885497
1810,-861.5999999999988,8.974999999999916,1615.5,0.0,0,0.05,0.3322107535683446
1811,-923.9999999999991,9.624999999999954,1732.5,0.0,0,0.05,0.30296493899077176
1812,-870.8999999999978,9.071874999999908,1632.9375,0.0,0,0.05,0.35378912937206525
1813,-936.0000000000001,9.749999999999938,1755.0,0.0,0,0.05,0.3281117527021302
1814,-943.7999999999977,9.831249999999951,1769.625,0.0,0,0.05,0.31967497516113025
1815,-884.6999999999977,9.215624999999926,1658.8125,0.0,0,0.05,0.3283518107401
1816,-937.7999999999965,9.768749999999942,1758.375,0.0,0,0.05,0.3270272730047711
1817,-869.9999999999989,9.062499999999924,1631.25,0.0,0,0.05,0.34325948321881394
1818,-927.2999999999965,9.659374999999953,1738.6875,0.0,0,0.05,0.32322025838204554
1819,-884.3999999999979,9.212499999999922,1658.25,0.0,0,0.05,0.3165781690997796
1820,-920.6999999999985,9.590624999999948,1726.3125,0.0,0,0.05,0.316626295255911
1821,-903.5999999999977,9.412499999999957,1694.25,0.0,0,0.05,0.3243660179898143
1822,-899.3999999999984,9.368749999999917,1686.375,0.0,0,0.05,0.33377212703021036
1823,-923.3999999999963,9.61874999999996,1731.375,0.0,0,0.05,0.34705675951619114
1824,-896.3999999999994,9.33749999999993,1680.75,0.0,0,0.05,0.32616923917084933
1825,-873.2999999999989,9.096874999999919,1637.4375,0.0,0,0.05,0.35038754972111846
1826,-880.7999999999978,9.174999999999919,1651.5,0.0,0,0.05,0.3454367530480441
1827,-868.4999999999967,9.046874999999934,1628.4375,0.0,0,0.05,0.3207583356338243
1828,-904.199999999997,9.418749999999932,1695.375,0.0,0,0.05,0.31172186170911625
1829,-921.2999999999972,9.596874999999962,1727.4375,0.0,0,0.05,0.3240284678526223
1830,-922.7999999999976,9.612499999999953,1730.25,0.0,0,0.05,0.32619388647791414
1831,-875.0999999999985,9.115624999999909,1640.8125,0.0,0,0.05,0.3282265480969929
1832,-893.0999999999987,9.303124999999936,1674.5625,0.0,0,0.05,0.32356775760029755
1833,-912.5999999999998,9.506249999999927,1711.125,0.0,0,0.05,0.3447531646479749
1834,-901.4999999999961,9.390624999999941,1690.3125,0.0,0,0.05,0.3245382703271591
1835,-921.8999999999963,9.603124999999983,1728.5625,0.0,0,0.05,0.34499285586902667
1836,-895.4999999999964,9.32812499999994,1679.0625,0.0,0,0.05,0.3245918197143409
1837,-854.9999999999985,8.906249999999917,1603.125,0.0,0,0.05,0.3316845019606666
1838,-943.7999999999977,9.831249999999935,1769.625,0.0,0,0.05,0.3183001096412126
1839,-911.3999999999979,9.493749999999949,1708.875,0.0,0,0.05,0.32663455788149603
1840,-897.2999999999954,9.34687499999993,1682.4375,0.0,0,0.05,0.30019689532410765
1841,-933.599999999998,9.724999999999932,1750.5,0.0,0,0.05,0.3109542491457736
1842,-912.8999999999991,9.50937499999993,1711.6875,0.0,0,0.05,0.33200567681342363
1843,-919.1999999999979,9.574999999999944,1723.5,0.0,0,0.05,0.33030329045011764
1844,-904.4999999999962,9.421874999999947,1695.9375,0.0,0,0.05,0.3198218133610984
1845,-925.1999999999971,9.637499999999955,1734.75,0.0,0,0.05,0.3514964327526589
1846,-928.799999999999,9.674999999999944,1741.5,0.0,0,0.05,0.343808757327497
1847,-912.2999999999968,9.503124999999946,1710.5625,0.0,0,0.05,0.3494428653735667
1848,-933.2999999999984,9.72187499999996,1749.9375,0.0,0,0.05,0.3260708207781944
1849,-902.6999999999994,9.403124999999928,1692.5625,0.0,0,0.05,0.3372516201550348
1850,-886.7999999999975,9.237499999999953,1662.75,0.0,0,0.05,0.34508161074999305
1851,-915.5999999999982,9.537499999999934,1716.75,0.0,0,0.05,0.32021001637654584
1852,-893.0999999999992,9.30312499999993,1674.5625,0.0,0,0.05,0.34993971085900233
1853,-894.2999999999977,9.31562499999991,1676.8125,0.0,0,0.05,0.3363232664945018
1854,-910.7999999999962,9.487499999999928,1707.75,0.0,0,0.05,0.3196007675284313
1855,-872.0999999999999,9.084374999999895,1635.1875,0.0,0,0.05,0.3520345851830724
1856,-903.5999999999957,9.412499999999921,1694.25,0.0,0,0.05,0.3335612424287117
1857,-895.1999999999987,9.324999999999921,1678.5,0.0,0,0.05,0.33431941704410645
1858,-910.7999999999979,9.487499999999951,1707.75,0.0,0,0.05,0.3333238362101838
1859,-904.1999999999978,9.418749999999944,1695.375,0.0,0,0.05,0.31918277904753467
1860,-919.499999999997,9.578124999999947,1724.0625,0.0,0,0.05,0.331300351013326
1861,-913.7999999999986,9.518749999999937,1713.375,0.0,0,0.05,0.3449559130395452
1862,-922.7999999999981,9.61249999999994,1730.25,0.0,0,0.05,0.3336907521821558
1863,-922.1999999999975,9.606249999999932,1729.125,0.0,0,0.05,0.31644000800636907
1864,-912.2999999999965,9.503124999999963,1710.5625,0.0,0,0.05,0.3265835402248841
1865,-896.399999999995,9.337499999999906,1680.75,0.0,0,0.05,0.34061971047582723
1866,-923.0999999999977,9.615624999999921,1730.8125,0.0,0,0.05,0.319509415820034
1867,-911.3999999999967,9.49374999999995,1708.875,0.0,0,0.05,0.3194287510433545
1868,-898.7999999999986,9.362499999999926,1685.25,0.0,0,0.05,0.3497732178747861
1869,-884.0999999999987,9.209374999999909,1657.6875,0.0,0,0.05,0.3392467040077059
1870,-893.0999999999976,9.303124999999955,1674.5625,0.0,0,0.05,0.3434581250624938
1871,-926.0999999999973,9.646874999999955,1736.4375,0.0,0,0.05,0.3356037294285165
1872,-886.4999999999967,9.234374999999929,1662.1875,0.0,0,0.05,0.29872230817563833
1873,-923.9999999999966,9.624999999999972,1732.5,0.0,0,0.05,0.3433088731745051
1874,-899.6999999999969,9.371874999999942,1686.9375,0.0,0,0.05,0.35461528112904894
1875,-919.799999999998,9.581249999999919,1724.625,0.0,0,0.05,0.3311027506262892
1876,-908.6999999999974,9.46562499999994,1703.8125,0.0,0,0.05,0.33539550350461567
1877,-901.4999999999989,9.390624999999938,1690.3125,0.0,0,0.05,0.3365462445343534
1878,-918.5999999999956,9.56874999999998,1722.375,0.0,0,0.05,0.3261164196715173
1879,-905.6999999999974,9.43437499999995,1698.1875,0.0,0,0.05,0.3586741623416957
1880,-931.7999999999984,9.706249999999931,1747.125,0.0,0,0.05,0.34176962560870583
1881,-917.0999999999989,9.553124999999946,1719.5625,0.0,0,0.05,0.3503705957904458
1882,-882.8999999999972,9.196874999999936,1655.4375,0.0,0,0.05,0.3289075260257555
1883,-892.7999999999972,9.29999999999993,1674.0,0.0,0,0.05,0.34069809754275615
1884,-898.7999999999986,9.362499999999939,1685.25,0.0,0,0.05,0.3372990366174943
1885,-890.3999999999965,9.274999999999926,1669.5,0.0,0,0.05,0.3271716958041199
1886,-877.4999999999981,9.140624999999925,1645.3125,0.0,0,0.05,0.33592005387052065
1887,-902.6999999999967,9.403124999999937,1692.5625,0.0,0,0.05,0.35914506152686143
1888,-926.4000000000017,9.649999999999924,1737.0,0.0,0,0.05,0.33077917633992104
1889,-948.2999999999975,9.878124999999942,1778.0625,0.0,0,0.05,0.33703483585268257
1890,-881.9999999999964,9.187499999999943,1653.75,0.0,0,0.05,0.33934625670210355
1891,-912.899999999997,9.50937499999995,1711.6875,0.0,0,0.05,0.33544319637844133
1892,-874.1999999999985,9.106249999999925,1639.125,0.0,0,0.05,0.32234470455700326
1893,-888.8999999999975,9.259374999999926,1666.6875,0.0,0,0.05,0.34568494378796055
1894,-928.7999999999984,9.674999999999947,1741.5,0.0,0,0.05,0.33099453886970875
1895,-885.8999999999953,9.22812499999993,1661.0625,0.0,0,0.05,0.33144008904798994
1896,-908.6999999999992,9.46562499999993,1703.8125,0.0,0,0.05,0.34647077232495777
1897,-895.7999999999976,9.331249999999939,1679.625,0.0,0,0.05,0.3134208438141892
1898,-940.199999999996,9.793749999999976,1762.875,0.0,0,0.05,0.33119677342474463
1899,-904.7999999999963,9.42499999999995,1696.5,0.0,0,0.05,0.3233523654208208
1900,-915.8999999999996,9.540624999999931,1717.3125,0.0,0,0.05,0.3299620679890116
1901,-910.4999999999964,9.484374999999963,1707.1875,0.0,0,0.05,0.3287334556484388
1902,-877.4999999999989,9.140624999999918,1645.3125,0.0,0,0.05,0.3302755119641208
1903,-901.499999999999,9.390624999999917,1690.3125,0.0,0,0.05,0.3255131842309816
1904,-919.1999999999981,9.57499999999996,1723.5,0.0,0,0.05,0.33113645477634335
1905,-891.8999999999987,9.290624999999917,1672.3125,0.0,0,0.05,0.31813516336389713
1906,-917.9999999999973,9.562499999999941,1721.25,0.0,0,0.05,0.32067709024478164
1907,-890.9999999999969,9.281249999999917,1670.625,0.0,0,0.05,0.320812934745724
1908,-931.1999999999961,9.699999999999951,1746.0,0.0,0,0.05,0.3496267567492194
1909,-895.4999999999986,9.328124999999924,1679.0625,0.0,0,0.05,0.29216450392009896
1910,-890.9999999999985,9.281249999999929,1670.625,0.0,0,0.05,0.3178899976476613
1911,-897.2999999999977,9.346874999999942,1682.4375,0.0,0,0.05,0.3404273457463003
1912,-910.7999999999987,9.487499999999915,1707.75,0.0,0,0.05,0.33033954052565
1913,-913.2,9.512499999999914,1712.25,0.0,0,0.05,0.30036602655632627
1914,-899.0999999999989,9.365624999999927,1685.8125,0.0,0,0.05,0.3016581757977191
1915,-928.4999999999972,9.671874999999952,1740.9375,0.0,0,0.05,0.3205823390641146
1916,-901.1999999999978,9.387499999999955,1689.75,0.0,0,0.05,0.3628066713921726
1917,-881.6999999999957,9.184374999999939,1653.1875,0.0,0,0.05,0.31336795058256633
1918,-919.4999999999983,9.57812499999995,1724.0625,0.0,0,0.05,0.34121186515937246
1919,-914.699999999998,9.52812499999994,1715.0625,0.0,0,0.05,0.3072673114275353
1920,-893.399999999999,9.306249999999926,1675.125,0.0,0,0.05,0.3377347013654394
1921,-905.399999999997,9.43124999999994,1697.625,0.0,0,0.05,0.33374752808465724
1922,-897.299999999998,9.346874999999923,1682.4375,0.0,0,0.05,0.32502843680170673
1923,-910.499999999997,9.484374999999945,1707.1875,0.0,0,0.05,0.34462075305895673
1924,-888.599999999997,9.25624999999991,1666.125,0.0,0,0.05,0.3231109531078902
1925,-923.6999999999989,9.621874999999926,1731.9375,0.0,0,0.05,0.32513529483953285
1926,-906.5999999999967,9.443749999999934,1699.875,0.0,0,0.05,0.3159906534633289
1927,-925.1999999999963,9.63749999999996,1734.75,0.0,0,0.05,0.33848324686599274
1928,-937.1999999999985,9.76249999999994,1757.25,0.0,0,0.05,0.3248778484761715
1929,-908.3999999999965,9.462499999999928,1703.25,0.0,0,0.05,0.31696554977032876
1930,-884.9999999999993,9.218749999999943,1659.375,0.0,0,0.05,0.3144211863115844
1931,-909.8999999999991,9.478124999999936,1706.0625,0.0,0,0.05,0.3504088473454532
1932,-927.8999999999978,9.665624999999938,1739.8125,0.0,0,0.05,0.32682882042394745
1933,-862.7999999999982,8.987499999999914,1617.75,0.0,0,0.05,0.3286782284267247
1934,-921.2999999999967,9.596874999999946,1727.4375,0.0,0,0.05,0.3421298119084289
1935,-899.9999999999992,9.374999999999927,1687.5,0.0,0,0.05,0.3287616769576238
1936,-904.4999999999966,9.42187499999995,1695.9375,0.0,0,0.05,0.3387251662245641
1937,-901.7999999999984,9.393749999999928,1690.875,0.0,0,0.05,0.31972760680235096
1938,-871.8000000000002,9.081249999999939,1634.625,0.0,0,0.05,0.33570978856749006
1939,-915.8999999999979,9.540624999999935,1717.3125,0.0,0,0.05,0.33189203542036316
1940,-907.7999999999979,9.456249999999942,1702.125,0.0,0,0.05,0.3408411742032816
1941,-903.8999999999974,9.415624999999938,1694.8125,0.0,0,0.05,0.33970736919695305
1942,-892.4999999999965,9.296874999999938,1673.4375,0.0,0,0.05,0.31509902351535857
1943,-901.7999999999985,9.393749999999915,1690.875,0.0,0,0.05,0.3577601070722772
1944,-948.5999999999959,9.88124999999997,1778.625,0.0,0,0.05,0.3343491474166512
1945,-927.2999999999987,9.659374999999939,1738.6875,0.0,0,0.05,0.3225293502366791
1946,-920.3999999999994,9.587499999999908,1725.75,0.0,0,0.05,0.3404898108707534
1947,-902.9999999999981,9.40624999999992,1693.125,0.0,0,0.05,0.32706079656879106
1948,-875.6999999999973,9.121874999999921,1641.9375,0.0,0,0.05,0.33371351871949934
1949,-898.5000000000001,9.359374999999927,1684.6875,0.0,0,0.05,0.3496079191668994
1950,-906.2999999999977,9.440624999999919,1699.3125,0.0,0,0.05,0.3239565146750667
1951,-899.6999999999982,9.37187499999993,1686.9375,0.0,0,0.05,0.32953310287816245
1952,-911.0999999999974,9.490624999999941,1708.3125,0.0,0,0.05,0.3431952662559019
1953,-912.2999999999977,9.50312499999995,1710.5625,0.0,0,0.05,0.33838466559536756
1954,-927.5999999999976,9.662499999999945,1739.25,0.0,0,0.05,0.35215477511907617
1955,-892.799999999997,9.299999999999946,1674.0,0.0,0,0.05,0.31215393929742274
1956,-918.599999999999,9.568749999999936,1722.375,0.0,0,0.05,0.30619242867040963
1957,-911.0999999999973,9.490624999999943,1708.3125,0.0,0,0.05,0.3238104124372411
1958,-932.6999999999979,9.715624999999973,1748.8125,0.0,0,0.05,0.3053519931026838
1959,-873.899999999996,9.103124999999935,1638.5625,0.0,0,0.05,0.355654698677568
1960,-897.5999999999981,9.349999999999936,1683.0,0.0,0,0.05,0.3064723796883805
1961,-896.3999999999971,9.337499999999936,1680.75,0.0,0,0.05,0.331072664889507
1962,-904.7999999999976,9.424999999999942,1696.5,0.0,0,0.05,0.3332764161259143
1963,-904.7999999999969,9.424999999999939,1696.5,0.0,0,0.05,0.35503316798971757
1964,-895.4999999999977,9.328124999999938,1679.0625,0.0,0,0.05,0.3363422210535241
1965,-909.2999999999972,9.471874999999944,1704.9375,0.0,0,0.05,0.3126989223425173
1966,-884.6999999999986,9.21562499999994,1658.8125,0.0,0,0.05,0.3535636687082135
1967,-907.7999999999992,9.456249999999942,1702.125,0.0,0,0.05,0.3228094607074228
1968,-900.899999999998,9.384374999999926,1689.1875,0.0,0,0.05,0.323957424176236
1969,-905.9999999999966,9.437499999999936,1698.75,0.0,0,0.05,0.31850908547639845
1970,-896.3999999999972,9.33749999999992,1680.75,0.0,0,0.05,0.31215070041620896
1971,-888.2999999999986,9.253124999999905,1665.5625,0.0,0,0.05,0.35730125051923095
1972,-919.4999999999998,9.578124999999902,1724.0625,0.0,0,0.05,0.33386010412747663
1973,-890.0999999999982,9.271874999999936,1668.9375,0.0,0,0.05,0.3299580992406441
1974,-889.1999999999977,9.262499999999923,1667.25,0.0,0,0.05,0.33511647982522846
1975,-909.8999999999975,9.478124999999938,1706.0625,0.0,0,0.05,0.3186829930637032
1976,-913.2000000000007,9.512499999999914,1712.25,0.0,0,0.05,0.33350670935793053
1977,-892.1999999999991,9.293749999999926,1672.875,0.0,0,0.05,0.30345798786988276
1978,-889.799999999997,9.268749999999942,1668.375,0.0,0,0.05,0.34054211270478035
1979,-899.999999999997,9.374999999999929,1687.5,0.0,0,0.05,0.28596203140397036
1980,-896.9999999999977,9.343749999999943,1681.875,0.0,0,0.05,0.32178010772913695
1981,-900.5999999999949,9.381249999999937,1688.625,0.0,0,0.05,0.32509368618225887
1982,-934.7999999999965,9.737499999999953,1752.75,0.0,0,0.05,0.3216071352362633
1983,-878.0999999999974,9.146874999999927,1646.4375,0.0,0,0.05,0.33082169806067313
1984,-900.2999999999981,9.378124999999962,1688.0625,0.0,0,0.05,0.33500750846126015
1985,-924.5999999999989,9.631249999999945,1733.625,0.0,0,0.05,0.32071776633513055
1986,-928.5000000000005,9.671874999999938,1740.9375,0.0,0,0.05,0.3364129453380075
1987,-879.3,9.159374999999901,1648.6875,0.0,0,0.05,0.3557900524336017
1988,-921.2999999999982,9.596874999999951,1727.4375,0.0,0,0.05,0.30965436523159345
1989,-911.0999999999979,9.490624999999932,1708.3125,0.0,0,0.05,0.3263590693835997
1990,-913.7999999999977,9.518749999999919,1713.375,0.0,0,0.05,0.3400013440185123
1991,-887.0999999999979,9.24062499999993,1663.3125,0.0,0,0.05,0.34526653997600076
1992,-893.6999999999974,9.309374999999942,1675.6875,0.0,0,0.05,0.30066895311077435
1993,-912.2999999999978,9.503124999999953,1710.5625,0.0,0,0.05,0.33606791135648056
1994,-890.3999999999968,9.27499999999993,1669.5,0.0,0,0.05,0.33860860942449006
1995,-896.0999999999964,9.334374999999945,1680.1875,0.0,0,0.05,0.3412930140220043
1996,-942.5999999999975,9.818749999999936,1767.375,0.0,0,0.05,0.3046950373902089
1997,-902.999999999996,9.406249999999948,1693.125,0.0,0,0.05,0.35777405527316863
1998,-897.8999999999982,9.353124999999931,1683.5625,0.0,0,0.05,0.317921635746542
1999,-896.3999999999977,9.337499999999958,1680.75,0.0,0,0.05,0.3404325145451973
2000,-913.1999999999975,9.512499999999944,1712.25,0.0,0,0.05,0.33993250412038634
